INFO 2024-11-05 22:31:54,692 autoreload Watching for file changes with StatReloader
DEBUG 2024-11-05 22:31:54,701 autoreload Waiting for apps ready_event.
DEBUG 2024-11-05 22:31:54,709 autoreload Apps ready_event triggered. Sending autoreload_started signal.
DEBUG 2024-11-05 22:31:54,749 autoreload Watching dir C:\Users\asus\Documents\GitHub\Skillwill-Repository\myproject\locale with glob **/*.mo.
DEBUG 2024-11-05 22:31:54,830 utils (0.000) 
            SELECT name, type FROM sqlite_master
            WHERE type in ('table', 'view') AND NOT name='sqlite_sequence'
            ORDER BY name; args=None; alias=default
DEBUG 2024-11-05 22:31:54,879 autoreload File C:\Users\asus\Documents\GitHub\Skillwill-Repository\venv\Lib\site-packages\django\utils\translation\trans_real.py first seen with mtime 1730831502.9060154
DEBUG 2024-11-05 22:31:54,887 autoreload File C:\Users\asus\Documents\GitHub\Skillwill-Repository\venv\Lib\site-packages\django\contrib\auth\views.py first seen with mtime 1730831501.3192935
DEBUG 2024-11-05 22:31:54,887 autoreload File C:\Users\asus\Documents\GitHub\Skillwill-Repository\venv\Lib\site-packages\django\db\models\functions\__init__.py first seen with mtime 1730831502.7755375
DEBUG 2024-11-05 22:31:54,887 autoreload File C:\Users\asus\Documents\GitHub\Skillwill-Repository\venv\Lib\site-packages\django\core\checks\messages.py first seen with mtime 1730831502.6693428
DEBUG 2024-11-05 22:31:54,887 autoreload File C:\Users\asus\AppData\Local\Programs\Python\Python312\Lib\opcode.py first seen with mtime 1727741020.0
DEBUG 2024-11-05 22:31:54,887 autoreload File C:\Users\asus\Documents\GitHub\Skillwill-Repository\venv\Lib\site-packages\django\views\static.py first seen with mtime 1730831502.9060154
DEBUG 2024-11-05 22:31:54,887 autoreload File C:\Users\asus\Documents\GitHub\Skillwill-Repository\venv\Lib\site-packages\django\utils\hashable.py first seen with mtime 1730831502.8898306
DEBUG 2024-11-05 22:31:54,887 autoreload File C:\Users\asus\AppData\Local\Programs\Python\Python312\Lib\email\utils.py first seen with mtime 1727741020.0
DEBUG 2024-11-05 22:31:54,887 autoreload File C:\Users\asus\AppData\Local\Programs\Python\Python312\DLLs\_socket.pyd first seen with mtime 1727741072.0
DEBUG 2024-11-05 22:31:54,887 autoreload File C:\Users\asus\AppData\Local\Programs\Python\Python312\Lib\_compat_pickle.py first seen with mtime 1727741020.0
DEBUG 2024-11-05 22:31:54,887 autoreload File C:\Users\asus\Documents\GitHub\Skillwill-Repository\venv\Lib\site-packages\django\contrib\admin\models.py first seen with mtime 1730831500.9832053
DEBUG 2024-11-05 22:31:54,887 autoreload File C:\Users\asus\AppData\Local\Programs\Python\Python312\Lib\ctypes\_endian.py first seen with mtime 1727741020.0
DEBUG 2024-11-05 22:31:54,887 autoreload File C:\Users\asus\Documents\GitHub\Skillwill-Repository\venv\Lib\site-packages\django\contrib\sessions\middleware.py first seen with mtime 1730831502.317336
DEBUG 2024-11-05 22:31:54,887 autoreload File C:\Users\asus\Documents\GitHub\Skillwill-Repository\venv\Lib\site-packages\django\views\decorators\csrf.py first seen with mtime 1730831502.9142425
DEBUG 2024-11-05 22:31:54,887 autoreload File C:\Users\asus\Documents\GitHub\Skillwill-Repository\venv\Lib\site-packages\django\views\decorators\__init__.py first seen with mtime 1730831502.9060154
DEBUG 2024-11-05 22:31:54,887 autoreload File C:\Users\asus\Documents\GitHub\Skillwill-Repository\venv\Lib\site-packages\django\contrib\staticfiles\management\__init__.py first seen with mtime 1730831502.661079
DEBUG 2024-11-05 22:31:54,887 autoreload File C:\Users\asus\Documents\GitHub\Skillwill-Repository\venv\Lib\site-packages\django\db\models\fields\related_descriptors.py first seen with mtime 1730831502.7755375
DEBUG 2024-11-05 22:31:54,887 autoreload File C:\Users\asus\AppData\Local\Programs\Python\Python312\Lib\email\mime\text.py first seen with mtime 1727741020.0
DEBUG 2024-11-05 22:31:54,887 autoreload File C:\Users\asus\Documents\GitHub\Skillwill-Repository\venv\Lib\site-packages\django\contrib\staticfiles\utils.py first seen with mtime 1730831502.6529233
DEBUG 2024-11-05 22:31:54,895 autoreload File C:\Users\asus\AppData\Local\Programs\Python\Python312\Lib\asyncio\base_events.py first seen with mtime 1727741020.0
DEBUG 2024-11-05 22:31:54,895 autoreload File C:\Users\asus\AppData\Local\Programs\Python\Python312\Lib\asyncio\selector_events.py first seen with mtime 1727741020.0
DEBUG 2024-11-05 22:31:54,895 autoreload File C:\Users\asus\Documents\GitHub\Skillwill-Repository\venv\Lib\site-packages\django\contrib\sites\__init__.py first seen with mtime 1730831502.505714
DEBUG 2024-11-05 22:31:54,898 autoreload File C:\Users\asus\AppData\Local\Programs\Python\Python312\Lib\uuid.py first seen with mtime 1727741020.0
DEBUG 2024-11-05 22:31:54,898 autoreload File C:\Users\asus\Documents\GitHub\Skillwill-Repository\venv\Lib\site-packages\django\utils\duration.py first seen with mtime 1730831502.8816814
DEBUG 2024-11-05 22:31:54,898 autoreload File C:\Users\asus\Documents\GitHub\Skillwill-Repository\venv\Lib\site-packages\django\core\checks\compatibility\django_4_0.py first seen with mtime 1730831502.6773446
DEBUG 2024-11-05 22:31:54,898 autoreload File C:\Users\asus\Documents\GitHub\Skillwill-Repository\venv\Lib\site-packages\django\forms\forms.py first seen with mtime 1730831502.7918208
DEBUG 2024-11-05 22:31:54,898 autoreload File C:\Users\asus\AppData\Local\Programs\Python\Python312\Lib\email\header.py first seen with mtime 1727741020.0
DEBUG 2024-11-05 22:31:54,898 autoreload File C:\Users\asus\Documents\GitHub\Skillwill-Repository\venv\Lib\site-packages\django\core\handlers\wsgi.py first seen with mtime 1730831502.685556
DEBUG 2024-11-05 22:31:54,898 autoreload File C:\Users\asus\Documents\GitHub\Skillwill-Repository\venv\Lib\site-packages\django\template\context.py first seen with mtime 1730831502.8510563
DEBUG 2024-11-05 22:31:54,898 autoreload File C:\Users\asus\AppData\Local\Programs\Python\Python312\Lib\asyncio\futures.py first seen with mtime 1727741020.0
DEBUG 2024-11-05 22:31:54,904 autoreload File C:\Users\asus\Documents\GitHub\Skillwill-Repository\venv\Lib\site-packages\django\contrib\auth\tokens.py first seen with mtime 1730831501.316571
DEBUG 2024-11-05 22:31:54,904 autoreload File C:\Users\asus\AppData\Local\Programs\Python\Python312\Lib\zoneinfo\_tzpath.py first seen with mtime 1727741020.0
DEBUG 2024-11-05 22:31:54,904 autoreload File C:\Users\asus\Documents\GitHub\Skillwill-Repository\venv\Lib\site-packages\sqlparse\filters\aligned_indent.py first seen with mtime 1730831500.7046127
DEBUG 2024-11-05 22:31:54,904 autoreload File C:\Users\asus\Documents\GitHub\Skillwill-Repository\venv\Lib\site-packages\django\forms\__init__.py first seen with mtime 1730831502.7918208
DEBUG 2024-11-05 22:31:54,904 autoreload File C:\Users\asus\AppData\Local\Programs\Python\Python312\Lib\typing.py first seen with mtime 1727741020.0
DEBUG 2024-11-05 22:31:54,904 autoreload File C:\Users\asus\AppData\Local\Programs\Python\Python312\Lib\email\headerregistry.py first seen with mtime 1727741020.0
DEBUG 2024-11-05 22:31:54,904 autoreload File C:\Users\asus\Documents\GitHub\Skillwill-Repository\venv\Lib\site-packages\django\contrib\staticfiles\handlers.py first seen with mtime 1730831502.6529233
DEBUG 2024-11-05 22:31:54,904 autoreload File C:\Users\asus\Documents\GitHub\Skillwill-Repository\venv\Lib\site-packages\django\apps\__init__.py first seen with mtime 1730831500.84398
DEBUG 2024-11-05 22:31:54,904 autoreload File C:\Users\asus\AppData\Local\Programs\Python\Python312\Lib\bz2.py first seen with mtime 1727741020.0
DEBUG 2024-11-05 22:31:54,904 autoreload File C:\Users\asus\Documents\GitHub\Skillwill-Repository\venv\Lib\site-packages\django\utils\decorators.py first seen with mtime 1730831502.8816814
DEBUG 2024-11-05 22:31:54,904 autoreload File C:\Users\asus\AppData\Local\Programs\Python\Python312\Lib\email\charset.py first seen with mtime 1727741020.0
DEBUG 2024-11-05 22:31:54,904 autoreload File C:\Users\asus\Documents\GitHub\Skillwill-Repository\venv\Lib\site-packages\django\db\models\signals.py first seen with mtime 1730831502.7675388
DEBUG 2024-11-05 22:31:54,904 autoreload File C:\Users\asus\AppData\Local\Programs\Python\Python312\Lib\linecache.py first seen with mtime 1727741020.0
DEBUG 2024-11-05 22:31:54,904 autoreload File C:\Users\asus\Documents\GitHub\Skillwill-Repository\venv\Lib\site-packages\django\utils\translation\reloader.py first seen with mtime 1730831502.9060154
DEBUG 2024-11-05 22:31:54,912 autoreload File C:\Users\asus\AppData\Local\Programs\Python\Python312\Lib\zoneinfo\_common.py first seen with mtime 1727741020.0
DEBUG 2024-11-05 22:31:54,912 autoreload File C:\Users\asus\Documents\GitHub\Skillwill-Repository\venv\Lib\site-packages\django\utils\html.py first seen with mtime 1730831502.8898306
DEBUG 2024-11-05 22:31:54,912 autoreload File C:\Users\asus\Documents\GitHub\Skillwill-Repository\venv\Lib\site-packages\django\core\checks\urls.py first seen with mtime 1730831502.6773446
DEBUG 2024-11-05 22:31:54,912 autoreload File C:\Users\asus\Documents\GitHub\Skillwill-Repository\venv\Lib\site-packages\django\utils\log.py first seen with mtime 1730831502.8898306
DEBUG 2024-11-05 22:31:54,912 autoreload File C:\Users\asus\Documents\GitHub\Skillwill-Repository\venv\Lib\site-packages\django\db\backends\sqlite3\features.py first seen with mtime 1730831502.7344658
DEBUG 2024-11-05 22:31:54,912 autoreload File C:\Users\asus\AppData\Local\Programs\Python\Python312\Lib\asyncio\protocols.py first seen with mtime 1727741020.0
DEBUG 2024-11-05 22:31:54,912 autoreload File C:\Users\asus\AppData\Local\Programs\Python\Python312\Lib\encodings\cp1252.py first seen with mtime 1727741020.0
DEBUG 2024-11-05 22:31:54,912 autoreload File C:\Users\asus\Documents\GitHub\Skillwill-Repository\venv\Lib\site-packages\django\contrib\messages\__init__.py first seen with mtime 1730831502.0137508
DEBUG 2024-11-05 22:31:54,912 autoreload File C:\Users\asus\AppData\Local\Programs\Python\Python312\Lib\asyncio\locks.py first seen with mtime 1727741020.0
DEBUG 2024-11-05 22:31:54,912 autoreload File C:\Users\asus\AppData\Local\Programs\Python\Python312\Lib\email\iterators.py first seen with mtime 1727741020.0
DEBUG 2024-11-05 22:31:54,912 autoreload File C:\Users\asus\Documents\GitHub\Skillwill-Repository\venv\Lib\site-packages\asgiref\local.py first seen with mtime 1730831500.7862368
DEBUG 2024-11-05 22:31:54,912 autoreload File C:\Users\asus\AppData\Local\Programs\Python\Python312\Lib\asyncio\base_subprocess.py first seen with mtime 1727741020.0
DEBUG 2024-11-05 22:31:54,912 autoreload File C:\Users\asus\AppData\Local\Programs\Python\Python312\Lib\asyncio\constants.py first seen with mtime 1727741020.0
DEBUG 2024-11-05 22:31:54,912 autoreload File C:\Users\asus\Documents\GitHub\Skillwill-Repository\venv\Lib\site-packages\django\db\models\functions\comparison.py first seen with mtime 1730831502.7755375
DEBUG 2024-11-05 22:31:54,912 autoreload File C:\Users\asus\AppData\Local\Programs\Python\Python312\Lib\datetime.py first seen with mtime 1727741020.0
DEBUG 2024-11-05 22:31:54,912 autoreload File C:\Users\asus\Documents\GitHub\Skillwill-Repository\venv\Lib\site-packages\django\db\models\lookups.py first seen with mtime 1730831502.7595358
DEBUG 2024-11-05 22:31:54,912 autoreload File C:\Users\asus\Documents\GitHub\Skillwill-Repository\venv\Lib\site-packages\django\db\migrations\operations\__init__.py first seen with mtime 1730831502.7511473
DEBUG 2024-11-05 22:31:54,912 autoreload File C:\Users\asus\Documents\GitHub\Skillwill-Repository\venv\Lib\site-packages\django\middleware\cache.py first seen with mtime 1730831502.840971
DEBUG 2024-11-05 22:31:54,920 autoreload File C:\Users\asus\AppData\Local\Programs\Python\Python312\Lib\http\__init__.py first seen with mtime 1727741020.0
DEBUG 2024-11-05 22:31:54,920 autoreload File C:\Users\asus\Documents\GitHub\Skillwill-Repository\venv\Lib\site-packages\django\db\transaction.py first seen with mtime 1730831502.7101398
DEBUG 2024-11-05 22:31:54,920 autoreload File C:\Users\asus\Documents\GitHub\Skillwill-Repository\venv\Lib\site-packages\django\core\validators.py first seen with mtime 1730831502.661079
DEBUG 2024-11-05 22:31:54,920 autoreload File C:\Users\asus\AppData\Local\Programs\Python\Python312\Lib\socketserver.py first seen with mtime 1727741020.0
DEBUG 2024-11-05 22:31:54,920 autoreload File C:\Users\asus\Documents\GitHub\Skillwill-Repository\venv\Lib\site-packages\django\db\backends\sqlite3\base.py first seen with mtime 1730831502.7344658
DEBUG 2024-11-05 22:31:54,920 autoreload File C:\Users\asus\Documents\GitHub\Skillwill-Repository\venv\Lib\site-packages\django\contrib\admin\templatetags\__init__.py first seen with mtime 1730831501.1962757
DEBUG 2024-11-05 22:31:54,920 autoreload File C:\Users\asus\Documents\GitHub\Skillwill-Repository\venv\Lib\site-packages\sqlparse\formatter.py first seen with mtime 1730831500.7046127
DEBUG 2024-11-05 22:31:54,920 autoreload File C:\Users\asus\Documents\GitHub\Skillwill-Repository\venv\Lib\site-packages\django\contrib\admin\options.py first seen with mtime 1730831500.9832053
DEBUG 2024-11-05 22:31:54,920 autoreload File C:\Users\asus\Documents\GitHub\Skillwill-Repository\venv\Lib\site-packages\django\db\migrations\state.py first seen with mtime 1730831502.7511473
DEBUG 2024-11-05 22:31:54,920 autoreload File C:\Users\asus\AppData\Local\Programs\Python\Python312\Lib\lzma.py first seen with mtime 1727741020.0
DEBUG 2024-11-05 22:31:54,920 autoreload File C:\Users\asus\Documents\GitHub\Skillwill-Repository\venv\Lib\site-packages\django\contrib\admin\decorators.py first seen with mtime 1730831500.9746346
DEBUG 2024-11-05 22:31:54,920 autoreload File C:\Users\asus\AppData\Local\Programs\Python\Python312\Lib\ipaddress.py first seen with mtime 1727741020.0
DEBUG 2024-11-05 22:31:54,920 autoreload File C:\Users\asus\Documents\GitHub\Skillwill-Repository\venv\Lib\site-packages\django\contrib\admin\sites.py first seen with mtime 1730831500.9832053
DEBUG 2024-11-05 22:31:54,920 autoreload File C:\Users\asus\Documents\GitHub\Skillwill-Repository\venv\Lib\site-packages\django\http\request.py first seen with mtime 1730831502.840971
DEBUG 2024-11-05 22:31:54,920 autoreload File C:\Users\asus\Documents\GitHub\Skillwill-Repository\venv\Lib\site-packages\django\apps\config.py first seen with mtime 1730831500.84398
DEBUG 2024-11-05 22:31:54,920 autoreload File C:\Users\asus\Documents\GitHub\Skillwill-Repository\venv\Lib\site-packages\django\db\backends\base\__init__.py first seen with mtime 1730831502.71814
DEBUG 2024-11-05 22:31:54,929 autoreload File C:\Users\asus\Documents\GitHub\Skillwill-Repository\venv\Lib\site-packages\django\core\cache\utils.py first seen with mtime 1730831502.6693428
DEBUG 2024-11-05 22:31:54,929 autoreload File C:\Users\asus\AppData\Local\Programs\Python\Python312\Lib\gettext.py first seen with mtime 1727741020.0
DEBUG 2024-11-05 22:31:54,929 autoreload File C:\Users\asus\AppData\Local\Programs\Python\Python312\Lib\email\mime\__init__.py first seen with mtime 1727741020.0
DEBUG 2024-11-05 22:31:54,929 autoreload File C:\Users\asus\Documents\GitHub\Skillwill-Repository\venv\Lib\site-packages\django\db\models\sql\datastructures.py first seen with mtime 1730831502.7835422
DEBUG 2024-11-05 22:31:54,929 autoreload File C:\Users\asus\Documents\GitHub\Skillwill-Repository\venv\Lib\site-packages\django\template\loaders\__init__.py first seen with mtime 1730831502.857064
DEBUG 2024-11-05 22:31:54,929 autoreload File C:\Users\asus\AppData\Local\Programs\Python\Python312\Lib\hmac.py first seen with mtime 1727741020.0
DEBUG 2024-11-05 22:31:54,929 autoreload File C:\Users\asus\Documents\GitHub\Skillwill-Repository\venv\Lib\site-packages\django\core\files\locks.py first seen with mtime 1730831502.6773446
DEBUG 2024-11-05 22:31:54,929 autoreload File C:\Users\asus\AppData\Local\Programs\Python\Python312\Lib\graphlib.py first seen with mtime 1727741020.0
DEBUG 2024-11-05 22:31:54,929 autoreload File C:\Users\asus\AppData\Local\Programs\Python\Python312\Lib\email\mime\nonmultipart.py first seen with mtime 1727741020.0
DEBUG 2024-11-05 22:31:54,929 autoreload File C:\Users\asus\Documents\GitHub\Skillwill-Repository\venv\Lib\site-packages\django\conf\urls\__init__.py first seen with mtime 1730831500.9746346
DEBUG 2024-11-05 22:31:54,929 autoreload File C:\Users\asus\AppData\Local\Programs\Python\Python312\Lib\asyncio\windows_events.py first seen with mtime 1727741020.0
DEBUG 2024-11-05 22:31:54,929 autoreload File C:\Users\asus\AppData\Local\Programs\Python\Python312\Lib\types.py first seen with mtime 1727741020.0
DEBUG 2024-11-05 22:31:54,929 autoreload File C:\Users\asus\Documents\GitHub\Skillwill-Repository\venv\Lib\site-packages\asgiref\__init__.py first seen with mtime 1730831500.7862368
DEBUG 2024-11-05 22:31:54,929 autoreload File C:\Users\asus\Documents\GitHub\Skillwill-Repository\venv\Lib\site-packages\django\contrib\auth\decorators.py first seen with mtime 1730831501.3027675
DEBUG 2024-11-05 22:31:54,929 autoreload File C:\Users\asus\Documents\GitHub\Skillwill-Repository\venv\Lib\site-packages\django\contrib\contenttypes\management\__init__.py first seen with mtime 1730831501.5395143
DEBUG 2024-11-05 22:31:54,937 autoreload File C:\Users\asus\Documents\GitHub\Skillwill-Repository\venv\Lib\site-packages\django\contrib\auth\validators.py first seen with mtime 1730831501.316571
DEBUG 2024-11-05 22:31:54,937 autoreload File C:\Users\asus\AppData\Local\Programs\Python\Python312\Lib\difflib.py first seen with mtime 1727741020.0
DEBUG 2024-11-05 22:31:54,937 autoreload File C:\Users\asus\Documents\GitHub\Skillwill-Repository\venv\Lib\site-packages\django\core\__init__.py first seen with mtime 1730831502.661079
DEBUG 2024-11-05 22:31:54,937 autoreload File C:\Users\asus\Documents\GitHub\Skillwill-Repository\venv\Lib\site-packages\django\utils\_os.py first seen with mtime 1730831502.8735144
DEBUG 2024-11-05 22:31:54,937 autoreload File C:\Users\asus\Documents\GitHub\Skillwill-Repository\venv\Lib\site-packages\django\contrib\messages\apps.py first seen with mtime 1730831502.0137508
DEBUG 2024-11-05 22:31:54,937 autoreload File C:\Users\asus\Documents\GitHub\Skillwill-Repository\venv\Lib\site-packages\django\core\cache\backends\filebased.py first seen with mtime 1730831502.6693428
DEBUG 2024-11-05 22:31:54,937 autoreload File C:\Users\asus\AppData\Local\Programs\Python\Python312\Lib\re\_casefix.py first seen with mtime 1727741020.0
DEBUG 2024-11-05 22:31:54,937 autoreload File C:\Users\asus\Documents\GitHub\Skillwill-Repository\venv\Lib\site-packages\django\core\wsgi.py first seen with mtime 1730831502.661079
DEBUG 2024-11-05 22:31:54,937 autoreload File C:\Users\asus\Documents\GitHub\Skillwill-Repository\venv\Lib\site-packages\django\contrib\auth\forms.py first seen with mtime 1730831501.3027675
DEBUG 2024-11-05 22:31:54,937 autoreload File C:\Users\asus\Documents\GitHub\Skillwill-Repository\venv\Lib\site-packages\django\contrib\messages\constants.py first seen with mtime 1730831502.0137508
DEBUG 2024-11-05 22:31:54,937 autoreload File C:\Users\asus\Documents\GitHub\Skillwill-Repository\venv\Lib\site-packages\django\utils\deprecation.py first seen with mtime 1730831502.8816814
DEBUG 2024-11-05 22:31:54,937 autoreload File C:\Users\asus\Documents\GitHub\Skillwill-Repository\venv\Lib\site-packages\django\core\cache\backends\locmem.py first seen with mtime 1730831502.6693428
DEBUG 2024-11-05 22:31:54,937 autoreload File C:\Users\asus\Documents\GitHub\Skillwill-Repository\venv\Lib\site-packages\django\utils\cache.py first seen with mtime 1730831502.8735144
DEBUG 2024-11-05 22:31:54,937 autoreload File C:\Users\asus\AppData\Local\Programs\Python\Python312\Lib\enum.py first seen with mtime 1727741020.0
DEBUG 2024-11-05 22:31:54,937 autoreload File C:\Users\asus\Documents\GitHub\Skillwill-Repository\venv\Lib\site-packages\django\middleware\__init__.py first seen with mtime 1730831502.840971
DEBUG 2024-11-05 22:31:54,937 autoreload File C:\Users\asus\Documents\GitHub\Skillwill-Repository\venv\Lib\site-packages\django\core\checks\files.py first seen with mtime 1730831502.6693428
DEBUG 2024-11-05 22:31:54,945 autoreload File C:\Users\asus\Documents\GitHub\Skillwill-Repository\venv\Lib\site-packages\django\db\backends\base\operations.py first seen with mtime 1730831502.71814
DEBUG 2024-11-05 22:31:54,945 autoreload File C:\Users\asus\Documents\GitHub\Skillwill-Repository\venv\Lib\site-packages\django\utils\tree.py first seen with mtime 1730831502.8978357
DEBUG 2024-11-05 22:31:54,945 autoreload File C:\Users\asus\AppData\Local\Programs\Python\Python312\Lib\asyncio\exceptions.py first seen with mtime 1727741020.0
DEBUG 2024-11-05 22:31:54,945 autoreload File C:\Users\asus\Documents\GitHub\Skillwill-Repository\venv\Lib\site-packages\django\core\mail\__init__.py first seen with mtime 1730831502.6939147
DEBUG 2024-11-05 22:31:54,945 autoreload File C:\Users\asus\Documents\GitHub\Skillwill-Repository\venv\Lib\site-packages\django\contrib\auth\hashers.py first seen with mtime 1730831501.3027675
DEBUG 2024-11-05 22:31:54,945 autoreload File C:\Users\asus\Documents\GitHub\Skillwill-Repository\venv\Lib\site-packages\django\contrib\admin\views\autocomplete.py first seen with mtime 1730831501.1962757
DEBUG 2024-11-05 22:31:54,945 autoreload File C:\Users\asus\AppData\Local\Programs\Python\Python312\Lib\asyncio\subprocess.py first seen with mtime 1727741020.0
DEBUG 2024-11-05 22:31:54,945 autoreload File C:\Users\asus\AppData\Local\Programs\Python\Python312\DLLs\unicodedata.pyd first seen with mtime 1727741072.0
DEBUG 2024-11-05 22:31:54,945 autoreload File C:\Users\asus\Documents\GitHub\Skillwill-Repository\venv\Lib\site-packages\django\templatetags\i18n.py first seen with mtime 1730831502.8652
DEBUG 2024-11-05 22:31:54,945 autoreload File C:\Users\asus\Documents\GitHub\Skillwill-Repository\venv\Lib\site-packages\django\contrib\auth\password_validation.py first seen with mtime 1730831501.316571
DEBUG 2024-11-05 22:31:54,945 autoreload File C:\Users\asus\Documents\GitHub\Skillwill-Repository\venv\Lib\site-packages\django\contrib\contenttypes\views.py first seen with mtime 1730831501.434205
DEBUG 2024-11-05 22:31:54,945 autoreload File C:\Users\asus\Documents\GitHub\Skillwill-Repository\venv\Lib\site-packages\django\templatetags\tz.py first seen with mtime 1730831502.8652
DEBUG 2024-11-05 22:31:54,945 autoreload File C:\Users\asus\AppData\Local\Programs\Python\Python312\Lib\statistics.py first seen with mtime 1727741020.0
DEBUG 2024-11-05 22:31:54,945 autoreload File C:\Users\asus\Documents\GitHub\Skillwill-Repository\venv\Lib\site-packages\django\http\__init__.py first seen with mtime 1730831502.840971
DEBUG 2024-11-05 22:31:54,945 autoreload File C:\Users\asus\AppData\Local\Programs\Python\Python312\Lib\random.py first seen with mtime 1727741020.0
DEBUG 2024-11-05 22:31:54,945 autoreload File C:\Users\asus\Documents\GitHub\Skillwill-Repository\venv\Lib\site-packages\django\views\generic\dates.py first seen with mtime 1730831502.9142425
DEBUG 2024-11-05 22:31:54,945 autoreload File C:\Users\asus\Documents\GitHub\Skillwill-Repository\venv\Lib\site-packages\django\db\models\fields\proxy.py first seen with mtime 1730831502.7755375
DEBUG 2024-11-05 22:31:54,953 autoreload File C:\Users\asus\AppData\Local\Programs\Python\Python312\Lib\asyncio\mixins.py first seen with mtime 1727741020.0
DEBUG 2024-11-05 22:31:54,953 autoreload File C:\Users\asus\AppData\Local\Programs\Python\Python312\Lib\string.py first seen with mtime 1727741020.0
DEBUG 2024-11-05 22:31:54,953 autoreload File C:\Users\asus\AppData\Local\Programs\Python\Python312\Lib\asyncio\runners.py first seen with mtime 1727741020.0
DEBUG 2024-11-05 22:31:54,953 autoreload File C:\Users\asus\AppData\Local\Programs\Python\Python312\Lib\asyncio\events.py first seen with mtime 1727741020.0
DEBUG 2024-11-05 22:31:54,953 autoreload File C:\Users\asus\Documents\GitHub\Skillwill-Repository\venv\Lib\site-packages\django\utils\choices.py first seen with mtime 1730831502.8816814
DEBUG 2024-11-05 22:31:54,953 autoreload File C:\Users\asus\Documents\GitHub\Skillwill-Repository\venv\Lib\site-packages\django\urls\converters.py first seen with mtime 1730831502.8735144
DEBUG 2024-11-05 22:31:54,953 autoreload File C:\Users\asus\Documents\GitHub\Skillwill-Repository\venv\Lib\site-packages\sqlparse\sql.py first seen with mtime 1730831500.7046127
DEBUG 2024-11-05 22:31:54,953 autoreload File C:\Users\asus\AppData\Local\Programs\Python\Python312\Lib\dis.py first seen with mtime 1727741020.0
DEBUG 2024-11-05 22:31:54,953 autoreload File C:\Users\asus\Documents\GitHub\Skillwill-Repository\venv\Lib\site-packages\django\forms\formsets.py first seen with mtime 1730831502.7918208
DEBUG 2024-11-05 22:31:54,953 autoreload File C:\Users\asus\Documents\GitHub\Skillwill-Repository\venv\Lib\site-packages\django\views\i18n.py first seen with mtime 1730831502.9060154
DEBUG 2024-11-05 22:31:54,953 autoreload File C:\Users\asus\AppData\Local\Programs\Python\Python312\Lib\quopri.py first seen with mtime 1727741020.0
DEBUG 2024-11-05 22:31:54,953 autoreload File C:\Users\asus\Documents\GitHub\Skillwill-Repository\venv\Lib\site-packages\django\forms\utils.py first seen with mtime 1730831502.7918208
DEBUG 2024-11-05 22:31:54,953 autoreload File C:\Users\asus\Documents\GitHub\Skillwill-Repository\venv\Lib\site-packages\django\db\models\fields\related.py first seen with mtime 1730831502.7755375
DEBUG 2024-11-05 22:31:54,953 autoreload File C:\Users\asus\Documents\GitHub\Skillwill-Repository\venv\Lib\site-packages\django\db\backends\base\features.py first seen with mtime 1730831502.71814
DEBUG 2024-11-05 22:31:54,953 autoreload File C:\Users\asus\Documents\GitHub\Skillwill-Repository\venv\Lib\site-packages\django\utils\lorem_ipsum.py first seen with mtime 1730831502.8898306
DEBUG 2024-11-05 22:31:54,953 autoreload File C:\Users\asus\AppData\Local\Programs\Python\Python312\Lib\email\mime\message.py first seen with mtime 1727741020.0
DEBUG 2024-11-05 22:31:54,953 autoreload File C:\Users\asus\Documents\GitHub\Skillwill-Repository\venv\Lib\site-packages\django\db\backends\__init__.py first seen with mtime 1730831502.71814
DEBUG 2024-11-05 22:31:54,953 autoreload File C:\Users\asus\Documents\GitHub\Skillwill-Repository\venv\Lib\site-packages\django\utils\dates.py first seen with mtime 1730831502.8816814
DEBUG 2024-11-05 22:31:54,953 autoreload File C:\Users\asus\AppData\Local\Programs\Python\Python312\Lib\weakref.py first seen with mtime 1727741020.0
DEBUG 2024-11-05 22:31:54,953 autoreload File C:\Users\asus\Documents\GitHub\Skillwill-Repository\venv\Lib\site-packages\django\utils\module_loading.py first seen with mtime 1730831502.8978357
DEBUG 2024-11-05 22:31:54,953 autoreload File C:\Users\asus\AppData\Local\Programs\Python\Python312\Lib\urllib\request.py first seen with mtime 1727741020.0
DEBUG 2024-11-05 22:31:54,961 autoreload File C:\Users\asus\Documents\GitHub\Skillwill-Repository\venv\Lib\site-packages\django\db\models\fields\related_lookups.py first seen with mtime 1730831502.7755375
DEBUG 2024-11-05 22:31:54,961 autoreload File C:\Users\asus\AppData\Local\Programs\Python\Python312\DLLs\_queue.pyd first seen with mtime 1727741072.0
DEBUG 2024-11-05 22:31:54,961 autoreload File C:\Users\asus\Documents\GitHub\Skillwill-Repository\venv\Lib\site-packages\sqlparse\tokens.py first seen with mtime 1730831500.7046127
DEBUG 2024-11-05 22:31:54,961 autoreload File C:\Users\asus\Documents\GitHub\Skillwill-Repository\venv\Lib\site-packages\django\core\files\storage\filesystem.py first seen with mtime 1730831502.685556
DEBUG 2024-11-05 22:31:54,961 autoreload File C:\Users\asus\Documents\GitHub\Skillwill-Repository\venv\Lib\site-packages\django\core\checks\security\sessions.py first seen with mtime 1730831502.6773446
DEBUG 2024-11-05 22:31:54,961 autoreload File C:\Users\asus\Documents\GitHub\Skillwill-Repository\venv\Lib\site-packages\django\utils\ipv6.py first seen with mtime 1730831502.8898306
DEBUG 2024-11-05 22:31:54,961 autoreload File C:\Users\asus\AppData\Local\Programs\Python\Python312\Lib\json\__init__.py first seen with mtime 1727741020.0
DEBUG 2024-11-05 22:31:54,961 autoreload File C:\Users\asus\Documents\GitHub\Skillwill-Repository\venv\Lib\site-packages\django\db\backends\base\introspection.py first seen with mtime 1730831502.71814
DEBUG 2024-11-05 22:31:54,961 autoreload File C:\Users\asus\AppData\Local\Programs\Python\Python312\Lib\asyncio\taskgroups.py first seen with mtime 1727741020.0
DEBUG 2024-11-05 22:31:54,961 autoreload File C:\Users\asus\AppData\Local\Programs\Python\Python312\Lib\socket.py first seen with mtime 1727741020.0
DEBUG 2024-11-05 22:31:54,961 autoreload File C:\Users\asus\AppData\Local\Programs\Python\Python312\Lib\numbers.py first seen with mtime 1727741020.0
DEBUG 2024-11-05 22:31:54,961 autoreload File C:\Users\asus\Documents\GitHub\Skillwill-Repository\venv\Lib\site-packages\django\core\handlers\asgi.py first seen with mtime 1730831502.685556
DEBUG 2024-11-05 22:31:54,961 autoreload File C:\Users\asus\AppData\Local\Programs\Python\Python312\Lib\ssl.py first seen with mtime 1727741020.0
DEBUG 2024-11-05 22:31:54,961 autoreload File C:\Users\asus\Documents\GitHub\Skillwill-Repository\venv\Lib\site-packages\django\db\models\utils.py first seen with mtime 1730831502.7675388
DEBUG 2024-11-05 22:31:54,961 autoreload File C:\Users\asus\Documents\GitHub\Skillwill-Repository\venv\Lib\site-packages\django\db\backends\sqlite3\creation.py first seen with mtime 1730831502.7344658
DEBUG 2024-11-05 22:31:54,961 autoreload File C:\Users\asus\Documents\GitHub\Skillwill-Repository\venv\Lib\site-packages\django\template\defaultfilters.py first seen with mtime 1730831502.8510563
DEBUG 2024-11-05 22:31:54,961 autoreload File C:\Users\asus\AppData\Local\Programs\Python\Python312\Lib\_compression.py first seen with mtime 1727741020.0
DEBUG 2024-11-05 22:31:54,961 autoreload File C:\Users\asus\Documents\GitHub\Skillwill-Repository\venv\Lib\site-packages\django\core\cache\backends\__init__.py first seen with mtime 1730831502.6693428
DEBUG 2024-11-05 22:31:54,961 autoreload File C:\Users\asus\AppData\Local\Programs\Python\Python312\Lib\asyncio\trsock.py first seen with mtime 1727741020.0
DEBUG 2024-11-05 22:31:54,970 autoreload File C:\Users\asus\Documents\GitHub\Skillwill-Repository\venv\Lib\site-packages\django\db\backends\utils.py first seen with mtime 1730831502.71814
DEBUG 2024-11-05 22:31:54,970 autoreload File C:\Users\asus\Documents\GitHub\Skillwill-Repository\venv\Lib\site-packages\django\template\loaders\cached.py first seen with mtime 1730831502.857064
DEBUG 2024-11-05 22:31:54,970 autoreload File C:\Users\asus\Documents\GitHub\Skillwill-Repository\venv\Lib\site-packages\django\db\backends\sqlite3\_functions.py first seen with mtime 1730831502.7344658
DEBUG 2024-11-05 22:31:54,971 autoreload File C:\Users\asus\AppData\Local\Programs\Python\Python312\Lib\email\encoders.py first seen with mtime 1727741020.0
DEBUG 2024-11-05 22:31:54,971 autoreload File C:\Users\asus\Documents\GitHub\Skillwill-Repository\venv\Lib\site-packages\django\utils\dateformat.py first seen with mtime 1730831502.8816814
DEBUG 2024-11-05 22:31:54,971 autoreload File C:\Users\asus\AppData\Local\Programs\Python\Python312\Lib\email\_header_value_parser.py first seen with mtime 1727741020.0
DEBUG 2024-11-05 22:31:54,971 autoreload File C:\Users\asus\Documents\GitHub\Skillwill-Repository\venv\Lib\site-packages\django\core\files\temp.py first seen with mtime 1730831502.685556
DEBUG 2024-11-05 22:31:54,971 autoreload File C:\Users\asus\Documents\GitHub\Skillwill-Repository\venv\Lib\site-packages\django\core\serializers\base.py first seen with mtime 1730831502.7101398
DEBUG 2024-11-05 22:31:54,971 autoreload File C:\Users\asus\Documents\GitHub\Skillwill-Repository\venv\Lib\site-packages\django\contrib\auth\management\__init__.py first seen with mtime 1730831501.4176557
DEBUG 2024-11-05 22:31:54,971 autoreload File C:\Users\asus\Documents\GitHub\Skillwill-Repository\myproject\manage.py first seen with mtime 1730831271.3234713
DEBUG 2024-11-05 22:31:54,971 autoreload File C:\Users\asus\Documents\GitHub\Skillwill-Repository\venv\Lib\site-packages\django\core\handlers\exception.py first seen with mtime 1730831502.685556
DEBUG 2024-11-05 22:31:54,971 autoreload File C:\Users\asus\AppData\Local\Programs\Python\Python312\Lib\email\_encoded_words.py first seen with mtime 1727741020.0
DEBUG 2024-11-05 22:31:54,971 autoreload File C:\Users\asus\Documents\GitHub\Skillwill-Repository\venv\Lib\site-packages\django\contrib\staticfiles\checks.py first seen with mtime 1730831502.6529233
DEBUG 2024-11-05 22:31:54,971 autoreload File C:\Users\asus\AppData\Local\Programs\Python\Python312\Lib\fractions.py first seen with mtime 1727741020.0
DEBUG 2024-11-05 22:31:54,971 autoreload File C:\Users\asus\Documents\GitHub\Skillwill-Repository\venv\Lib\site-packages\django\contrib\messages\middleware.py first seen with mtime 1730831502.0137508
DEBUG 2024-11-05 22:31:54,971 autoreload File C:\Users\asus\Documents\GitHub\Skillwill-Repository\venv\Lib\site-packages\django\utils\version.py first seen with mtime 1730831502.8978357
DEBUG 2024-11-05 22:31:54,971 autoreload File C:\Users\asus\Documents\GitHub\Skillwill-Repository\venv\Lib\site-packages\sqlparse\engine\filter_stack.py first seen with mtime 1730831500.7046127
DEBUG 2024-11-05 22:31:54,971 autoreload File C:\Users\asus\Documents\GitHub\Skillwill-Repository\venv\Lib\site-packages\django\utils\regex_helper.py first seen with mtime 1730831502.8978357
DEBUG 2024-11-05 22:31:54,971 autoreload File C:\Users\asus\AppData\Local\Programs\Python\Python312\Lib\asyncio\queues.py first seen with mtime 1727741020.0
DEBUG 2024-11-05 22:31:54,978 autoreload File C:\Users\asus\AppData\Local\Programs\Python\Python312\DLLs\_lzma.pyd first seen with mtime 1727741072.0
DEBUG 2024-11-05 22:31:54,978 autoreload File C:\Users\asus\Documents\GitHub\Skillwill-Repository\venv\Lib\site-packages\django\middleware\security.py first seen with mtime 1730831502.8510563
DEBUG 2024-11-05 22:31:54,978 autoreload File C:\Users\asus\Documents\GitHub\Skillwill-Repository\venv\Lib\site-packages\django\core\servers\__init__.py first seen with mtime 1730831502.7101398
DEBUG 2024-11-05 22:31:54,978 autoreload File C:\Users\asus\AppData\Local\Programs\Python\Python312\Lib\asyncio\format_helpers.py first seen with mtime 1727741020.0
DEBUG 2024-11-05 22:31:54,978 autoreload File C:\Users\asus\AppData\Local\Programs\Python\Python312\Lib\re\__init__.py first seen with mtime 1727741020.0
DEBUG 2024-11-05 22:31:54,978 autoreload File C:\Users\asus\Documents\GitHub\Skillwill-Repository\venv\Lib\site-packages\django\template\autoreload.py first seen with mtime 1730831502.8510563
DEBUG 2024-11-05 22:31:54,978 autoreload File C:\Users\asus\AppData\Local\Programs\Python\Python312\Lib\base64.py first seen with mtime 1727741020.0
DEBUG 2024-11-05 22:31:54,978 autoreload File C:\Users\asus\AppData\Local\Programs\Python\Python312\Lib\keyword.py first seen with mtime 1727741020.0
DEBUG 2024-11-05 22:31:54,978 autoreload File C:\Users\asus\Documents\GitHub\Skillwill-Repository\venv\Lib\site-packages\sqlparse\filters\__init__.py first seen with mtime 1730831500.7046127
DEBUG 2024-11-05 22:31:54,978 autoreload File C:\Users\asus\Documents\GitHub\Skillwill-Repository\venv\Lib\site-packages\django\contrib\contenttypes\fields.py first seen with mtime 1730831501.4260552
DEBUG 2024-11-05 22:31:54,978 autoreload File C:\Users\asus\Documents\GitHub\Skillwill-Repository\venv\Lib\site-packages\django\db\__init__.py first seen with mtime 1730831502.7101398
DEBUG 2024-11-05 22:31:54,978 autoreload File C:\Users\asus\Documents\GitHub\Skillwill-Repository\venv\Lib\site-packages\django\db\migrations\operations\models.py first seen with mtime 1730831502.7511473
DEBUG 2024-11-05 22:31:54,978 autoreload File C:\Users\asus\Documents\GitHub\Skillwill-Repository\venv\Lib\site-packages\django\urls\exceptions.py first seen with mtime 1730831502.8735144
DEBUG 2024-11-05 22:31:54,978 autoreload File C:\Users\asus\Documents\GitHub\Skillwill-Repository\venv\Lib\site-packages\django\core\files\storage\__init__.py first seen with mtime 1730831502.685556
DEBUG 2024-11-05 22:31:54,978 autoreload File C:\Users\asus\Documents\GitHub\Skillwill-Repository\venv\Lib\site-packages\django\db\models\fields\files.py first seen with mtime 1730831502.7675388
DEBUG 2024-11-05 22:31:54,978 autoreload File C:\Users\asus\AppData\Local\Programs\Python\Python312\Lib\traceback.py first seen with mtime 1727741020.0
DEBUG 2024-11-05 22:31:54,978 autoreload File C:\Users\asus\AppData\Local\Programs\Python\Python312\Lib\operator.py first seen with mtime 1727741020.0
DEBUG 2024-11-05 22:31:54,978 autoreload File C:\Users\asus\AppData\Local\Programs\Python\Python312\Lib\email\mime\base.py first seen with mtime 1727741020.0
DEBUG 2024-11-05 22:31:54,978 autoreload File C:\Users\asus\Documents\GitHub\Skillwill-Repository\venv\Lib\site-packages\django\contrib\auth\checks.py first seen with mtime 1730831501.3027675
DEBUG 2024-11-05 22:31:54,978 autoreload File C:\Users\asus\Documents\GitHub\Skillwill-Repository\venv\Lib\site-packages\django\contrib\contenttypes\admin.py first seen with mtime 1730831501.4260552
DEBUG 2024-11-05 22:31:54,986 autoreload File C:\Users\asus\Documents\GitHub\Skillwill-Repository\venv\Lib\site-packages\django\contrib\sessions\__init__.py first seen with mtime 1730831502.317336
DEBUG 2024-11-05 22:31:54,986 autoreload File C:\Users\asus\AppData\Local\Programs\Python\Python312\Lib\encodings\aliases.py first seen with mtime 1727741020.0
DEBUG 2024-11-05 22:31:54,986 autoreload File C:\Users\asus\Documents\GitHub\Skillwill-Repository\venv\Lib\site-packages\django\db\migrations\exceptions.py first seen with mtime 1730831502.7430017
DEBUG 2024-11-05 22:31:54,986 autoreload File C:\Users\asus\Documents\GitHub\Skillwill-Repository\venv\Lib\site-packages\django\contrib\auth\backends.py first seen with mtime 1730831501.3027675
DEBUG 2024-11-05 22:31:54,986 autoreload File C:\Users\asus\Documents\GitHub\Skillwill-Repository\venv\Lib\site-packages\django\apps\registry.py first seen with mtime 1730831500.84398
DEBUG 2024-11-05 22:31:54,986 autoreload File C:\Users\asus\AppData\Local\Programs\Python\Python312\Lib\concurrent\futures\thread.py first seen with mtime 1727741020.0
DEBUG 2024-11-05 22:31:54,986 autoreload File C:\Users\asus\Documents\GitHub\Skillwill-Repository\venv\Lib\site-packages\django\contrib\sessions\exceptions.py first seen with mtime 1730831502.317336
DEBUG 2024-11-05 22:31:54,986 autoreload File C:\Users\asus\Documents\GitHub\Skillwill-Repository\venv\Lib\site-packages\django\core\files\uploadhandler.py first seen with mtime 1730831502.685556
DEBUG 2024-11-05 22:31:54,986 autoreload File C:\Users\asus\Documents\GitHub\Skillwill-Repository\venv\Lib\site-packages\django\core\mail\utils.py first seen with mtime 1730831502.6939147
DEBUG 2024-11-05 22:31:54,986 autoreload File C:\Users\asus\Documents\GitHub\Skillwill-Repository\venv\Lib\site-packages\django\contrib\contenttypes\models.py first seen with mtime 1730831501.434205
DEBUG 2024-11-05 22:31:54,986 autoreload File C:\Users\asus\Documents\GitHub\Skillwill-Repository\venv\Lib\site-packages\django\core\files\__init__.py first seen with mtime 1730831502.6773446
DEBUG 2024-11-05 22:31:54,986 autoreload File C:\Users\asus\Documents\GitHub\Skillwill-Repository\venv\Lib\site-packages\django\template\loader.py first seen with mtime 1730831502.857064
DEBUG 2024-11-05 22:31:54,986 autoreload File C:\Users\asus\AppData\Local\Programs\Python\Python312\DLLs\_asyncio.pyd first seen with mtime 1727741072.0
DEBUG 2024-11-05 22:31:54,986 autoreload File C:\Users\asus\AppData\Local\Programs\Python\Python312\DLLs\_decimal.pyd first seen with mtime 1727741072.0
DEBUG 2024-11-05 22:31:54,986 autoreload File C:\Users\asus\Documents\GitHub\Skillwill-Repository\venv\Lib\site-packages\django\contrib\__init__.py first seen with mtime 1730831500.9746346
DEBUG 2024-11-05 22:31:54,986 autoreload File C:\Users\asus\Documents\GitHub\Skillwill-Repository\venv\Lib\site-packages\django\db\migrations\operations\special.py first seen with mtime 1730831502.7511473
DEBUG 2024-11-05 22:31:54,986 autoreload File C:\Users\asus\Documents\GitHub\Skillwill-Repository\venv\Lib\site-packages\django\db\models\sql\subqueries.py first seen with mtime 1730831502.7918208
DEBUG 2024-11-05 22:31:54,994 autoreload File C:\Users\asus\Documents\GitHub\Skillwill-Repository\venv\Lib\site-packages\django\db\models\fields\json.py first seen with mtime 1730831502.7675388
DEBUG 2024-11-05 22:31:54,994 autoreload File C:\Users\asus\Documents\GitHub\Skillwill-Repository\venv\Lib\site-packages\django\core\checks\__init__.py first seen with mtime 1730831502.6693428
DEBUG 2024-11-05 22:31:54,994 autoreload File C:\Users\asus\Documents\GitHub\Skillwill-Repository\venv\Lib\site-packages\django\templatetags\__init__.py first seen with mtime 1730831502.8650777
DEBUG 2024-11-05 22:31:54,994 autoreload File C:\Users\asus\Documents\GitHub\Skillwill-Repository\venv\Lib\site-packages\django\contrib\admin\helpers.py first seen with mtime 1730831500.9746346
DEBUG 2024-11-05 22:31:54,994 autoreload File C:\Users\asus\Documents\GitHub\Skillwill-Repository\venv\Lib\site-packages\django\views\generic\list.py first seen with mtime 1730831502.9142425
DEBUG 2024-11-05 22:31:54,994 autoreload File C:\Users\asus\Documents\GitHub\Skillwill-Repository\venv\Lib\site-packages\django\core\checks\templates.py first seen with mtime 1730831502.6693428
DEBUG 2024-11-05 22:31:54,994 autoreload File C:\Users\asus\AppData\Local\Programs\Python\Python312\Lib\ctypes\wintypes.py first seen with mtime 1727741020.0
DEBUG 2024-11-05 22:31:54,994 autoreload File C:\Users\asus\Documents\GitHub\Skillwill-Repository\venv\Lib\site-packages\django\db\models\functions\mixins.py first seen with mtime 1730831502.7835422
DEBUG 2024-11-05 22:31:54,994 autoreload File C:\Users\asus\Documents\GitHub\Skillwill-Repository\venv\Lib\site-packages\django\middleware\common.py first seen with mtime 1730831502.840971
DEBUG 2024-11-05 22:31:54,994 autoreload File C:\Users\asus\Documents\GitHub\Skillwill-Repository\venv\Lib\site-packages\django\template\loaders\base.py first seen with mtime 1730831502.857064
DEBUG 2024-11-05 22:31:54,994 autoreload File C:\Users\asus\Documents\GitHub\Skillwill-Repository\venv\Lib\site-packages\django\core\serializers\python.py first seen with mtime 1730831502.7101398
DEBUG 2024-11-05 22:31:54,994 autoreload File C:\Users\asus\Documents\GitHub\Skillwill-Repository\venv\Lib\site-packages\django\core\signing.py first seen with mtime 1730831502.661079
DEBUG 2024-11-05 22:31:54,994 autoreload File C:\Users\asus\AppData\Local\Programs\Python\Python312\Lib\encodings\utf_8.py first seen with mtime 1727741020.0
DEBUG 2024-11-05 22:31:54,994 autoreload File C:\Users\asus\Documents\GitHub\Skillwill-Repository\venv\Lib\site-packages\django\middleware\clickjacking.py first seen with mtime 1730831502.840971
DEBUG 2024-11-05 22:31:54,994 autoreload File C:\Users\asus\Documents\GitHub\Skillwill-Repository\venv\Lib\site-packages\django\contrib\sessions\apps.py first seen with mtime 1730831502.317336
DEBUG 2024-11-05 22:31:55,002 autoreload File C:\Users\asus\Documents\GitHub\Skillwill-Repository\venv\Lib\site-packages\sqlparse\exceptions.py first seen with mtime 1730831500.7046127
DEBUG 2024-11-05 22:31:55,002 autoreload File C:\Users\asus\AppData\Local\Programs\Python\Python312\Lib\sqlite3\__init__.py first seen with mtime 1727741020.0
DEBUG 2024-11-05 22:31:55,002 autoreload File C:\Users\asus\Documents\GitHub\Skillwill-Repository\venv\Lib\site-packages\django\utils\termcolors.py first seen with mtime 1730831502.8978357
DEBUG 2024-11-05 22:31:55,002 autoreload File C:\Users\asus\Documents\GitHub\Skillwill-Repository\venv\Lib\site-packages\django\contrib\staticfiles\finders.py first seen with mtime 1730831502.6529233
DEBUG 2024-11-05 22:31:55,002 autoreload File C:\Users\asus\Documents\GitHub\Skillwill-Repository\venv\Lib\site-packages\django\db\models\constants.py first seen with mtime 1730831502.7595358
DEBUG 2024-11-05 22:31:55,002 autoreload File C:\Users\asus\Documents\GitHub\Skillwill-Repository\venv\Lib\site-packages\django\contrib\auth\middleware.py first seen with mtime 1730831501.3027675
DEBUG 2024-11-05 22:31:55,002 autoreload File C:\Users\asus\Documents\GitHub\Skillwill-Repository\venv\Lib\site-packages\django\core\exceptions.py first seen with mtime 1730831502.661079
DEBUG 2024-11-05 22:31:55,002 autoreload File C:\Users\asus\Documents\GitHub\Skillwill-Repository\venv\Lib\site-packages\django\core\management\commands\runserver.py first seen with mtime 1730831502.7021365
DEBUG 2024-11-05 22:31:55,002 autoreload File C:\Users\asus\AppData\Local\Programs\Python\Python312\DLLs\_zoneinfo.pyd first seen with mtime 1727741072.0
DEBUG 2024-11-05 22:31:55,002 autoreload File C:\Users\asus\Documents\GitHub\Skillwill-Repository\venv\Lib\site-packages\django\templatetags\static.py first seen with mtime 1730831502.8652
DEBUG 2024-11-05 22:31:55,002 autoreload File C:\Users\asus\Documents\GitHub\Skillwill-Repository\venv\Lib\site-packages\django\db\models\fields\__init__.py first seen with mtime 1730831502.7675388
DEBUG 2024-11-05 22:31:55,002 autoreload File C:\Users\asus\AppData\Local\Programs\Python\Python312\Lib\multiprocessing\process.py first seen with mtime 1727741020.0
DEBUG 2024-11-05 22:31:55,002 autoreload File C:\Users\asus\Documents\GitHub\Skillwill-Repository\venv\Lib\site-packages\django\contrib\admin\templatetags\base.py first seen with mtime 1730831501.1962757
DEBUG 2024-11-05 22:31:55,002 autoreload File C:\Users\asus\Documents\GitHub\Skillwill-Repository\venv\Lib\site-packages\django\template\backends\__init__.py first seen with mtime 1730831502.857064
DEBUG 2024-11-05 22:31:55,002 autoreload File C:\Users\asus\AppData\Local\Programs\Python\Python312\Lib\email\__init__.py first seen with mtime 1727741020.0
DEBUG 2024-11-05 22:31:55,002 autoreload File C:\Users\asus\Documents\GitHub\Skillwill-Repository\myproject\myproject\settings.py first seen with mtime 1730831462.8905053
DEBUG 2024-11-05 22:31:55,002 autoreload File C:\Users\asus\Documents\GitHub\Skillwill-Repository\venv\Lib\site-packages\django\db\backends\sqlite3\introspection.py first seen with mtime 1730831502.7344658
DEBUG 2024-11-05 22:31:55,002 autoreload File C:\Users\asus\Documents\GitHub\Skillwill-Repository\venv\Lib\site-packages\django\db\models\functions\text.py first seen with mtime 1730831502.7835422
DEBUG 2024-11-05 22:31:55,002 autoreload File C:\Users\asus\Documents\GitHub\Skillwill-Repository\venv\Lib\site-packages\asgiref\current_thread_executor.py first seen with mtime 1730831500.7862368
DEBUG 2024-11-05 22:31:55,002 autoreload File C:\Users\asus\AppData\Local\Programs\Python\Python312\Lib\email\base64mime.py first seen with mtime 1727741020.0
DEBUG 2024-11-05 22:31:55,010 autoreload File C:\Users\asus\Documents\GitHub\Skillwill-Repository\venv\Lib\site-packages\django\db\models\options.py first seen with mtime 1730831502.7595358
DEBUG 2024-11-05 22:31:55,011 autoreload File C:\Users\asus\AppData\Local\Programs\Python\Python312\Lib\locale.py first seen with mtime 1727741020.0
DEBUG 2024-11-05 22:31:55,011 autoreload File C:\Users\asus\AppData\Local\Programs\Python\Python312\DLLs\_uuid.pyd first seen with mtime 1727741072.0
DEBUG 2024-11-05 22:31:55,011 autoreload File C:\Users\asus\Documents\GitHub\Skillwill-Repository\venv\Lib\site-packages\django\utils\http.py first seen with mtime 1730831502.8898306
DEBUG 2024-11-05 22:31:55,011 autoreload File C:\Users\asus\AppData\Local\Programs\Python\Python312\Lib\tokenize.py first seen with mtime 1727741020.0
DEBUG 2024-11-05 22:31:55,011 autoreload File C:\Users\asus\AppData\Local\Programs\Python\Python312\Lib\asyncio\base_tasks.py first seen with mtime 1727741020.0
DEBUG 2024-11-05 22:31:55,011 autoreload File C:\Users\asus\Documents\GitHub\Skillwill-Repository\venv\Lib\site-packages\asgiref\sync.py first seen with mtime 1730831500.7862368
DEBUG 2024-11-05 22:31:55,011 autoreload File C:\Users\asus\AppData\Local\Programs\Python\Python312\Lib\pathlib.py first seen with mtime 1727741020.0
DEBUG 2024-11-05 22:31:55,011 autoreload File C:\Users\asus\AppData\Local\Programs\Python\Python312\Lib\mimetypes.py first seen with mtime 1727741020.0
DEBUG 2024-11-05 22:31:55,011 autoreload File C:\Users\asus\Documents\GitHub\Skillwill-Repository\venv\Lib\site-packages\django\contrib\messages\api.py first seen with mtime 1730831502.0137508
DEBUG 2024-11-05 22:31:55,011 autoreload File C:\Users\asus\AppData\Local\Programs\Python\Python312\Lib\asyncio\log.py first seen with mtime 1727741020.0
DEBUG 2024-11-05 22:31:55,011 autoreload File C:\Users\asus\Documents\GitHub\Skillwill-Repository\venv\Lib\site-packages\django\db\models\functions\window.py first seen with mtime 1730831502.7835422
DEBUG 2024-11-05 22:31:55,011 autoreload File C:\Users\asus\AppData\Local\Programs\Python\Python312\Lib\sqlite3\dbapi2.py first seen with mtime 1727741020.0
DEBUG 2024-11-05 22:31:55,011 autoreload File C:\Users\asus\AppData\Local\Programs\Python\Python312\Lib\json\encoder.py first seen with mtime 1727741020.0
DEBUG 2024-11-05 22:31:55,011 autoreload File C:\Users\asus\AppData\Local\Programs\Python\Python312\Lib\signal.py first seen with mtime 1727741020.0
DEBUG 2024-11-05 22:31:55,011 autoreload File C:\Users\asus\Documents\GitHub\Skillwill-Repository\venv\Lib\site-packages\django\views\csrf.py first seen with mtime 1730831502.9060154
DEBUG 2024-11-05 22:31:55,011 autoreload File C:\Users\asus\AppData\Local\Programs\Python\Python312\Lib\threading.py first seen with mtime 1727741020.0
DEBUG 2024-11-05 22:31:55,011 autoreload File C:\Users\asus\Documents\GitHub\Skillwill-Repository\venv\Lib\site-packages\django\core\files\storage\memory.py first seen with mtime 1730831502.685556
DEBUG 2024-11-05 22:31:55,011 autoreload File C:\Users\asus\Documents\GitHub\Skillwill-Repository\venv\Lib\site-packages\django\db\backends\sqlite3\__init__.py first seen with mtime 1730831502.7344658
DEBUG 2024-11-05 22:31:55,011 autoreload File C:\Users\asus\Documents\GitHub\Skillwill-Repository\venv\Lib\site-packages\django\db\models\enums.py first seen with mtime 1730831502.7595358
DEBUG 2024-11-05 22:31:55,011 autoreload File C:\Users\asus\Documents\GitHub\Skillwill-Repository\venv\Lib\site-packages\django\db\models\sql\where.py first seen with mtime 1730831502.7918208
DEBUG 2024-11-05 22:31:55,019 autoreload File C:\Users\asus\Documents\GitHub\Skillwill-Repository\venv\Lib\site-packages\django\contrib\admin\templatetags\admin_modify.py first seen with mtime 1730831501.1962757
DEBUG 2024-11-05 22:31:55,019 autoreload File C:\Users\asus\Documents\GitHub\Skillwill-Repository\venv\Lib\site-packages\django\forms\fields.py first seen with mtime 1730831502.7918208
DEBUG 2024-11-05 22:31:55,019 autoreload File C:\Users\asus\Documents\GitHub\Skillwill-Repository\venv\Lib\site-packages\django\contrib\messages\storage\base.py first seen with mtime 1730831502.0137508
DEBUG 2024-11-05 22:31:55,019 autoreload File C:\Users\asus\Documents\GitHub\Skillwill-Repository\venv\Lib\site-packages\django\contrib\auth\__init__.py first seen with mtime 1730831501.3027675
DEBUG 2024-11-05 22:31:55,019 autoreload File C:\Users\asus\Documents\GitHub\Skillwill-Repository\venv\Lib\site-packages\django\contrib\admin\utils.py first seen with mtime 1730831500.9832053
DEBUG 2024-11-05 22:31:55,019 autoreload File C:\Users\asus\AppData\Local\Programs\Python\Python312\Lib\html\entities.py first seen with mtime 1727741020.0
DEBUG 2024-11-05 22:31:55,019 autoreload File C:\Users\asus\Documents\GitHub\Skillwill-Repository\venv\Lib\site-packages\django\http\multipartparser.py first seen with mtime 1730831502.840971
DEBUG 2024-11-05 22:31:55,019 autoreload File C:\Users\asus\Documents\GitHub\Skillwill-Repository\venv\Lib\site-packages\django\db\backends\ddl_references.py first seen with mtime 1730831502.71814
DEBUG 2024-11-05 22:31:55,019 autoreload File C:\Users\asus\Documents\GitHub\Skillwill-Repository\venv\Lib\site-packages\django\contrib\auth\base_user.py first seen with mtime 1730831501.3027675
DEBUG 2024-11-05 22:31:55,019 autoreload File C:\Users\asus\AppData\Local\Programs\Python\Python312\Lib\pickle.py first seen with mtime 1727741020.0
DEBUG 2024-11-05 22:31:55,019 autoreload File C:\Users\asus\AppData\Local\Programs\Python\Python312\Lib\asyncio\__init__.py first seen with mtime 1727741020.0
DEBUG 2024-11-05 22:31:55,019 autoreload File C:\Users\asus\Documents\GitHub\Skillwill-Repository\venv\Lib\site-packages\sqlparse\filters\others.py first seen with mtime 1730831500.7046127
DEBUG 2024-11-05 22:31:55,019 autoreload File C:\Users\asus\Documents\GitHub\Skillwill-Repository\venv\Lib\site-packages\django\template\loaders\app_directories.py first seen with mtime 1730831502.857064
DEBUG 2024-11-05 22:31:55,019 autoreload File C:\Users\asus\AppData\Local\Programs\Python\Python312\Lib\asyncio\timeouts.py first seen with mtime 1727741020.0
DEBUG 2024-11-05 22:31:55,019 autoreload File C:\Users\asus\Documents\GitHub\Skillwill-Repository\venv\Lib\site-packages\django\core\files\images.py first seen with mtime 1730831502.6773446
DEBUG 2024-11-05 22:31:55,019 autoreload File C:\Users\asus\Documents\GitHub\Skillwill-Repository\venv\Lib\site-packages\django\core\handlers\base.py first seen with mtime 1730831502.685556
DEBUG 2024-11-05 22:31:55,019 autoreload File C:\Users\asus\Documents\GitHub\Skillwill-Repository\venv\Lib\site-packages\django\core\checks\model_checks.py first seen with mtime 1730831502.6693428
DEBUG 2024-11-05 22:31:55,019 autoreload File C:\Users\asus\Documents\GitHub\Skillwill-Repository\venv\Lib\site-packages\django\core\management\base.py first seen with mtime 1730831502.6939147
DEBUG 2024-11-05 22:31:55,019 autoreload File C:\Users\asus\Documents\GitHub\Skillwill-Repository\venv\Lib\site-packages\django\forms\widgets.py first seen with mtime 1730831502.7918208
DEBUG 2024-11-05 22:31:55,019 autoreload File C:\Users\asus\AppData\Local\Programs\Python\Python312\Lib\wsgiref\simple_server.py first seen with mtime 1727741020.0
DEBUG 2024-11-05 22:31:55,019 autoreload File C:\Users\asus\Documents\GitHub\Skillwill-Repository\venv\Lib\site-packages\django\forms\renderers.py first seen with mtime 1730831502.7918208
DEBUG 2024-11-05 22:31:55,027 autoreload File C:\Users\asus\Documents\GitHub\Skillwill-Repository\venv\Lib\site-packages\django\contrib\sites\requests.py first seen with mtime 1730831502.5138085
DEBUG 2024-11-05 22:31:55,027 autoreload File C:\Users\asus\AppData\Local\Programs\Python\Python312\Lib\http\server.py first seen with mtime 1727741020.0
DEBUG 2024-11-05 22:31:55,027 autoreload File C:\Users\asus\AppData\Local\Programs\Python\Python312\Lib\email\contentmanager.py first seen with mtime 1727741020.0
DEBUG 2024-11-05 22:31:55,027 autoreload File C:\Users\asus\Documents\GitHub\Skillwill-Repository\venv\Lib\site-packages\django\utils\deconstruct.py first seen with mtime 1730831502.8816814
DEBUG 2024-11-05 22:31:55,027 autoreload File C:\Users\asus\Documents\GitHub\Skillwill-Repository\venv\Lib\site-packages\sqlparse\filters\reindent.py first seen with mtime 1730831500.7046127
DEBUG 2024-11-05 22:31:55,027 autoreload File C:\Users\asus\Documents\GitHub\Skillwill-Repository\venv\Lib\site-packages\django\contrib\staticfiles\management\commands\runserver.py first seen with mtime 1730831502.661079
DEBUG 2024-11-05 22:31:55,027 autoreload File C:\Users\asus\Documents\GitHub\Skillwill-Repository\venv\Lib\site-packages\django\utils\timezone.py first seen with mtime 1730831502.8978357
DEBUG 2024-11-05 22:31:55,027 autoreload File C:\Users\asus\Documents\GitHub\Skillwill-Repository\venv\Lib\site-packages\django\db\models\expressions.py first seen with mtime 1730831502.7595358
DEBUG 2024-11-05 22:31:55,027 autoreload File C:\Users\asus\Documents\GitHub\Skillwill-Repository\venv\Lib\site-packages\django\contrib\admin\views\main.py first seen with mtime 1730831501.1962757
DEBUG 2024-11-05 22:31:55,027 autoreload File C:\Users\asus\AppData\Local\Programs\Python\Python312\DLLs\_overlapped.pyd first seen with mtime 1727741072.0
DEBUG 2024-11-05 22:31:55,027 autoreload File C:\Users\asus\Documents\GitHub\Skillwill-Repository\venv\Lib\site-packages\sqlparse\keywords.py first seen with mtime 1730831500.7046127
DEBUG 2024-11-05 22:31:55,027 autoreload File C:\Users\asus\AppData\Local\Programs\Python\Python312\Lib\decimal.py first seen with mtime 1727741020.0
DEBUG 2024-11-05 22:31:55,027 autoreload File C:\Users\asus\AppData\Local\Programs\Python\Python312\Lib\collections\abc.py first seen with mtime 1727741020.0
DEBUG 2024-11-05 22:31:55,027 autoreload File C:\Users\asus\Documents\GitHub\Skillwill-Repository\venv\Lib\site-packages\sqlparse\filters\right_margin.py first seen with mtime 1730831500.7046127
DEBUG 2024-11-05 22:31:55,027 autoreload File C:\Users\asus\Documents\GitHub\Skillwill-Repository\venv\Lib\site-packages\django\core\checks\security\__init__.py first seen with mtime 1730831502.6773446
DEBUG 2024-11-05 22:31:55,027 autoreload File C:\Users\asus\Documents\GitHub\Skillwill-Repository\venv\Lib\site-packages\django\contrib\staticfiles\management\commands\__init__.py first seen with mtime 1730831502.661079
DEBUG 2024-11-05 22:31:55,027 autoreload File C:\Users\asus\Documents\GitHub\Skillwill-Repository\venv\Lib\site-packages\django\core\signals.py first seen with mtime 1730831502.661079
DEBUG 2024-11-05 22:31:55,035 autoreload File C:\Users\asus\Documents\GitHub\Skillwill-Repository\venv\Lib\site-packages\django\utils\functional.py first seen with mtime 1730831502.8898306
DEBUG 2024-11-05 22:31:55,035 autoreload File C:\Users\asus\Documents\GitHub\Skillwill-Repository\venv\Lib\site-packages\django\core\handlers\__init__.py first seen with mtime 1730831502.685556
DEBUG 2024-11-05 22:31:55,035 autoreload File C:\Users\asus\Documents\GitHub\Skillwill-Repository\venv\Lib\site-packages\sqlparse\lexer.py first seen with mtime 1730831500.7046127
DEBUG 2024-11-05 22:31:55,035 autoreload File C:\Users\asus\AppData\Local\Programs\Python\Python312\Lib\copyreg.py first seen with mtime 1727741020.0
DEBUG 2024-11-05 22:31:55,035 autoreload File C:\Users\asus\Documents\GitHub\Skillwill-Repository\venv\Lib\site-packages\django\template\loaders\filesystem.py first seen with mtime 1730831502.857064
DEBUG 2024-11-05 22:31:55,035 autoreload File C:\Users\asus\AppData\Local\Programs\Python\Python312\Lib\email\message.py first seen with mtime 1727741020.0
DEBUG 2024-11-05 22:31:55,035 autoreload File C:\Users\asus\AppData\Local\Programs\Python\Python312\Lib\zoneinfo\__init__.py first seen with mtime 1727741020.0
DEBUG 2024-11-05 22:31:55,035 autoreload File C:\Users\asus\AppData\Local\Programs\Python\Python312\DLLs\_ctypes.pyd first seen with mtime 1727741072.0
DEBUG 2024-11-05 22:31:55,035 autoreload File C:\Users\asus\Documents\GitHub\Skillwill-Repository\venv\Lib\site-packages\django\contrib\sessions\backends\__init__.py first seen with mtime 1730831502.317336
DEBUG 2024-11-05 22:31:55,035 autoreload File C:\Users\asus\Documents\GitHub\Skillwill-Repository\venv\Lib\site-packages\django\db\models\indexes.py first seen with mtime 1730831502.7595358
DEBUG 2024-11-05 22:31:55,035 autoreload File C:\Users\asus\AppData\Local\Programs\Python\Python312\Lib\gzip.py first seen with mtime 1727741020.0
DEBUG 2024-11-05 22:31:55,035 autoreload File C:\Users\asus\Documents\GitHub\Skillwill-Repository\venv\Lib\site-packages\django\__init__.py first seen with mtime 1730831500.8356884
DEBUG 2024-11-05 22:31:55,035 autoreload File C:\Users\asus\Documents\GitHub\Skillwill-Repository\venv\Lib\site-packages\django\contrib\auth\admin.py first seen with mtime 1730831501.3027675
DEBUG 2024-11-05 22:31:55,035 autoreload File C:\Users\asus\AppData\Local\Programs\Python\Python312\Lib\getpass.py first seen with mtime 1727741020.0
DEBUG 2024-11-05 22:31:55,035 autoreload File C:\Users\asus\Documents\GitHub\Skillwill-Repository\venv\Lib\site-packages\django\template\exceptions.py first seen with mtime 1730831502.857064
DEBUG 2024-11-05 22:31:55,035 autoreload File C:\Users\asus\Documents\GitHub\Skillwill-Repository\venv\Lib\site-packages\django\template\loader_tags.py first seen with mtime 1730831502.857064
DEBUG 2024-11-05 22:31:55,035 autoreload File C:\Users\asus\Documents\GitHub\Skillwill-Repository\venv\Lib\site-packages\django\core\files\storage\mixins.py first seen with mtime 1730831502.685556
DEBUG 2024-11-05 22:31:55,043 autoreload File C:\Users\asus\AppData\Local\Programs\Python\Python312\Lib\dataclasses.py first seen with mtime 1727741020.0
DEBUG 2024-11-05 22:31:55,043 autoreload File C:\Users\asus\Documents\GitHub\Skillwill-Repository\venv\Lib\site-packages\django\core\files\uploadedfile.py first seen with mtime 1730831502.685556
DEBUG 2024-11-05 22:31:55,043 autoreload File C:\Users\asus\AppData\Local\Programs\Python\Python312\Lib\asyncio\threads.py first seen with mtime 1727741020.0
DEBUG 2024-11-05 22:31:55,043 autoreload File C:\Users\asus\AppData\Local\Programs\Python\Python312\Lib\concurrent\__init__.py first seen with mtime 1727741020.0
DEBUG 2024-11-05 22:31:55,043 autoreload File C:\Users\asus\Documents\GitHub\Skillwill-Repository\venv\Lib\site-packages\django\conf\global_settings.py first seen with mtime 1730831500.84398
DEBUG 2024-11-05 22:31:55,043 autoreload File C:\Users\asus\AppData\Local\Programs\Python\Python312\Lib\pkgutil.py first seen with mtime 1727741020.0
DEBUG 2024-11-05 22:31:55,043 autoreload File C:\Users\asus\Documents\GitHub\Skillwill-Repository\venv\Lib\site-packages\django\template\library.py first seen with mtime 1730831502.857064
DEBUG 2024-11-05 22:31:55,043 autoreload File C:\Users\asus\Documents\GitHub\Skillwill-Repository\venv\Lib\site-packages\sqlparse\engine\grouping.py first seen with mtime 1730831500.7046127
DEBUG 2024-11-05 22:31:55,043 autoreload File C:\Users\asus\Documents\GitHub\Skillwill-Repository\venv\Lib\site-packages\django\core\checks\security\csrf.py first seen with mtime 1730831502.6773446
DEBUG 2024-11-05 22:31:55,043 autoreload File C:\Users\asus\AppData\Local\Programs\Python\Python312\Lib\multiprocessing\context.py first seen with mtime 1727741020.0
DEBUG 2024-11-05 22:31:55,043 autoreload File C:\Users\asus\AppData\Local\Programs\Python\Python312\Lib\asyncio\sslproto.py first seen with mtime 1727741020.0
DEBUG 2024-11-05 22:31:55,043 autoreload File C:\Users\asus\Documents\GitHub\Skillwill-Repository\venv\Lib\site-packages\django\contrib\messages\storage\__init__.py first seen with mtime 1730831502.0137508
DEBUG 2024-11-05 22:31:55,052 autoreload File C:\Users\asus\AppData\Local\Programs\Python\Python312\Lib\email\generator.py first seen with mtime 1727741020.0
DEBUG 2024-11-05 22:31:55,053 autoreload File C:\Users\asus\Documents\GitHub\Skillwill-Repository\venv\Lib\site-packages\django\urls\utils.py first seen with mtime 1730831502.8735144
DEBUG 2024-11-05 22:31:55,053 autoreload File C:\Users\asus\AppData\Local\Programs\Python\Python312\Lib\asyncio\staggered.py first seen with mtime 1727741020.0
DEBUG 2024-11-05 22:31:55,053 autoreload File C:\Users\asus\Documents\GitHub\Skillwill-Repository\venv\Lib\site-packages\django\db\models\aggregates.py first seen with mtime 1730831502.7511473
DEBUG 2024-11-05 22:31:55,053 autoreload File C:\Users\asus\AppData\Local\Programs\Python\Python312\Lib\contextlib.py first seen with mtime 1727741020.0
DEBUG 2024-11-05 22:31:55,053 autoreload File C:\Users\asus\Documents\GitHub\Skillwill-Repository\venv\Lib\site-packages\django\template\backends\django.py first seen with mtime 1730831502.857064
DEBUG 2024-11-05 22:31:55,053 autoreload File C:\Users\asus\Documents\GitHub\Skillwill-Repository\venv\Lib\site-packages\django\utils\dateparse.py first seen with mtime 1730831502.8816814
DEBUG 2024-11-05 22:31:55,053 autoreload File C:\Users\asus\AppData\Local\Programs\Python\Python312\Lib\logging\config.py first seen with mtime 1727741020.0
DEBUG 2024-11-05 22:31:55,053 autoreload File C:\Users\asus\Documents\GitHub\Skillwill-Repository\venv\Lib\site-packages\django\utils\timesince.py first seen with mtime 1730831502.8978357
DEBUG 2024-11-05 22:31:55,053 autoreload File C:\Users\asus\Documents\GitHub\Skillwill-Repository\venv\Lib\site-packages\django\contrib\auth\signals.py first seen with mtime 1730831501.316571
DEBUG 2024-11-05 22:31:55,060 autoreload File C:\Users\asus\Documents\GitHub\Skillwill-Repository\venv\Lib\site-packages\django\utils\datastructures.py first seen with mtime 1730831502.8816814
DEBUG 2024-11-05 22:31:55,060 autoreload File C:\Users\asus\AppData\Local\Programs\Python\Python312\Lib\http\client.py first seen with mtime 1727741020.0
DEBUG 2024-11-05 22:31:55,060 autoreload File C:\Users\asus\Documents\GitHub\Skillwill-Repository\venv\Lib\site-packages\django\db\models\fields\reverse_related.py first seen with mtime 1730831502.7755375
DEBUG 2024-11-05 22:31:55,060 autoreload File C:\Users\asus\Documents\GitHub\Skillwill-Repository\venv\Lib\site-packages\django\core\files\base.py first seen with mtime 1730831502.6773446
DEBUG 2024-11-05 22:31:55,060 autoreload File C:\Users\asus\Documents\GitHub\Skillwill-Repository\venv\Lib\site-packages\django\contrib\admin\views\__init__.py first seen with mtime 1730831501.1962757
DEBUG 2024-11-05 22:31:55,060 autoreload File C:\Users\asus\Documents\GitHub\Skillwill-Repository\venv\Lib\site-packages\django\forms\boundfield.py first seen with mtime 1730831502.7918208
DEBUG 2024-11-05 22:31:55,060 autoreload File C:\Users\asus\Documents\GitHub\Skillwill-Repository\venv\Lib\site-packages\django\utils\formats.py first seen with mtime 1730831502.8816814
DEBUG 2024-11-05 22:31:55,060 autoreload File C:\Users\asus\AppData\Local\Programs\Python\Python312\Lib\secrets.py first seen with mtime 1727741020.0
DEBUG 2024-11-05 22:31:55,060 autoreload File C:\Users\asus\Documents\GitHub\Skillwill-Repository\venv\Lib\site-packages\django\views\decorators\debug.py first seen with mtime 1730831502.9142425
DEBUG 2024-11-05 22:31:55,060 autoreload File C:\Users\asus\AppData\Local\Programs\Python\Python312\Lib\inspect.py first seen with mtime 1727741020.0
DEBUG 2024-11-05 22:31:55,060 autoreload File C:\Users\asus\AppData\Local\Programs\Python\Python312\Lib\urllib\response.py first seen with mtime 1727741020.0
DEBUG 2024-11-05 22:31:55,060 autoreload File C:\Users\asus\Documents\GitHub\Skillwill-Repository\venv\Lib\site-packages\django\contrib\contenttypes\apps.py first seen with mtime 1730831501.4260552
DEBUG 2024-11-05 22:31:55,068 autoreload File C:\Users\asus\Documents\GitHub\Skillwill-Repository\venv\Lib\site-packages\django\core\checks\async_checks.py first seen with mtime 1730831502.6693428
DEBUG 2024-11-05 22:31:55,068 autoreload File C:\Users\asus\AppData\Local\Programs\Python\Python312\Lib\importlib\__init__.py first seen with mtime 1727741020.0
DEBUG 2024-11-05 22:31:55,068 autoreload File C:\Users\asus\AppData\Local\Programs\Python\Python312\Lib\logging\__init__.py first seen with mtime 1727741020.0
DEBUG 2024-11-05 22:31:55,068 autoreload File C:\Users\asus\Documents\GitHub\Skillwill-Repository\venv\Lib\site-packages\django\core\checks\caches.py first seen with mtime 1730831502.6693428
DEBUG 2024-11-05 22:31:55,071 autoreload File C:\Users\asus\AppData\Local\Programs\Python\Python312\Lib\urllib\__init__.py first seen with mtime 1727741020.0
DEBUG 2024-11-05 22:31:55,071 autoreload File C:\Users\asus\Documents\GitHub\Skillwill-Repository\venv\Lib\site-packages\django\core\checks\database.py first seen with mtime 1730831502.6693428
DEBUG 2024-11-05 22:31:55,071 autoreload File C:\Users\asus\Documents\GitHub\Skillwill-Repository\venv\Lib\site-packages\django\contrib\messages\utils.py first seen with mtime 1730831502.0137508
DEBUG 2024-11-05 22:31:55,071 autoreload File C:\Users\asus\Documents\GitHub\Skillwill-Repository\venv\Lib\site-packages\django\contrib\sessions\backends\base.py first seen with mtime 1730831502.317336
DEBUG 2024-11-05 22:31:55,071 autoreload File C:\Users\asus\Documents\GitHub\Skillwill-Repository\venv\Lib\site-packages\django\core\checks\compatibility\__init__.py first seen with mtime 1730831502.6773446
DEBUG 2024-11-05 22:31:55,071 autoreload File C:\Users\asus\AppData\Local\Programs\Python\Python312\Lib\asyncio\windows_utils.py first seen with mtime 1727741020.0
DEBUG 2024-11-05 22:31:55,071 autoreload File C:\Users\asus\Documents\GitHub\Skillwill-Repository\venv\Lib\site-packages\django\utils\__init__.py first seen with mtime 1730831502.8735144
DEBUG 2024-11-05 22:31:55,071 autoreload File C:\Users\asus\AppData\Local\Programs\Python\Python312\Lib\argparse.py first seen with mtime 1727741020.0
DEBUG 2024-11-05 22:31:55,071 autoreload File C:\Users\asus\AppData\Local\Programs\Python\Python312\Lib\wsgiref\util.py first seen with mtime 1727741020.0
DEBUG 2024-11-05 22:31:55,076 autoreload File C:\Users\asus\AppData\Local\Programs\Python\Python312\Lib\collections\__init__.py first seen with mtime 1727741020.0
DEBUG 2024-11-05 22:31:55,076 autoreload File C:\Users\asus\Documents\GitHub\Skillwill-Repository\venv\Lib\site-packages\django\db\models\query.py first seen with mtime 1730831502.7675388
DEBUG 2024-11-05 22:31:55,076 autoreload File C:\Users\asus\Documents\GitHub\Skillwill-Repository\venv\Lib\site-packages\django\utils\connection.py first seen with mtime 1730831502.8816814
DEBUG 2024-11-05 22:31:55,076 autoreload File C:\Users\asus\AppData\Local\Programs\Python\Python312\Lib\asyncio\coroutines.py first seen with mtime 1727741020.0
DEBUG 2024-11-05 22:31:55,076 autoreload File C:\Users\asus\AppData\Local\Programs\Python\Python312\Lib\nturl2path.py first seen with mtime 1727741020.0
DEBUG 2024-11-05 22:31:55,076 autoreload File C:\Users\asus\Documents\GitHub\Skillwill-Repository\venv\Lib\site-packages\sqlparse\cli.py first seen with mtime 1730831500.7046127
DEBUG 2024-11-05 22:31:55,076 autoreload File C:\Users\asus\AppData\Local\Programs\Python\Python312\Lib\email\quoprimime.py first seen with mtime 1727741020.0
DEBUG 2024-11-05 22:31:55,076 autoreload File C:\Users\asus\Documents\GitHub\Skillwill-Repository\venv\Lib\site-packages\django\core\paginator.py first seen with mtime 1730831502.661079
DEBUG 2024-11-05 22:31:55,076 autoreload File C:\Users\asus\AppData\Local\Programs\Python\Python312\Lib\multiprocessing\__init__.py first seen with mtime 1727741020.0
DEBUG 2024-11-05 22:31:55,076 autoreload File C:\Users\asus\AppData\Local\Programs\Python\Python312\Lib\struct.py first seen with mtime 1727741020.0
DEBUG 2024-11-05 22:31:55,076 autoreload File C:\Users\asus\Documents\GitHub\Skillwill-Repository\venv\Lib\site-packages\django\views\generic\edit.py first seen with mtime 1730831502.9142425
DEBUG 2024-11-05 22:31:55,085 autoreload File C:\Users\asus\AppData\Local\Programs\Python\Python312\DLLs\_sqlite3.pyd first seen with mtime 1727741072.0
DEBUG 2024-11-05 22:31:55,085 autoreload File C:\Users\asus\Documents\GitHub\Skillwill-Repository\venv\Lib\site-packages\django\core\mail\message.py first seen with mtime 1730831502.6939147
DEBUG 2024-11-05 22:31:55,085 autoreload File C:\Users\asus\Documents\GitHub\Skillwill-Repository\venv\Lib\site-packages\django\db\migrations\operations\fields.py first seen with mtime 1730831502.7511473
DEBUG 2024-11-05 22:31:55,085 autoreload File C:\Users\asus\Documents\GitHub\Skillwill-Repository\venv\Lib\site-packages\django\templatetags\cache.py first seen with mtime 1730831502.8652
DEBUG 2024-11-05 22:31:55,085 autoreload File C:\Users\asus\Documents\GitHub\Skillwill-Repository\venv\Lib\site-packages\django\views\debug.py first seen with mtime 1730831502.9060154
DEBUG 2024-11-05 22:31:55,085 autoreload File C:\Users\asus\Documents\GitHub\Skillwill-Repository\venv\Lib\site-packages\django\core\files\utils.py first seen with mtime 1730831502.685556
DEBUG 2024-11-05 22:31:55,085 autoreload File C:\Users\asus\Documents\GitHub\Skillwill-Repository\venv\Lib\site-packages\django\views\decorators\cache.py first seen with mtime 1730831502.9060154
DEBUG 2024-11-05 22:31:55,085 autoreload File C:\Users\asus\AppData\Local\Programs\Python\Python312\Lib\html\__init__.py first seen with mtime 1727741020.0
DEBUG 2024-11-05 22:31:55,085 autoreload File C:\Users\asus\Documents\GitHub\Skillwill-Repository\myproject\myproject\urls.py first seen with mtime 1730831271.3234713
DEBUG 2024-11-05 22:31:55,085 autoreload File C:\Users\asus\AppData\Local\Programs\Python\Python312\Lib\wsgiref\__init__.py first seen with mtime 1727741020.0
DEBUG 2024-11-05 22:31:55,085 autoreload File C:\Users\asus\Documents\GitHub\Skillwill-Repository\venv\Lib\site-packages\django\contrib\admin\templatetags\admin_urls.py first seen with mtime 1730831501.1962757
DEBUG 2024-11-05 22:31:55,085 autoreload File C:\Users\asus\AppData\Local\Programs\Python\Python312\Lib\asyncio\transports.py first seen with mtime 1727741020.0
DEBUG 2024-11-05 22:31:55,085 autoreload File C:\Users\asus\Documents\GitHub\Skillwill-Repository\venv\Lib\site-packages\django\template\defaulttags.py first seen with mtime 1730831502.8510563
DEBUG 2024-11-05 22:31:55,085 autoreload File C:\Users\asus\Documents\GitHub\Skillwill-Repository\venv\Lib\site-packages\django\contrib\contenttypes\forms.py first seen with mtime 1730831501.434059
DEBUG 2024-11-05 22:31:55,085 autoreload File C:\Users\asus\Documents\GitHub\Skillwill-Repository\venv\Lib\site-packages\django\core\files\storage\handler.py first seen with mtime 1730831502.685556
DEBUG 2024-11-05 22:31:55,093 autoreload File C:\Users\asus\Documents\GitHub\Skillwill-Repository\venv\Lib\site-packages\django\conf\locale\__init__.py first seen with mtime 1730831500.8484864
DEBUG 2024-11-05 22:31:55,093 autoreload File C:\Users\asus\AppData\Local\Programs\Python\Python312\Lib\encodings\__init__.py first seen with mtime 1727741020.0
DEBUG 2024-11-05 22:31:55,093 autoreload File C:\Users\asus\Documents\GitHub\Skillwill-Repository\venv\Lib\site-packages\django\core\checks\translation.py first seen with mtime 1730831502.6773446
DEBUG 2024-11-05 22:31:55,093 autoreload File C:\Users\asus\Documents\GitHub\Skillwill-Repository\venv\Lib\site-packages\django\contrib\admin\templatetags\admin_list.py first seen with mtime 1730831501.1962757
DEBUG 2024-11-05 22:31:55,093 autoreload File C:\Users\asus\AppData\Local\Programs\Python\Python312\DLLs\_bz2.pyd first seen with mtime 1727741072.0
DEBUG 2024-11-05 22:31:55,093 autoreload File C:\Users\asus\Documents\GitHub\Skillwill-Repository\venv\Lib\site-packages\django\core\management\color.py first seen with mtime 1730831502.6939147
DEBUG 2024-11-05 22:31:55,093 autoreload File C:\Users\asus\Documents\GitHub\Skillwill-Repository\venv\Lib\site-packages\django\utils\translation\__init__.py first seen with mtime 1730831502.8978357
DEBUG 2024-11-05 22:31:55,093 autoreload File C:\Users\asus\Documents\GitHub\Skillwill-Repository\venv\Lib\site-packages\django\db\models\sql\constants.py first seen with mtime 1730831502.7835422
DEBUG 2024-11-05 22:31:55,093 autoreload File C:\Users\asus\Documents\GitHub\Skillwill-Repository\venv\Lib\site-packages\django\urls\conf.py first seen with mtime 1730831502.8735144
DEBUG 2024-11-05 22:31:55,093 autoreload File C:\Users\asus\Documents\GitHub\Skillwill-Repository\venv\Lib\site-packages\django\db\models\functions\math.py first seen with mtime 1730831502.7755375
DEBUG 2024-11-05 22:31:55,093 autoreload File C:\Users\asus\AppData\Local\Programs\Python\Python312\Lib\json\decoder.py first seen with mtime 1727741020.0
DEBUG 2024-11-05 22:31:55,093 autoreload File C:\Users\asus\Documents\GitHub\Skillwill-Repository\venv\Lib\site-packages\django\db\migrations\operations\base.py first seen with mtime 1730831502.7511473
DEBUG 2024-11-05 22:31:55,093 autoreload File C:\Users\asus\AppData\Local\Programs\Python\Python312\DLLs\_hashlib.pyd first seen with mtime 1727741072.0
DEBUG 2024-11-05 22:31:55,093 autoreload File C:\Users\asus\Documents\GitHub\Skillwill-Repository\venv\Lib\site-packages\django\db\models\fields\mixins.py first seen with mtime 1730831502.7755375
DEBUG 2024-11-05 22:31:55,101 autoreload File C:\Users\asus\AppData\Local\Programs\Python\Python312\DLLs\_wmi.pyd first seen with mtime 1727741072.0
DEBUG 2024-11-05 22:31:55,101 autoreload File C:\Users\asus\AppData\Local\Programs\Python\Python312\Lib\asyncio\base_futures.py first seen with mtime 1727741020.0
DEBUG 2024-11-05 22:31:55,101 autoreload File C:\Users\asus\Documents\GitHub\Skillwill-Repository\venv\Lib\site-packages\django\contrib\staticfiles\views.py first seen with mtime 1730831502.661079
DEBUG 2024-11-05 22:31:55,101 autoreload File C:\Users\asus\AppData\Local\Programs\Python\Python312\Lib\email\parser.py first seen with mtime 1727741020.0
DEBUG 2024-11-05 22:31:55,101 autoreload File C:\Users\asus\AppData\Local\Programs\Python\Python312\Lib\importlib\_abc.py first seen with mtime 1727741020.0
DEBUG 2024-11-05 22:31:55,101 autoreload File C:\Users\asus\Documents\GitHub\Skillwill-Repository\venv\Lib\site-packages\django\contrib\admin\checks.py first seen with mtime 1730831500.9746346
DEBUG 2024-11-05 22:31:55,101 autoreload File C:\Users\asus\AppData\Local\Programs\Python\Python312\DLLs\_ssl.pyd first seen with mtime 1727741072.0
DEBUG 2024-11-05 22:31:55,101 autoreload File C:\Users\asus\Documents\GitHub\Skillwill-Repository\venv\Lib\site-packages\django\views\decorators\common.py first seen with mtime 1730831502.9060154
DEBUG 2024-11-05 22:31:55,101 autoreload File C:\Users\asus\Documents\GitHub\Skillwill-Repository\venv\Lib\site-packages\django\db\migrations\migration.py first seen with mtime 1730831502.7430017
DEBUG 2024-11-05 22:31:55,101 autoreload File C:\Users\asus\AppData\Local\Programs\Python\Python312\Lib\tempfile.py first seen with mtime 1727741020.0
DEBUG 2024-11-05 22:31:55,101 autoreload File C:\Users\asus\Documents\GitHub\Skillwill-Repository\venv\Lib\site-packages\django\db\backends\base\base.py first seen with mtime 1730831502.71814
DEBUG 2024-11-05 22:31:55,101 autoreload File C:\Users\asus\Documents\GitHub\Skillwill-Repository\venv\Lib\site-packages\django\template\smartif.py first seen with mtime 1730831502.857064
DEBUG 2024-11-05 22:31:55,101 autoreload File C:\Users\asus\AppData\Local\Programs\Python\Python312\Lib\concurrent\futures\_base.py first seen with mtime 1727741020.0
DEBUG 2024-11-05 22:31:55,101 autoreload File C:\Users\asus\Documents\GitHub\Skillwill-Repository\venv\Lib\site-packages\django\contrib\auth\apps.py first seen with mtime 1730831501.3027675
DEBUG 2024-11-05 22:31:55,101 autoreload File C:\Users\asus\Documents\GitHub\Skillwill-Repository\venv\Lib\site-packages\django\urls\base.py first seen with mtime 1730831502.8735144
DEBUG 2024-11-05 22:31:55,101 autoreload File C:\Users\asus\AppData\Local\Programs\Python\Python312\Lib\functools.py first seen with mtime 1727741020.0
DEBUG 2024-11-05 22:31:55,101 autoreload File C:\Users\asus\Documents\GitHub\Skillwill-Repository\venv\Lib\site-packages\django\core\management\__init__.py first seen with mtime 1730831502.6939147
DEBUG 2024-11-05 22:31:55,101 autoreload File C:\Users\asus\Documents\GitHub\Skillwill-Repository\venv\Lib\site-packages\django\db\migrations\utils.py first seen with mtime 1730831502.7511473
DEBUG 2024-11-05 22:31:55,101 autoreload File C:\Users\asus\Documents\GitHub\Skillwill-Repository\venv\Lib\site-packages\django\contrib\admin\exceptions.py first seen with mtime 1730831500.9746346
DEBUG 2024-11-05 22:31:55,101 autoreload File C:\Users\asus\Documents\GitHub\Skillwill-Repository\venv\Lib\site-packages\django\db\models\base.py first seen with mtime 1730831502.7592874
DEBUG 2024-11-05 22:31:55,109 autoreload File C:\Users\asus\Documents\GitHub\Skillwill-Repository\venv\Lib\site-packages\django\db\backends\sqlite3\client.py first seen with mtime 1730831502.7344658
DEBUG 2024-11-05 22:31:55,109 autoreload File C:\Users\asus\Documents\GitHub\Skillwill-Repository\venv\Lib\site-packages\django\views\generic\base.py first seen with mtime 1730831502.9142425
DEBUG 2024-11-05 22:31:55,109 autoreload File C:\Users\asus\Documents\GitHub\Skillwill-Repository\venv\Lib\site-packages\django\shortcuts.py first seen with mtime 1730831500.84398
DEBUG 2024-11-05 22:31:55,109 autoreload File C:\Users\asus\Documents\GitHub\Skillwill-Repository\venv\Lib\site-packages\django\core\serializers\json.py first seen with mtime 1730831502.7101398
DEBUG 2024-11-05 22:31:55,109 autoreload File C:\Users\asus\Documents\GitHub\Skillwill-Repository\venv\Lib\site-packages\django\db\backends\signals.py first seen with mtime 1730831502.71814
DEBUG 2024-11-05 22:31:55,109 autoreload File C:\Users\asus\Documents\GitHub\Skillwill-Repository\venv\Lib\site-packages\django\forms\models.py first seen with mtime 1730831502.7918208
DEBUG 2024-11-05 22:31:55,109 autoreload File C:\Users\asus\AppData\Local\Programs\Python\Python312\Lib\email\mime\multipart.py first seen with mtime 1727741020.0
DEBUG 2024-11-05 22:31:55,109 autoreload File C:\Users\asus\AppData\Local\Programs\Python\Python312\Lib\http\cookies.py first seen with mtime 1727741020.0
DEBUG 2024-11-05 22:31:55,109 autoreload File C:\Users\asus\Documents\GitHub\Skillwill-Repository\venv\Lib\site-packages\django\contrib\admin\__init__.py first seen with mtime 1730831500.9746346
DEBUG 2024-11-05 22:31:55,109 autoreload File C:\Users\asus\AppData\Local\Programs\Python\Python312\Lib\queue.py first seen with mtime 1727741020.0
DEBUG 2024-11-05 22:31:55,109 autoreload File C:\Users\asus\Documents\GitHub\Skillwill-Repository\venv\Lib\site-packages\django\db\models\__init__.py first seen with mtime 1730831502.7511473
DEBUG 2024-11-05 22:31:55,109 autoreload File C:\Users\asus\Documents\GitHub\Skillwill-Repository\venv\Lib\site-packages\django\template\engine.py first seen with mtime 1730831502.857064
DEBUG 2024-11-05 22:31:55,109 autoreload File C:\Users\asus\Documents\GitHub\Skillwill-Repository\venv\Lib\site-packages\django\core\cache\backends\base.py first seen with mtime 1730831502.6693428
DEBUG 2024-11-05 22:31:55,109 autoreload File C:\Users\asus\AppData\Local\Programs\Python\Python312\Lib\hashlib.py first seen with mtime 1727741020.0
DEBUG 2024-11-05 22:31:55,109 autoreload File C:\Users\asus\Documents\GitHub\Skillwill-Repository\venv\Lib\site-packages\sqlparse\engine\__init__.py first seen with mtime 1730831500.7046127
DEBUG 2024-11-05 22:31:55,109 autoreload File C:\Users\asus\Documents\GitHub\Skillwill-Repository\venv\Lib\site-packages\django\core\checks\registry.py first seen with mtime 1730831502.6693428
DEBUG 2024-11-05 22:31:55,109 autoreload File C:\Users\asus\AppData\Local\Programs\Python\Python312\Lib\token.py first seen with mtime 1727741020.0
DEBUG 2024-11-05 22:31:55,109 autoreload File C:\Users\asus\Documents\GitHub\Skillwill-Repository\venv\Lib\site-packages\django\utils\safestring.py first seen with mtime 1730831502.8978357
DEBUG 2024-11-05 22:31:55,109 autoreload File C:\Users\asus\Documents\GitHub\Skillwill-Repository\venv\Lib\site-packages\django\template\base.py first seen with mtime 1730831502.8510563
DEBUG 2024-11-05 22:31:55,117 autoreload File C:\Users\asus\Documents\GitHub\Skillwill-Repository\venv\Lib\site-packages\django\db\models\functions\datetime.py first seen with mtime 1730831502.7755375
DEBUG 2024-11-05 22:31:55,117 autoreload File C:\Users\asus\Documents\GitHub\Skillwill-Repository\venv\Lib\site-packages\django\template\backends\base.py first seen with mtime 1730831502.857064
DEBUG 2024-11-05 22:31:55,117 autoreload File C:\Users\asus\Documents\GitHub\Skillwill-Repository\venv\Lib\site-packages\django\db\models\fields\generated.py first seen with mtime 1730831502.7675388
DEBUG 2024-11-05 22:31:55,117 autoreload File C:\Users\asus\AppData\Local\Programs\Python\Python312\Lib\selectors.py first seen with mtime 1727741020.0
DEBUG 2024-11-05 22:31:55,117 autoreload File C:\Users\asus\Documents\GitHub\Skillwill-Repository\venv\Lib\site-packages\django\contrib\admin\templatetags\log.py first seen with mtime 1730831501.1962757
DEBUG 2024-11-05 22:31:55,117 autoreload File C:\Users\asus\Documents\GitHub\Skillwill-Repository\venv\Lib\site-packages\django\utils\numberformat.py first seen with mtime 1730831502.8978357
DEBUG 2024-11-05 22:31:55,117 autoreload File C:\Users\asus\Documents\GitHub\Skillwill-Repository\venv\Lib\site-packages\django\db\models\sql\__init__.py first seen with mtime 1730831502.7835422
DEBUG 2024-11-05 22:31:55,117 autoreload File C:\Users\asus\Documents\GitHub\Skillwill-Repository\venv\Lib\site-packages\django\core\files\storage\base.py first seen with mtime 1730831502.685556
DEBUG 2024-11-05 22:31:55,117 autoreload File C:\Users\asus\AppData\Local\Programs\Python\Python312\Lib\fnmatch.py first seen with mtime 1727741020.0
DEBUG 2024-11-05 22:31:55,117 autoreload File C:\Users\asus\Documents\GitHub\Skillwill-Repository\venv\Lib\site-packages\sqlparse\utils.py first seen with mtime 1730831500.7046127
DEBUG 2024-11-05 22:31:55,117 autoreload File C:\Users\asus\Documents\GitHub\Skillwill-Repository\venv\Lib\site-packages\django\views\__init__.py first seen with mtime 1730831502.9060154
DEBUG 2024-11-05 22:31:55,117 autoreload File C:\Users\asus\AppData\Local\Programs\Python\Python312\Lib\email\_policybase.py first seen with mtime 1727741020.0
DEBUG 2024-11-05 22:31:55,117 autoreload File C:\Users\asus\Documents\GitHub\Skillwill-Repository\venv\Lib\site-packages\django\core\cache\__init__.py first seen with mtime 1730831502.661079
DEBUG 2024-11-05 22:31:55,117 autoreload File C:\Users\asus\AppData\Local\Programs\Python\Python312\Lib\reprlib.py first seen with mtime 1727741020.0
DEBUG 2024-11-05 22:31:55,117 autoreload File C:\Users\asus\Documents\GitHub\Skillwill-Repository\venv\Lib\site-packages\sqlparse\filters\tokens.py first seen with mtime 1730831500.7046127
DEBUG 2024-11-05 22:31:55,117 autoreload File C:\Users\asus\Documents\GitHub\Skillwill-Repository\venv\Lib\site-packages\django\middleware\csrf.py first seen with mtime 1730831502.840971
DEBUG 2024-11-05 22:31:55,117 autoreload File C:\Users\asus\AppData\Local\Programs\Python\Python312\Lib\asyncio\tasks.py first seen with mtime 1727741020.0
DEBUG 2024-11-05 22:31:55,117 autoreload File C:\Users\asus\Documents\GitHub\Skillwill-Repository\venv\Lib\site-packages\django\contrib\staticfiles\apps.py first seen with mtime 1730831502.6529233
DEBUG 2024-11-05 22:31:55,126 autoreload File C:\Users\asus\Documents\GitHub\Skillwill-Repository\venv\Lib\site-packages\django\http\cookie.py first seen with mtime 1730831502.840971
DEBUG 2024-11-05 22:31:55,126 autoreload File C:\Users\asus\Documents\GitHub\Skillwill-Repository\venv\Lib\site-packages\sqlparse\filters\output.py first seen with mtime 1730831500.7046127
DEBUG 2024-11-05 22:31:55,126 autoreload File C:\Users\asus\Documents\GitHub\Skillwill-Repository\venv\Lib\site-packages\django\utils\crypto.py first seen with mtime 1730831502.8816814
DEBUG 2024-11-05 22:31:55,126 autoreload File C:\Users\asus\Documents\GitHub\Skillwill-Repository\venv\Lib\site-packages\django\contrib\auth\models.py first seen with mtime 1730831501.3107722
DEBUG 2024-11-05 22:31:55,126 autoreload File C:\Users\asus\Documents\GitHub\Skillwill-Repository\venv\Lib\site-packages\django\db\utils.py first seen with mtime 1730831502.71814
DEBUG 2024-11-05 22:31:55,126 autoreload File C:\Users\asus\AppData\Local\Programs\Python\Python312\Lib\_markupbase.py first seen with mtime 1727741020.0
DEBUG 2024-11-05 22:31:55,126 autoreload File C:\Users\asus\Documents\GitHub\Skillwill-Repository\venv\Lib\site-packages\django\contrib\admin\apps.py first seen with mtime 1730831500.9746346
DEBUG 2024-11-05 22:31:55,126 autoreload File C:\Users\asus\AppData\Local\Programs\Python\Python312\Lib\re\_compiler.py first seen with mtime 1727741020.0
DEBUG 2024-11-05 22:31:55,126 autoreload File C:\Users\asus\AppData\Local\Programs\Python\Python312\Lib\urllib\error.py first seen with mtime 1727741020.0
DEBUG 2024-11-05 22:31:55,126 autoreload File C:\Users\asus\AppData\Local\Programs\Python\Python312\Lib\contextvars.py first seen with mtime 1727741020.0
DEBUG 2024-11-05 22:31:55,126 autoreload File C:\Users\asus\AppData\Local\Programs\Python\Python312\Lib\_weakrefset.py first seen with mtime 1727741020.0
DEBUG 2024-11-05 22:31:55,126 autoreload File C:\Users\asus\Documents\GitHub\Skillwill-Repository\venv\Lib\site-packages\django\db\backends\sqlite3\schema.py first seen with mtime 1730831502.7344658
DEBUG 2024-11-05 22:31:55,126 autoreload File C:\Users\asus\Documents\GitHub\Skillwill-Repository\venv\Lib\site-packages\django\contrib\sessions\models.py first seen with mtime 1730831502.317336
DEBUG 2024-11-05 22:31:55,126 autoreload File C:\Users\asus\Documents\GitHub\Skillwill-Repository\venv\Lib\site-packages\django\db\migrations\__init__.py first seen with mtime 1730831502.7426045
DEBUG 2024-11-05 22:31:55,126 autoreload File C:\Users\asus\AppData\Local\Programs\Python\Python312\Lib\email\_parseaddr.py first seen with mtime 1727741020.0
DEBUG 2024-11-05 22:31:55,126 autoreload File C:\Users\asus\AppData\Local\Programs\Python\Python312\Lib\multiprocessing\reduction.py first seen with mtime 1727741020.0
DEBUG 2024-11-05 22:31:55,126 autoreload File C:\Users\asus\Documents\GitHub\Skillwill-Repository\venv\Lib\site-packages\django\contrib\contenttypes\checks.py first seen with mtime 1730831501.4260552
DEBUG 2024-11-05 22:31:55,126 autoreload File C:\Users\asus\Documents\GitHub\Skillwill-Repository\venv\Lib\site-packages\django\db\backends\base\client.py first seen with mtime 1730831502.71814
DEBUG 2024-11-05 22:31:55,126 autoreload File C:\Users\asus\Documents\GitHub\Skillwill-Repository\venv\Lib\site-packages\django\db\models\deletion.py first seen with mtime 1730831502.7595358
DEBUG 2024-11-05 22:31:55,126 autoreload File C:\Users\asus\AppData\Local\Programs\Python\Python312\Lib\glob.py first seen with mtime 1727741020.0
DEBUG 2024-11-05 22:31:55,126 autoreload File C:\Users\asus\AppData\Local\Programs\Python\Python312\Lib\asyncio\streams.py first seen with mtime 1727741020.0
DEBUG 2024-11-05 22:31:55,126 autoreload File C:\Users\asus\Documents\GitHub\Skillwill-Repository\venv\Lib\site-packages\django\db\backends\base\creation.py first seen with mtime 1730831502.71814
DEBUG 2024-11-05 22:31:55,126 autoreload File C:\Users\asus\Documents\GitHub\Skillwill-Repository\venv\Lib\site-packages\django\dispatch\dispatcher.py first seen with mtime 1730831502.7918208
DEBUG 2024-11-05 22:31:55,126 autoreload File C:\Users\asus\AppData\Local\Programs\Python\Python312\Lib\platform.py first seen with mtime 1727741020.0
DEBUG 2024-11-05 22:31:55,126 autoreload File C:\Users\asus\Documents\GitHub\Skillwill-Repository\venv\Lib\site-packages\django\db\models\query_utils.py first seen with mtime 1730831502.7675388
DEBUG 2024-11-05 22:31:55,134 autoreload File C:\Users\asus\AppData\Local\Programs\Python\Python312\DLLs\select.pyd first seen with mtime 1727741072.0
DEBUG 2024-11-05 22:31:55,134 autoreload File C:\Users\asus\Documents\GitHub\Skillwill-Repository\venv\Lib\site-packages\django\utils\autoreload.py first seen with mtime 1730831502.8735144
DEBUG 2024-11-05 22:31:55,134 autoreload File C:\Users\asus\AppData\Local\Programs\Python\Python312\Lib\logging\handlers.py first seen with mtime 1727741020.0
DEBUG 2024-11-05 22:31:55,134 autoreload File C:\Users\asus\Documents\GitHub\Skillwill-Repository\venv\Lib\site-packages\django\dispatch\__init__.py first seen with mtime 1730831502.7918208
DEBUG 2024-11-05 22:31:55,134 autoreload File C:\Users\asus\Documents\GitHub\Skillwill-Repository\venv\Lib\site-packages\django\utils\asyncio.py first seen with mtime 1730831502.8735144
DEBUG 2024-11-05 22:31:55,134 autoreload File C:\Users\asus\AppData\Local\Programs\Python\Python312\Lib\calendar.py first seen with mtime 1727741020.0
DEBUG 2024-11-05 22:31:55,134 autoreload File C:\Users\asus\Documents\GitHub\Skillwill-Repository\venv\Lib\site-packages\django\contrib\staticfiles\__init__.py first seen with mtime 1730831502.6529233
DEBUG 2024-11-05 22:31:55,134 autoreload File C:\Users\asus\Documents\GitHub\Skillwill-Repository\venv\Lib\site-packages\django\views\generic\__init__.py first seen with mtime 1730831502.9142425
DEBUG 2024-11-05 22:31:55,134 autoreload File C:\Users\asus\Documents\GitHub\Skillwill-Repository\myproject\myproject\__init__.py first seen with mtime 1730831271.3234713
DEBUG 2024-11-05 22:31:55,134 autoreload File C:\Users\asus\Documents\GitHub\Skillwill-Repository\venv\Lib\site-packages\django\core\serializers\__init__.py first seen with mtime 1730831502.7101398
DEBUG 2024-11-05 22:31:55,134 autoreload File C:\Users\asus\Documents\GitHub\Skillwill-Repository\venv\Lib\site-packages\django\contrib\sites\shortcuts.py first seen with mtime 1730831502.5138085
DEBUG 2024-11-05 22:31:55,134 autoreload File C:\Users\asus\AppData\Local\Programs\Python\Python312\Lib\warnings.py first seen with mtime 1727741020.0
DEBUG 2024-11-05 22:31:55,134 autoreload File C:\Users\asus\Documents\GitHub\Skillwill-Repository\venv\Lib\site-packages\django\urls\resolvers.py first seen with mtime 1730831502.8735144
DEBUG 2024-11-05 22:31:55,134 autoreload File C:\Users\asus\Documents\GitHub\Skillwill-Repository\venv\Lib\site-packages\django\db\backends\sqlite3\operations.py first seen with mtime 1730831502.7344658
DEBUG 2024-11-05 22:31:55,134 autoreload File C:\Users\asus\AppData\Local\Programs\Python\Python312\Lib\textwrap.py first seen with mtime 1727741020.0
DEBUG 2024-11-05 22:31:55,134 autoreload File C:\Users\asus\Documents\GitHub\Skillwill-Repository\venv\Lib\site-packages\django\template\__init__.py first seen with mtime 1730831502.8510563
DEBUG 2024-11-05 22:31:55,134 autoreload File C:\Users\asus\AppData\Local\Programs\Python\Python312\Lib\shutil.py first seen with mtime 1727741020.0
DEBUG 2024-11-05 22:31:55,134 autoreload File C:\Users\asus\Documents\GitHub\Skillwill-Repository\venv\Lib\site-packages\django\core\servers\basehttp.py first seen with mtime 1730831502.7101398
DEBUG 2024-11-05 22:31:55,134 autoreload File C:\Users\asus\Documents\GitHub\Skillwill-Repository\venv\Lib\site-packages\django\conf\__init__.py first seen with mtime 1730831500.84398
DEBUG 2024-11-05 22:31:55,134 autoreload File C:\Users\asus\Documents\GitHub\Skillwill-Repository\venv\Lib\site-packages\django\template\utils.py first seen with mtime 1730831502.857064
DEBUG 2024-11-05 22:31:55,134 autoreload File C:\Users\asus\Documents\GitHub\Skillwill-Repository\venv\Lib\site-packages\django\template\response.py first seen with mtime 1730831502.857064
DEBUG 2024-11-05 22:31:55,134 autoreload File C:\Users\asus\Documents\GitHub\Skillwill-Repository\venv\Lib\site-packages\django\core\management\commands\__init__.py first seen with mtime 1730831502.7021365
DEBUG 2024-11-05 22:31:55,134 autoreload File C:\Users\asus\AppData\Local\Programs\Python\Python312\Lib\urllib\parse.py first seen with mtime 1727741020.0
DEBUG 2024-11-05 22:31:55,134 autoreload File C:\Users\asus\Documents\GitHub\Skillwill-Repository\venv\Lib\site-packages\django\urls\__init__.py first seen with mtime 1730831502.8735144
DEBUG 2024-11-05 22:31:55,142 autoreload File C:\Users\asus\AppData\Local\Programs\Python\Python312\Lib\copy.py first seen with mtime 1727741020.0
DEBUG 2024-11-05 22:31:55,142 autoreload File C:\Users\asus\AppData\Local\Programs\Python\Python312\Lib\subprocess.py first seen with mtime 1727741020.0
DEBUG 2024-11-05 22:31:55,142 autoreload File C:\Users\asus\Documents\GitHub\Skillwill-Repository\venv\Lib\site-packages\django\utils\encoding.py first seen with mtime 1730831502.8816814
DEBUG 2024-11-05 22:31:55,142 autoreload File C:\Users\asus\AppData\Local\Programs\Python\Python312\Lib\html\parser.py first seen with mtime 1727741020.0
DEBUG 2024-11-05 22:31:55,142 autoreload File C:\Users\asus\AppData\Local\Programs\Python\Python312\Lib\pprint.py first seen with mtime 1727741020.0
DEBUG 2024-11-05 22:31:55,142 autoreload File C:\Users\asus\AppData\Local\Programs\Python\Python312\Lib\ctypes\__init__.py first seen with mtime 1727741020.0
DEBUG 2024-11-05 22:31:55,142 autoreload File C:\Users\asus\Documents\GitHub\Skillwill-Repository\venv\Lib\site-packages\django\db\models\constraints.py first seen with mtime 1730831502.7595358
DEBUG 2024-11-05 22:31:55,142 autoreload File C:\Users\asus\AppData\Local\Programs\Python\Python312\Lib\ast.py first seen with mtime 1727741020.0
DEBUG 2024-11-05 22:31:55,142 autoreload File C:\Users\asus\Documents\GitHub\Skillwill-Repository\venv\Lib\site-packages\django\db\models\sql\query.py first seen with mtime 1730831502.7835422
DEBUG 2024-11-05 22:31:55,142 autoreload File C:\Users\asus\Documents\GitHub\Skillwill-Repository\venv\Lib\site-packages\django\contrib\admin\widgets.py first seen with mtime 1730831500.9832053
DEBUG 2024-11-05 22:31:55,142 autoreload File C:\Users\asus\Documents\GitHub\Skillwill-Repository\venv\Lib\site-packages\django\db\backends\base\validation.py first seen with mtime 1730831502.71814
DEBUG 2024-11-05 22:31:55,142 autoreload File C:\Users\asus\Documents\GitHub\Skillwill-Repository\venv\Lib\site-packages\sqlparse\__init__.py first seen with mtime 1730831500.7046127
DEBUG 2024-11-05 22:31:55,142 autoreload File C:\Users\asus\Documents\GitHub\Skillwill-Repository\venv\Lib\site-packages\django\http\response.py first seen with mtime 1730831502.840971
DEBUG 2024-11-05 22:31:55,142 autoreload File C:\Users\asus\AppData\Local\Programs\Python\Python312\Lib\heapq.py first seen with mtime 1727741020.0
DEBUG 2024-11-05 22:31:55,142 autoreload File C:\Users\asus\Documents\GitHub\Skillwill-Repository\venv\Lib\site-packages\sqlparse\engine\statement_splitter.py first seen with mtime 1730831500.7046127
DEBUG 2024-11-05 22:31:55,142 autoreload File C:\Users\asus\Documents\GitHub\Skillwill-Repository\venv\Lib\site-packages\django\contrib\contenttypes\__init__.py first seen with mtime 1730831501.4260552
DEBUG 2024-11-05 22:31:55,142 autoreload File C:\Users\asus\AppData\Local\Programs\Python\Python312\Lib\email\policy.py first seen with mtime 1727741020.0
DEBUG 2024-11-05 22:31:55,142 autoreload File C:\Users\asus\AppData\Local\Programs\Python\Python312\Lib\wsgiref\handlers.py first seen with mtime 1727741020.0
DEBUG 2024-11-05 22:31:55,142 autoreload File C:\Users\asus\Documents\GitHub\Skillwill-Repository\venv\Lib\site-packages\django\contrib\sessions\base_session.py first seen with mtime 1730831502.317336
DEBUG 2024-11-05 22:31:55,142 autoreload File C:\Users\asus\Documents\GitHub\Skillwill-Repository\venv\Lib\site-packages\django\db\backends\base\schema.py first seen with mtime 1730831502.71814
DEBUG 2024-11-05 22:31:55,142 autoreload File C:\Users\asus\Documents\GitHub\Skillwill-Repository\venv\Lib\site-packages\django\templatetags\l10n.py first seen with mtime 1730831502.8652
DEBUG 2024-11-05 22:31:55,142 autoreload File C:\Users\asus\AppData\Local\Programs\Python\Python312\Lib\re\_parser.py first seen with mtime 1727741020.0
DEBUG 2024-11-05 22:31:55,142 autoreload File C:\Users\asus\Documents\GitHub\Skillwill-Repository\venv\Lib\site-packages\django\utils\text.py first seen with mtime 1730831502.8978357
DEBUG 2024-11-05 22:31:55,142 autoreload File C:\Users\asus\AppData\Local\Programs\Python\Python312\Lib\json\scanner.py first seen with mtime 1727741020.0
DEBUG 2024-11-05 22:31:55,142 autoreload File C:\Users\asus\AppData\Local\Programs\Python\Python312\Lib\sysconfig.py first seen with mtime 1727741020.0
DEBUG 2024-11-05 22:31:55,142 autoreload File C:\Users\asus\Documents\GitHub\Skillwill-Repository\venv\Lib\site-packages\django\views\generic\detail.py first seen with mtime 1730831502.9142425
DEBUG 2024-11-05 22:31:55,142 autoreload File C:\Users\asus\Documents\GitHub\Skillwill-Repository\venv\Lib\site-packages\django\core\checks\security\base.py first seen with mtime 1730831502.6773446
DEBUG 2024-11-05 22:31:55,150 autoreload File C:\Users\asus\AppData\Local\Programs\Python\Python312\Lib\bisect.py first seen with mtime 1727741020.0
DEBUG 2024-11-05 22:31:55,150 autoreload File C:\Users\asus\AppData\Local\Programs\Python\Python312\Lib\email\errors.py first seen with mtime 1727741020.0
DEBUG 2024-11-05 22:31:55,150 autoreload File C:\Users\asus\AppData\Local\Programs\Python\Python312\Lib\wsgiref\headers.py first seen with mtime 1727741020.0
DEBUG 2024-11-05 22:31:55,150 autoreload File C:\Users\asus\AppData\Local\Programs\Python\Python312\Lib\asyncio\proactor_events.py first seen with mtime 1727741020.0
DEBUG 2024-11-05 22:31:55,150 autoreload File C:\Users\asus\AppData\Local\Programs\Python\Python312\Lib\re\_constants.py first seen with mtime 1727741020.0
DEBUG 2024-11-05 22:31:55,150 autoreload File C:\Users\asus\AppData\Local\Programs\Python\Python312\Lib\concurrent\futures\__init__.py first seen with mtime 1727741020.0
DEBUG 2024-11-05 22:31:55,150 autoreload File C:\Users\asus\Documents\GitHub\Skillwill-Repository\venv\Lib\site-packages\django\utils\inspect.py first seen with mtime 1730831502.8898306
DEBUG 2024-11-05 22:31:55,150 autoreload File C:\Users\asus\Documents\GitHub\Skillwill-Repository\venv\Lib\site-packages\django\db\models\manager.py first seen with mtime 1730831502.7595358
DEBUG 2024-11-05 22:31:55,150 autoreload File C:\Users\asus\AppData\Local\Programs\Python\Python312\Lib\email\feedparser.py first seen with mtime 1727741020.0
DEBUG 2024-11-05 22:31:55,150 autoreload File C:\Users\asus\Documents\GitHub\Skillwill-Repository\venv\Lib\site-packages\django\contrib\admin\actions.py first seen with mtime 1730831500.9746346
DEBUG 2024-11-05 22:31:55,150 autoreload File C:\Users\asus\Documents\GitHub\Skillwill-Repository\venv\Lib\site-packages\django\contrib\admin\filters.py first seen with mtime 1730831500.9746346
DEBUG 2024-11-05 22:31:55,150 autoreload File C:\Users\asus\Documents\GitHub\Skillwill-Repository\venv\Lib\site-packages\django\core\files\move.py first seen with mtime 1730831502.685556
DEBUG 2024-11-05 22:31:56,230 autoreload File C:\Users\asus\Documents\GitHub\Skillwill-Repository\venv\Lib\site-packages\django\contrib\auth\migrations\0007_alter_validators_add_error_messages.py first seen with mtime 1730831501.4176557
DEBUG 2024-11-05 22:31:56,230 autoreload File C:\Users\asus\Documents\GitHub\Skillwill-Repository\venv\Lib\site-packages\django\contrib\admin\migrations\__init__.py first seen with mtime 1730831501.1387866
DEBUG 2024-11-05 22:31:56,230 autoreload File C:\Users\asus\Documents\GitHub\Skillwill-Repository\venv\Lib\site-packages\django\contrib\auth\migrations\0006_require_contenttypes_0002.py first seen with mtime 1730831501.4176557
DEBUG 2024-11-05 22:31:56,230 autoreload File C:\Users\asus\Documents\GitHub\Skillwill-Repository\venv\Lib\site-packages\django\contrib\sessions\migrations\0001_initial.py first seen with mtime 1730831502.505714
DEBUG 2024-11-05 22:31:56,230 autoreload File C:\Users\asus\Documents\GitHub\Skillwill-Repository\venv\Lib\site-packages\django\contrib\sessions\migrations\__init__.py first seen with mtime 1730831502.505714
DEBUG 2024-11-05 22:31:56,238 autoreload File C:\Users\asus\Documents\GitHub\Skillwill-Repository\venv\Lib\site-packages\django\contrib\auth\migrations\0008_alter_user_username_max_length.py first seen with mtime 1730831501.4176557
DEBUG 2024-11-05 22:31:56,238 autoreload File C:\Users\asus\Documents\GitHub\Skillwill-Repository\venv\Lib\site-packages\django\contrib\auth\migrations\0012_alter_user_first_name_max_length.py first seen with mtime 1730831501.4260552
DEBUG 2024-11-05 22:31:56,238 autoreload File C:\Users\asus\Documents\GitHub\Skillwill-Repository\venv\Lib\site-packages\django\contrib\auth\migrations\__init__.py first seen with mtime 1730831501.4260552
DEBUG 2024-11-05 22:31:56,238 autoreload File C:\Users\asus\Documents\GitHub\Skillwill-Repository\venv\Lib\site-packages\django\contrib\auth\migrations\0009_alter_user_last_name_max_length.py first seen with mtime 1730831501.4176557
DEBUG 2024-11-05 22:31:56,238 autoreload File C:\Users\asus\Documents\GitHub\Skillwill-Repository\venv\Lib\site-packages\django\contrib\auth\migrations\0001_initial.py first seen with mtime 1730831501.4176557
DEBUG 2024-11-05 22:31:56,238 autoreload File C:\Users\asus\Documents\GitHub\Skillwill-Repository\venv\Lib\site-packages\django\views\defaults.py first seen with mtime 1730831502.9060154
DEBUG 2024-11-05 22:31:56,246 autoreload File C:\Users\asus\Documents\GitHub\Skillwill-Repository\venv\Lib\site-packages\django\contrib\admin\migrations\0001_initial.py first seen with mtime 1730831501.1383839
DEBUG 2024-11-05 22:31:56,246 autoreload File C:\Users\asus\Documents\GitHub\Skillwill-Repository\venv\Lib\site-packages\django\db\migrations\recorder.py first seen with mtime 1730831502.7430017
DEBUG 2024-11-05 22:31:56,246 autoreload File C:\Users\asus\Documents\GitHub\Skillwill-Repository\venv\Lib\site-packages\django\contrib\admin\migrations\0003_logentry_add_action_flag_choices.py first seen with mtime 1730831501.1387866
DEBUG 2024-11-05 22:31:56,246 autoreload File C:\Users\asus\Documents\GitHub\Skillwill-Repository\venv\Lib\site-packages\django\contrib\auth\migrations\0011_update_proxy_permissions.py first seen with mtime 1730831501.4260552
DEBUG 2024-11-05 22:31:56,246 autoreload File C:\Users\asus\Documents\GitHub\Skillwill-Repository\myproject\myproject\wsgi.py first seen with mtime 1730831271.3234713
DEBUG 2024-11-05 22:31:56,254 autoreload File C:\Users\asus\AppData\Local\Programs\Python\Python312\Lib\stringprep.py first seen with mtime 1727741020.0
DEBUG 2024-11-05 22:31:56,254 autoreload File C:\Users\asus\Documents\GitHub\Skillwill-Repository\venv\Lib\site-packages\django\contrib\contenttypes\migrations\0001_initial.py first seen with mtime 1730831501.5395143
DEBUG 2024-11-05 22:31:56,254 autoreload File C:\Users\asus\Documents\GitHub\Skillwill-Repository\venv\Lib\site-packages\django\contrib\contenttypes\migrations\0002_remove_content_type_name.py first seen with mtime 1730831501.5395143
DEBUG 2024-11-05 22:31:56,254 autoreload File C:\Users\asus\Documents\GitHub\Skillwill-Repository\venv\Lib\site-packages\django\contrib\sessions\backends\db.py first seen with mtime 1730831502.3254654
DEBUG 2024-11-05 22:31:56,254 autoreload File C:\Users\asus\Documents\GitHub\Skillwill-Repository\venv\Lib\site-packages\django\contrib\auth\migrations\0002_alter_permission_name_max_length.py first seen with mtime 1730831501.4176557
DEBUG 2024-11-05 22:31:56,254 autoreload File C:\Users\asus\Documents\GitHub\Skillwill-Repository\venv\Lib\site-packages\django\contrib\auth\migrations\0010_alter_group_name_max_length.py first seen with mtime 1730831501.4259593
DEBUG 2024-11-05 22:31:56,262 autoreload File C:\Users\asus\AppData\Local\Programs\Python\Python312\Lib\encodings\idna.py first seen with mtime 1727741020.0
DEBUG 2024-11-05 22:31:56,262 autoreload File C:\Users\asus\Documents\GitHub\Skillwill-Repository\venv\Lib\site-packages\django\contrib\contenttypes\migrations\__init__.py first seen with mtime 1730831501.5395143
DEBUG 2024-11-05 22:31:56,262 autoreload File C:\Users\asus\Documents\GitHub\Skillwill-Repository\venv\Lib\site-packages\django\contrib\auth\migrations\0003_alter_user_email_max_length.py first seen with mtime 1730831501.4176557
DEBUG 2024-11-05 22:31:56,262 autoreload File C:\Users\asus\Documents\GitHub\Skillwill-Repository\venv\Lib\site-packages\django\contrib\auth\migrations\0004_alter_user_username_opts.py first seen with mtime 1730831501.4176557
DEBUG 2024-11-05 22:31:56,262 autoreload File C:\Users\asus\Documents\GitHub\Skillwill-Repository\venv\Lib\site-packages\django\db\migrations\graph.py first seen with mtime 1730831502.7430017
DEBUG 2024-11-05 22:31:56,262 autoreload File C:\Users\asus\Documents\GitHub\Skillwill-Repository\venv\Lib\site-packages\django\db\migrations\loader.py first seen with mtime 1730831502.7430017
DEBUG 2024-11-05 22:31:56,262 autoreload File C:\Users\asus\Documents\GitHub\Skillwill-Repository\venv\Lib\site-packages\django\contrib\admin\migrations\0002_logentry_remove_auto_add.py first seen with mtime 1730831501.1387866
DEBUG 2024-11-05 22:31:56,270 autoreload File C:\Users\asus\Documents\GitHub\Skillwill-Repository\venv\Lib\site-packages\django\db\migrations\executor.py first seen with mtime 1730831502.7430017
DEBUG 2024-11-05 22:31:56,270 autoreload File C:\Users\asus\Documents\GitHub\Skillwill-Repository\venv\Lib\site-packages\django\contrib\auth\migrations\0005_alter_user_last_login_null.py first seen with mtime 1730831501.4176557
DEBUG 2024-11-05 22:34:12,126 utils (0.000) 
            SELECT name, type FROM sqlite_master
            WHERE type in ('table', 'view') AND NOT name='sqlite_sequence'
            ORDER BY name; args=None; alias=default
DEBUG 2024-11-05 22:34:22,200 utils (0.000) 
            SELECT name, type FROM sqlite_master
            WHERE type in ('table', 'view') AND NOT name='sqlite_sequence'
            ORDER BY name; args=None; alias=default
DEBUG 2024-11-05 22:34:22,200 utils (0.000) 
            SELECT name, type FROM sqlite_master
            WHERE type in ('table', 'view') AND NOT name='sqlite_sequence'
            ORDER BY name; args=None; alias=default
DEBUG 2024-11-05 22:34:22,200 utils (0.000) 
            SELECT name, type FROM sqlite_master
            WHERE type in ('table', 'view') AND NOT name='sqlite_sequence'
            ORDER BY name; args=None; alias=default
DEBUG 2024-11-05 22:34:22,200 utils (0.000) PRAGMA foreign_keys = OFF; args=None; alias=default
DEBUG 2024-11-05 22:34:22,208 utils (0.000) PRAGMA foreign_keys; args=None; alias=default
DEBUG 2024-11-05 22:34:22,208 utils (0.000) BEGIN; args=None; alias=default
DEBUG 2024-11-05 22:34:22,209 schema CREATE TABLE "django_migrations" ("id" integer NOT NULL PRIMARY KEY AUTOINCREMENT, "app" varchar(255) NOT NULL, "name" varchar(255) NOT NULL, "applied" datetime NOT NULL); (params None)
DEBUG 2024-11-05 22:34:22,220 utils (0.000) CREATE TABLE "django_migrations" ("id" integer NOT NULL PRIMARY KEY AUTOINCREMENT, "app" varchar(255) NOT NULL, "name" varchar(255) NOT NULL, "applied" datetime NOT NULL); args=None; alias=default
DEBUG 2024-11-05 22:34:22,220 utils (0.000) PRAGMA foreign_key_check; args=None; alias=default
DEBUG 2024-11-05 22:34:22,225 utils (0.016) COMMIT; args=None; alias=default
DEBUG 2024-11-05 22:34:22,225 utils (0.000) PRAGMA foreign_keys = ON; args=None; alias=default
DEBUG 2024-11-05 22:34:22,225 utils (0.000) PRAGMA foreign_keys = OFF; args=None; alias=default
DEBUG 2024-11-05 22:34:22,225 utils (0.000) PRAGMA foreign_keys; args=None; alias=default
DEBUG 2024-11-05 22:34:22,225 utils (0.000) BEGIN; args=None; alias=default
DEBUG 2024-11-05 22:34:22,225 schema CREATE TABLE "django_content_type" ("id" integer NOT NULL PRIMARY KEY AUTOINCREMENT, "name" varchar(100) NOT NULL, "app_label" varchar(100) NOT NULL, "model" varchar(100) NOT NULL); (params None)
DEBUG 2024-11-05 22:34:22,225 utils (0.000) CREATE TABLE "django_content_type" ("id" integer NOT NULL PRIMARY KEY AUTOINCREMENT, "name" varchar(100) NOT NULL, "app_label" varchar(100) NOT NULL, "model" varchar(100) NOT NULL); args=None; alias=default
DEBUG 2024-11-05 22:34:22,233 schema CREATE UNIQUE INDEX "django_content_type_app_label_model_76bd3d3b_uniq" ON "django_content_type" ("app_label", "model"); (params ())
DEBUG 2024-11-05 22:34:22,233 utils (0.000) CREATE UNIQUE INDEX "django_content_type_app_label_model_76bd3d3b_uniq" ON "django_content_type" ("app_label", "model"); args=(); alias=default
DEBUG 2024-11-05 22:34:22,233 utils (0.000) 
            SELECT name, type FROM sqlite_master
            WHERE type in ('table', 'view') AND NOT name='sqlite_sequence'
            ORDER BY name; args=None; alias=default
DEBUG 2024-11-05 22:34:22,233 utils (0.000) INSERT INTO "django_migrations" ("app", "name", "applied") VALUES ('contenttypes', '0001_initial', '2024-11-05 18:34:22.233720') RETURNING "django_migrations"."id"; args=('contenttypes', '0001_initial', '2024-11-05 18:34:22.233720'); alias=default
DEBUG 2024-11-05 22:34:22,233 utils (0.000) PRAGMA foreign_key_check; args=None; alias=default
DEBUG 2024-11-05 22:34:22,241 utils (0.016) COMMIT; args=None; alias=default
DEBUG 2024-11-05 22:34:22,241 utils (0.000) PRAGMA foreign_keys = ON; args=None; alias=default
DEBUG 2024-11-05 22:34:22,241 utils (0.000) PRAGMA foreign_keys = OFF; args=None; alias=default
DEBUG 2024-11-05 22:34:22,241 utils (0.000) PRAGMA foreign_keys; args=None; alias=default
DEBUG 2024-11-05 22:34:22,241 utils (0.000) BEGIN; args=None; alias=default
DEBUG 2024-11-05 22:34:22,241 schema CREATE TABLE "auth_permission" ("id" integer NOT NULL PRIMARY KEY AUTOINCREMENT, "name" varchar(50) NOT NULL, "content_type_id" integer NOT NULL REFERENCES "django_content_type" ("id") DEFERRABLE INITIALLY DEFERRED, "codename" varchar(100) NOT NULL); (params None)
DEBUG 2024-11-05 22:34:22,241 utils (0.000) CREATE TABLE "auth_permission" ("id" integer NOT NULL PRIMARY KEY AUTOINCREMENT, "name" varchar(50) NOT NULL, "content_type_id" integer NOT NULL REFERENCES "django_content_type" ("id") DEFERRABLE INITIALLY DEFERRED, "codename" varchar(100) NOT NULL); args=None; alias=default
DEBUG 2024-11-05 22:34:22,249 schema CREATE TABLE "auth_group" ("id" integer NOT NULL PRIMARY KEY AUTOINCREMENT, "name" varchar(80) NOT NULL UNIQUE); (params None)
DEBUG 2024-11-05 22:34:22,250 utils (0.000) CREATE TABLE "auth_group" ("id" integer NOT NULL PRIMARY KEY AUTOINCREMENT, "name" varchar(80) NOT NULL UNIQUE); args=None; alias=default
DEBUG 2024-11-05 22:34:22,250 schema CREATE TABLE "auth_group_permissions" ("id" integer NOT NULL PRIMARY KEY AUTOINCREMENT, "group_id" integer NOT NULL REFERENCES "auth_group" ("id") DEFERRABLE INITIALLY DEFERRED, "permission_id" integer NOT NULL REFERENCES "auth_permission" ("id") DEFERRABLE INITIALLY DEFERRED); (params None)
DEBUG 2024-11-05 22:34:22,250 utils (0.000) CREATE TABLE "auth_group_permissions" ("id" integer NOT NULL PRIMARY KEY AUTOINCREMENT, "group_id" integer NOT NULL REFERENCES "auth_group" ("id") DEFERRABLE INITIALLY DEFERRED, "permission_id" integer NOT NULL REFERENCES "auth_permission" ("id") DEFERRABLE INITIALLY DEFERRED); args=None; alias=default
DEBUG 2024-11-05 22:34:22,250 schema CREATE TABLE "auth_user" ("id" integer NOT NULL PRIMARY KEY AUTOINCREMENT, "password" varchar(128) NOT NULL, "last_login" datetime NOT NULL, "is_superuser" bool NOT NULL, "username" varchar(30) NOT NULL UNIQUE, "first_name" varchar(30) NOT NULL, "last_name" varchar(30) NOT NULL, "email" varchar(75) NOT NULL, "is_staff" bool NOT NULL, "is_active" bool NOT NULL, "date_joined" datetime NOT NULL); (params None)
DEBUG 2024-11-05 22:34:22,257 utils (0.000) CREATE TABLE "auth_user" ("id" integer NOT NULL PRIMARY KEY AUTOINCREMENT, "password" varchar(128) NOT NULL, "last_login" datetime NOT NULL, "is_superuser" bool NOT NULL, "username" varchar(30) NOT NULL UNIQUE, "first_name" varchar(30) NOT NULL, "last_name" varchar(30) NOT NULL, "email" varchar(75) NOT NULL, "is_staff" bool NOT NULL, "is_active" bool NOT NULL, "date_joined" datetime NOT NULL); args=None; alias=default
DEBUG 2024-11-05 22:34:22,257 schema CREATE TABLE "auth_user_groups" ("id" integer NOT NULL PRIMARY KEY AUTOINCREMENT, "user_id" integer NOT NULL REFERENCES "auth_user" ("id") DEFERRABLE INITIALLY DEFERRED, "group_id" integer NOT NULL REFERENCES "auth_group" ("id") DEFERRABLE INITIALLY DEFERRED); (params None)
DEBUG 2024-11-05 22:34:22,257 utils (0.000) CREATE TABLE "auth_user_groups" ("id" integer NOT NULL PRIMARY KEY AUTOINCREMENT, "user_id" integer NOT NULL REFERENCES "auth_user" ("id") DEFERRABLE INITIALLY DEFERRED, "group_id" integer NOT NULL REFERENCES "auth_group" ("id") DEFERRABLE INITIALLY DEFERRED); args=None; alias=default
DEBUG 2024-11-05 22:34:22,257 schema CREATE TABLE "auth_user_user_permissions" ("id" integer NOT NULL PRIMARY KEY AUTOINCREMENT, "user_id" integer NOT NULL REFERENCES "auth_user" ("id") DEFERRABLE INITIALLY DEFERRED, "permission_id" integer NOT NULL REFERENCES "auth_permission" ("id") DEFERRABLE INITIALLY DEFERRED); (params None)
DEBUG 2024-11-05 22:34:22,257 utils (0.000) CREATE TABLE "auth_user_user_permissions" ("id" integer NOT NULL PRIMARY KEY AUTOINCREMENT, "user_id" integer NOT NULL REFERENCES "auth_user" ("id") DEFERRABLE INITIALLY DEFERRED, "permission_id" integer NOT NULL REFERENCES "auth_permission" ("id") DEFERRABLE INITIALLY DEFERRED); args=None; alias=default
DEBUG 2024-11-05 22:34:22,257 utils (0.000) PRAGMA foreign_key_check; args=None; alias=default
DEBUG 2024-11-05 22:34:22,257 schema CREATE UNIQUE INDEX "auth_permission_content_type_id_codename_01ab375a_uniq" ON "auth_permission" ("content_type_id", "codename"); (params None)
DEBUG 2024-11-05 22:34:22,265 utils (0.000) CREATE UNIQUE INDEX "auth_permission_content_type_id_codename_01ab375a_uniq" ON "auth_permission" ("content_type_id", "codename"); args=None; alias=default
DEBUG 2024-11-05 22:34:22,265 schema CREATE INDEX "auth_permission_content_type_id_2f476e4b" ON "auth_permission" ("content_type_id"); (params None)
DEBUG 2024-11-05 22:34:22,265 utils (0.000) CREATE INDEX "auth_permission_content_type_id_2f476e4b" ON "auth_permission" ("content_type_id"); args=None; alias=default
DEBUG 2024-11-05 22:34:22,265 schema CREATE UNIQUE INDEX "auth_group_permissions_group_id_permission_id_0cd325b0_uniq" ON "auth_group_permissions" ("group_id", "permission_id"); (params None)
DEBUG 2024-11-05 22:34:22,265 utils (0.000) CREATE UNIQUE INDEX "auth_group_permissions_group_id_permission_id_0cd325b0_uniq" ON "auth_group_permissions" ("group_id", "permission_id"); args=None; alias=default
DEBUG 2024-11-05 22:34:22,265 schema CREATE INDEX "auth_group_permissions_group_id_b120cbf9" ON "auth_group_permissions" ("group_id"); (params None)
DEBUG 2024-11-05 22:34:22,265 utils (0.000) CREATE INDEX "auth_group_permissions_group_id_b120cbf9" ON "auth_group_permissions" ("group_id"); args=None; alias=default
DEBUG 2024-11-05 22:34:22,265 schema CREATE INDEX "auth_group_permissions_permission_id_84c5c92e" ON "auth_group_permissions" ("permission_id"); (params None)
DEBUG 2024-11-05 22:34:22,265 utils (0.000) CREATE INDEX "auth_group_permissions_permission_id_84c5c92e" ON "auth_group_permissions" ("permission_id"); args=None; alias=default
DEBUG 2024-11-05 22:34:22,265 schema CREATE UNIQUE INDEX "auth_user_groups_user_id_group_id_94350c0c_uniq" ON "auth_user_groups" ("user_id", "group_id"); (params None)
DEBUG 2024-11-05 22:34:22,265 utils (0.000) CREATE UNIQUE INDEX "auth_user_groups_user_id_group_id_94350c0c_uniq" ON "auth_user_groups" ("user_id", "group_id"); args=None; alias=default
DEBUG 2024-11-05 22:34:22,265 schema CREATE INDEX "auth_user_groups_user_id_6a12ed8b" ON "auth_user_groups" ("user_id"); (params None)
DEBUG 2024-11-05 22:34:22,265 utils (0.000) CREATE INDEX "auth_user_groups_user_id_6a12ed8b" ON "auth_user_groups" ("user_id"); args=None; alias=default
DEBUG 2024-11-05 22:34:22,273 schema CREATE INDEX "auth_user_groups_group_id_97559544" ON "auth_user_groups" ("group_id"); (params None)
DEBUG 2024-11-05 22:34:22,273 utils (0.000) CREATE INDEX "auth_user_groups_group_id_97559544" ON "auth_user_groups" ("group_id"); args=None; alias=default
DEBUG 2024-11-05 22:34:22,273 schema CREATE UNIQUE INDEX "auth_user_user_permissions_user_id_permission_id_14a6b632_uniq" ON "auth_user_user_permissions" ("user_id", "permission_id"); (params None)
DEBUG 2024-11-05 22:34:22,273 utils (0.000) CREATE UNIQUE INDEX "auth_user_user_permissions_user_id_permission_id_14a6b632_uniq" ON "auth_user_user_permissions" ("user_id", "permission_id"); args=None; alias=default
DEBUG 2024-11-05 22:34:22,273 schema CREATE INDEX "auth_user_user_permissions_user_id_a95ead1b" ON "auth_user_user_permissions" ("user_id"); (params None)
DEBUG 2024-11-05 22:34:22,273 utils (0.000) CREATE INDEX "auth_user_user_permissions_user_id_a95ead1b" ON "auth_user_user_permissions" ("user_id"); args=None; alias=default
DEBUG 2024-11-05 22:34:22,273 schema CREATE INDEX "auth_user_user_permissions_permission_id_1fbb5f2c" ON "auth_user_user_permissions" ("permission_id"); (params None)
DEBUG 2024-11-05 22:34:22,273 utils (0.000) CREATE INDEX "auth_user_user_permissions_permission_id_1fbb5f2c" ON "auth_user_user_permissions" ("permission_id"); args=None; alias=default
DEBUG 2024-11-05 22:34:22,281 utils (0.000) COMMIT; args=None; alias=default
DEBUG 2024-11-05 22:34:22,281 utils (0.000) PRAGMA foreign_keys = ON; args=None; alias=default
DEBUG 2024-11-05 22:34:22,281 utils (0.000) INSERT INTO "django_migrations" ("app", "name", "applied") VALUES ('auth', '0001_initial', '2024-11-05 18:34:22.281896') RETURNING "django_migrations"."id"; args=('auth', '0001_initial', '2024-11-05 18:34:22.281896'); alias=default
DEBUG 2024-11-05 22:34:22,281 utils (0.000) PRAGMA foreign_keys = OFF; args=None; alias=default
DEBUG 2024-11-05 22:34:22,281 utils (0.000) PRAGMA foreign_keys; args=None; alias=default
DEBUG 2024-11-05 22:34:22,281 utils (0.000) BEGIN; args=None; alias=default
DEBUG 2024-11-05 22:34:22,289 schema CREATE TABLE "django_admin_log" ("id" integer NOT NULL PRIMARY KEY AUTOINCREMENT, "action_time" datetime NOT NULL, "object_id" text NULL, "object_repr" varchar(200) NOT NULL, "action_flag" smallint unsigned NOT NULL CHECK ("action_flag" >= 0), "change_message" text NOT NULL, "content_type_id" integer NULL REFERENCES "django_content_type" ("id") DEFERRABLE INITIALLY DEFERRED, "user_id" integer NOT NULL REFERENCES "auth_user" ("id") DEFERRABLE INITIALLY DEFERRED); (params None)
DEBUG 2024-11-05 22:34:22,289 utils (0.000) CREATE TABLE "django_admin_log" ("id" integer NOT NULL PRIMARY KEY AUTOINCREMENT, "action_time" datetime NOT NULL, "object_id" text NULL, "object_repr" varchar(200) NOT NULL, "action_flag" smallint unsigned NOT NULL CHECK ("action_flag" >= 0), "change_message" text NOT NULL, "content_type_id" integer NULL REFERENCES "django_content_type" ("id") DEFERRABLE INITIALLY DEFERRED, "user_id" integer NOT NULL REFERENCES "auth_user" ("id") DEFERRABLE INITIALLY DEFERRED); args=None; alias=default
DEBUG 2024-11-05 22:34:22,289 utils (0.000) PRAGMA foreign_key_check; args=None; alias=default
DEBUG 2024-11-05 22:34:22,289 schema CREATE INDEX "django_admin_log_content_type_id_c4bce8eb" ON "django_admin_log" ("content_type_id"); (params None)
DEBUG 2024-11-05 22:34:22,289 utils (0.000) CREATE INDEX "django_admin_log_content_type_id_c4bce8eb" ON "django_admin_log" ("content_type_id"); args=None; alias=default
DEBUG 2024-11-05 22:34:22,289 schema CREATE INDEX "django_admin_log_user_id_c564eba6" ON "django_admin_log" ("user_id"); (params None)
DEBUG 2024-11-05 22:34:22,289 utils (0.000) CREATE INDEX "django_admin_log_user_id_c564eba6" ON "django_admin_log" ("user_id"); args=None; alias=default
DEBUG 2024-11-05 22:34:22,297 utils (0.000) COMMIT; args=None; alias=default
DEBUG 2024-11-05 22:34:22,297 utils (0.000) PRAGMA foreign_keys = ON; args=None; alias=default
DEBUG 2024-11-05 22:34:22,297 utils (0.000) INSERT INTO "django_migrations" ("app", "name", "applied") VALUES ('admin', '0001_initial', '2024-11-05 18:34:22.297896') RETURNING "django_migrations"."id"; args=('admin', '0001_initial', '2024-11-05 18:34:22.297896'); alias=default
DEBUG 2024-11-05 22:34:22,297 utils (0.000) PRAGMA foreign_keys = OFF; args=None; alias=default
DEBUG 2024-11-05 22:34:22,297 utils (0.000) PRAGMA foreign_keys; args=None; alias=default
DEBUG 2024-11-05 22:34:22,297 utils (0.000) BEGIN; args=None; alias=default
DEBUG 2024-11-05 22:34:22,305 schema CREATE TABLE "new__django_admin_log" ("id" integer NOT NULL PRIMARY KEY AUTOINCREMENT, "object_id" text NULL, "object_repr" varchar(200) NOT NULL, "action_flag" smallint unsigned NOT NULL CHECK ("action_flag" >= 0), "change_message" text NOT NULL, "content_type_id" integer NULL REFERENCES "django_content_type" ("id") DEFERRABLE INITIALLY DEFERRED, "user_id" integer NOT NULL REFERENCES "auth_user" ("id") DEFERRABLE INITIALLY DEFERRED, "action_time" datetime NOT NULL); (params None)
DEBUG 2024-11-05 22:34:22,305 utils (0.000) CREATE TABLE "new__django_admin_log" ("id" integer NOT NULL PRIMARY KEY AUTOINCREMENT, "object_id" text NULL, "object_repr" varchar(200) NOT NULL, "action_flag" smallint unsigned NOT NULL CHECK ("action_flag" >= 0), "change_message" text NOT NULL, "content_type_id" integer NULL REFERENCES "django_content_type" ("id") DEFERRABLE INITIALLY DEFERRED, "user_id" integer NOT NULL REFERENCES "auth_user" ("id") DEFERRABLE INITIALLY DEFERRED, "action_time" datetime NOT NULL); args=None; alias=default
DEBUG 2024-11-05 22:34:22,305 schema INSERT INTO "new__django_admin_log" ("id", "object_id", "object_repr", "action_flag", "change_message", "content_type_id", "user_id", "action_time") SELECT "id", "object_id", "object_repr", "action_flag", "change_message", "content_type_id", "user_id", "action_time" FROM "django_admin_log"; (params ())
DEBUG 2024-11-05 22:34:22,305 utils (0.000) INSERT INTO "new__django_admin_log" ("id", "object_id", "object_repr", "action_flag", "change_message", "content_type_id", "user_id", "action_time") SELECT "id", "object_id", "object_repr", "action_flag", "change_message", "content_type_id", "user_id", "action_time" FROM "django_admin_log"; args=(); alias=default
DEBUG 2024-11-05 22:34:22,305 schema DROP TABLE "django_admin_log"; (params ())
DEBUG 2024-11-05 22:34:22,313 utils (0.000) DROP TABLE "django_admin_log"; args=(); alias=default
DEBUG 2024-11-05 22:34:22,313 schema ALTER TABLE "new__django_admin_log" RENAME TO "django_admin_log"; (params ())
DEBUG 2024-11-05 22:34:22,313 utils (0.000) ALTER TABLE "new__django_admin_log" RENAME TO "django_admin_log"; args=(); alias=default
DEBUG 2024-11-05 22:34:22,313 schema CREATE INDEX "django_admin_log_content_type_id_c4bce8eb" ON "django_admin_log" ("content_type_id"); (params ())
DEBUG 2024-11-05 22:34:22,313 utils (0.000) CREATE INDEX "django_admin_log_content_type_id_c4bce8eb" ON "django_admin_log" ("content_type_id"); args=(); alias=default
DEBUG 2024-11-05 22:34:22,313 schema CREATE INDEX "django_admin_log_user_id_c564eba6" ON "django_admin_log" ("user_id"); (params ())
DEBUG 2024-11-05 22:34:22,313 utils (0.000) CREATE INDEX "django_admin_log_user_id_c564eba6" ON "django_admin_log" ("user_id"); args=(); alias=default
DEBUG 2024-11-05 22:34:22,313 utils (0.000) INSERT INTO "django_migrations" ("app", "name", "applied") VALUES ('admin', '0002_logentry_remove_auto_add', '2024-11-05 18:34:22.313894') RETURNING "django_migrations"."id"; args=('admin', '0002_logentry_remove_auto_add', '2024-11-05 18:34:22.313894'); alias=default
DEBUG 2024-11-05 22:34:22,313 utils (0.000) PRAGMA foreign_key_check; args=None; alias=default
DEBUG 2024-11-05 22:34:22,321 utils (0.016) COMMIT; args=None; alias=default
DEBUG 2024-11-05 22:34:22,322 utils (0.000) PRAGMA foreign_keys = ON; args=None; alias=default
DEBUG 2024-11-05 22:34:22,322 utils (0.000) PRAGMA foreign_keys = OFF; args=None; alias=default
DEBUG 2024-11-05 22:34:22,322 utils (0.000) PRAGMA foreign_keys; args=None; alias=default
DEBUG 2024-11-05 22:34:22,322 utils (0.000) BEGIN; args=None; alias=default
DEBUG 2024-11-05 22:34:22,324 utils (0.000) INSERT INTO "django_migrations" ("app", "name", "applied") VALUES ('admin', '0003_logentry_add_action_flag_choices', '2024-11-05 18:34:22.324930') RETURNING "django_migrations"."id"; args=('admin', '0003_logentry_add_action_flag_choices', '2024-11-05 18:34:22.324930'); alias=default
DEBUG 2024-11-05 22:34:22,330 utils (0.000) PRAGMA foreign_key_check; args=None; alias=default
DEBUG 2024-11-05 22:34:22,330 utils (0.000) COMMIT; args=None; alias=default
DEBUG 2024-11-05 22:34:22,330 utils (0.000) PRAGMA foreign_keys = ON; args=None; alias=default
DEBUG 2024-11-05 22:34:22,330 utils (0.000) PRAGMA foreign_keys = OFF; args=None; alias=default
DEBUG 2024-11-05 22:34:22,330 utils (0.000) PRAGMA foreign_keys; args=None; alias=default
DEBUG 2024-11-05 22:34:22,330 utils (0.000) BEGIN; args=None; alias=default
DEBUG 2024-11-05 22:34:22,346 schema CREATE TABLE "new__django_content_type" ("id" integer NOT NULL PRIMARY KEY AUTOINCREMENT, "app_label" varchar(100) NOT NULL, "model" varchar(100) NOT NULL, "name" varchar(100) NULL); (params None)
DEBUG 2024-11-05 22:34:22,346 utils (0.000) CREATE TABLE "new__django_content_type" ("id" integer NOT NULL PRIMARY KEY AUTOINCREMENT, "app_label" varchar(100) NOT NULL, "model" varchar(100) NOT NULL, "name" varchar(100) NULL); args=None; alias=default
DEBUG 2024-11-05 22:34:22,346 schema INSERT INTO "new__django_content_type" ("id", "app_label", "model", "name") SELECT "id", "app_label", "model", "name" FROM "django_content_type"; (params ())
DEBUG 2024-11-05 22:34:22,346 utils (0.000) INSERT INTO "new__django_content_type" ("id", "app_label", "model", "name") SELECT "id", "app_label", "model", "name" FROM "django_content_type"; args=(); alias=default
DEBUG 2024-11-05 22:34:22,346 schema DROP TABLE "django_content_type"; (params ())
DEBUG 2024-11-05 22:34:22,346 utils (0.000) DROP TABLE "django_content_type"; args=(); alias=default
DEBUG 2024-11-05 22:34:22,346 schema ALTER TABLE "new__django_content_type" RENAME TO "django_content_type"; (params ())
DEBUG 2024-11-05 22:34:22,346 utils (0.000) ALTER TABLE "new__django_content_type" RENAME TO "django_content_type"; args=(); alias=default
DEBUG 2024-11-05 22:34:22,346 schema CREATE UNIQUE INDEX "django_content_type_app_label_model_76bd3d3b_uniq" ON "django_content_type" ("app_label", "model"); (params ())
DEBUG 2024-11-05 22:34:22,346 utils (0.000) CREATE UNIQUE INDEX "django_content_type_app_label_model_76bd3d3b_uniq" ON "django_content_type" ("app_label", "model"); args=(); alias=default
DEBUG 2024-11-05 22:34:22,354 schema ALTER TABLE "django_content_type" DROP COLUMN "name"; (params ())
DEBUG 2024-11-05 22:34:22,354 utils (0.000) ALTER TABLE "django_content_type" DROP COLUMN "name"; args=(); alias=default
DEBUG 2024-11-05 22:34:22,354 utils (0.000) INSERT INTO "django_migrations" ("app", "name", "applied") VALUES ('contenttypes', '0002_remove_content_type_name', '2024-11-05 18:34:22.354617') RETURNING "django_migrations"."id"; args=('contenttypes', '0002_remove_content_type_name', '2024-11-05 18:34:22.354617'); alias=default
DEBUG 2024-11-05 22:34:22,354 utils (0.000) PRAGMA foreign_key_check; args=None; alias=default
DEBUG 2024-11-05 22:34:22,362 utils (0.000) COMMIT; args=None; alias=default
DEBUG 2024-11-05 22:34:22,362 utils (0.000) PRAGMA foreign_keys = ON; args=None; alias=default
DEBUG 2024-11-05 22:34:22,362 utils (0.000) PRAGMA foreign_keys = OFF; args=None; alias=default
DEBUG 2024-11-05 22:34:22,362 utils (0.000) PRAGMA foreign_keys; args=None; alias=default
DEBUG 2024-11-05 22:34:22,362 utils (0.000) BEGIN; args=None; alias=default
DEBUG 2024-11-05 22:34:22,362 schema CREATE TABLE "new__auth_permission" ("id" integer NOT NULL PRIMARY KEY AUTOINCREMENT, "content_type_id" integer NOT NULL REFERENCES "django_content_type" ("id") DEFERRABLE INITIALLY DEFERRED, "codename" varchar(100) NOT NULL, "name" varchar(255) NOT NULL); (params None)
DEBUG 2024-11-05 22:34:22,370 utils (0.000) CREATE TABLE "new__auth_permission" ("id" integer NOT NULL PRIMARY KEY AUTOINCREMENT, "content_type_id" integer NOT NULL REFERENCES "django_content_type" ("id") DEFERRABLE INITIALLY DEFERRED, "codename" varchar(100) NOT NULL, "name" varchar(255) NOT NULL); args=None; alias=default
DEBUG 2024-11-05 22:34:22,370 schema INSERT INTO "new__auth_permission" ("id", "content_type_id", "codename", "name") SELECT "id", "content_type_id", "codename", "name" FROM "auth_permission"; (params ())
DEBUG 2024-11-05 22:34:22,370 utils (0.000) INSERT INTO "new__auth_permission" ("id", "content_type_id", "codename", "name") SELECT "id", "content_type_id", "codename", "name" FROM "auth_permission"; args=(); alias=default
DEBUG 2024-11-05 22:34:22,370 schema DROP TABLE "auth_permission"; (params ())
DEBUG 2024-11-05 22:34:22,370 utils (0.000) DROP TABLE "auth_permission"; args=(); alias=default
DEBUG 2024-11-05 22:34:22,370 schema ALTER TABLE "new__auth_permission" RENAME TO "auth_permission"; (params ())
DEBUG 2024-11-05 22:34:22,370 utils (0.000) ALTER TABLE "new__auth_permission" RENAME TO "auth_permission"; args=(); alias=default
DEBUG 2024-11-05 22:34:22,370 schema CREATE UNIQUE INDEX "auth_permission_content_type_id_codename_01ab375a_uniq" ON "auth_permission" ("content_type_id", "codename"); (params ())
DEBUG 2024-11-05 22:34:22,370 utils (0.000) CREATE UNIQUE INDEX "auth_permission_content_type_id_codename_01ab375a_uniq" ON "auth_permission" ("content_type_id", "codename"); args=(); alias=default
DEBUG 2024-11-05 22:34:22,370 schema CREATE INDEX "auth_permission_content_type_id_2f476e4b" ON "auth_permission" ("content_type_id"); (params ())
DEBUG 2024-11-05 22:34:22,370 utils (0.000) CREATE INDEX "auth_permission_content_type_id_2f476e4b" ON "auth_permission" ("content_type_id"); args=(); alias=default
DEBUG 2024-11-05 22:34:22,370 utils (0.000) INSERT INTO "django_migrations" ("app", "name", "applied") VALUES ('auth', '0002_alter_permission_name_max_length', '2024-11-05 18:34:22.370180') RETURNING "django_migrations"."id"; args=('auth', '0002_alter_permission_name_max_length', '2024-11-05 18:34:22.370180'); alias=default
DEBUG 2024-11-05 22:34:22,378 utils (0.000) PRAGMA foreign_key_check; args=None; alias=default
DEBUG 2024-11-05 22:34:22,378 utils (0.000) COMMIT; args=None; alias=default
DEBUG 2024-11-05 22:34:22,378 utils (0.000) PRAGMA foreign_keys = ON; args=None; alias=default
DEBUG 2024-11-05 22:34:22,378 utils (0.000) PRAGMA foreign_keys = OFF; args=None; alias=default
DEBUG 2024-11-05 22:34:22,378 utils (0.000) PRAGMA foreign_keys; args=None; alias=default
DEBUG 2024-11-05 22:34:22,378 utils (0.000) BEGIN; args=None; alias=default
DEBUG 2024-11-05 22:34:22,386 schema CREATE TABLE "new__auth_user" ("id" integer NOT NULL PRIMARY KEY AUTOINCREMENT, "password" varchar(128) NOT NULL, "last_login" datetime NOT NULL, "is_superuser" bool NOT NULL, "username" varchar(30) NOT NULL UNIQUE, "first_name" varchar(30) NOT NULL, "last_name" varchar(30) NOT NULL, "is_staff" bool NOT NULL, "is_active" bool NOT NULL, "date_joined" datetime NOT NULL, "email" varchar(254) NOT NULL); (params None)
DEBUG 2024-11-05 22:34:22,386 utils (0.000) CREATE TABLE "new__auth_user" ("id" integer NOT NULL PRIMARY KEY AUTOINCREMENT, "password" varchar(128) NOT NULL, "last_login" datetime NOT NULL, "is_superuser" bool NOT NULL, "username" varchar(30) NOT NULL UNIQUE, "first_name" varchar(30) NOT NULL, "last_name" varchar(30) NOT NULL, "is_staff" bool NOT NULL, "is_active" bool NOT NULL, "date_joined" datetime NOT NULL, "email" varchar(254) NOT NULL); args=None; alias=default
DEBUG 2024-11-05 22:34:22,386 schema INSERT INTO "new__auth_user" ("id", "password", "last_login", "is_superuser", "username", "first_name", "last_name", "is_staff", "is_active", "date_joined", "email") SELECT "id", "password", "last_login", "is_superuser", "username", "first_name", "last_name", "is_staff", "is_active", "date_joined", "email" FROM "auth_user"; (params ())
DEBUG 2024-11-05 22:34:22,386 utils (0.000) INSERT INTO "new__auth_user" ("id", "password", "last_login", "is_superuser", "username", "first_name", "last_name", "is_staff", "is_active", "date_joined", "email") SELECT "id", "password", "last_login", "is_superuser", "username", "first_name", "last_name", "is_staff", "is_active", "date_joined", "email" FROM "auth_user"; args=(); alias=default
DEBUG 2024-11-05 22:34:22,386 schema DROP TABLE "auth_user"; (params ())
DEBUG 2024-11-05 22:34:22,386 utils (0.000) DROP TABLE "auth_user"; args=(); alias=default
DEBUG 2024-11-05 22:34:22,386 schema ALTER TABLE "new__auth_user" RENAME TO "auth_user"; (params ())
DEBUG 2024-11-05 22:34:22,394 utils (0.016) ALTER TABLE "new__auth_user" RENAME TO "auth_user"; args=(); alias=default
DEBUG 2024-11-05 22:34:22,394 utils (0.000) INSERT INTO "django_migrations" ("app", "name", "applied") VALUES ('auth', '0003_alter_user_email_max_length', '2024-11-05 18:34:22.394306') RETURNING "django_migrations"."id"; args=('auth', '0003_alter_user_email_max_length', '2024-11-05 18:34:22.394306'); alias=default
DEBUG 2024-11-05 22:34:22,394 utils (0.000) PRAGMA foreign_key_check; args=None; alias=default
DEBUG 2024-11-05 22:34:22,394 utils (0.000) COMMIT; args=None; alias=default
DEBUG 2024-11-05 22:34:22,394 utils (0.000) PRAGMA foreign_keys = ON; args=None; alias=default
DEBUG 2024-11-05 22:34:22,394 utils (0.000) PRAGMA foreign_keys = OFF; args=None; alias=default
DEBUG 2024-11-05 22:34:22,394 utils (0.000) PRAGMA foreign_keys; args=None; alias=default
DEBUG 2024-11-05 22:34:22,394 utils (0.000) BEGIN; args=None; alias=default
DEBUG 2024-11-05 22:34:22,402 utils (0.000) INSERT INTO "django_migrations" ("app", "name", "applied") VALUES ('auth', '0004_alter_user_username_opts', '2024-11-05 18:34:22.402539') RETURNING "django_migrations"."id"; args=('auth', '0004_alter_user_username_opts', '2024-11-05 18:34:22.402539'); alias=default
DEBUG 2024-11-05 22:34:22,402 utils (0.000) PRAGMA foreign_key_check; args=None; alias=default
DEBUG 2024-11-05 22:34:22,410 utils (0.015) COMMIT; args=None; alias=default
DEBUG 2024-11-05 22:34:22,410 utils (0.000) PRAGMA foreign_keys = ON; args=None; alias=default
DEBUG 2024-11-05 22:34:22,410 utils (0.000) PRAGMA foreign_keys = OFF; args=None; alias=default
DEBUG 2024-11-05 22:34:22,410 utils (0.000) PRAGMA foreign_keys; args=None; alias=default
DEBUG 2024-11-05 22:34:22,410 utils (0.000) BEGIN; args=None; alias=default
DEBUG 2024-11-05 22:34:22,410 schema CREATE TABLE "new__auth_user" ("id" integer NOT NULL PRIMARY KEY AUTOINCREMENT, "password" varchar(128) NOT NULL, "is_superuser" bool NOT NULL, "username" varchar(30) NOT NULL UNIQUE, "first_name" varchar(30) NOT NULL, "last_name" varchar(30) NOT NULL, "email" varchar(254) NOT NULL, "is_staff" bool NOT NULL, "is_active" bool NOT NULL, "date_joined" datetime NOT NULL, "last_login" datetime NULL); (params None)
DEBUG 2024-11-05 22:34:22,419 utils (0.000) CREATE TABLE "new__auth_user" ("id" integer NOT NULL PRIMARY KEY AUTOINCREMENT, "password" varchar(128) NOT NULL, "is_superuser" bool NOT NULL, "username" varchar(30) NOT NULL UNIQUE, "first_name" varchar(30) NOT NULL, "last_name" varchar(30) NOT NULL, "email" varchar(254) NOT NULL, "is_staff" bool NOT NULL, "is_active" bool NOT NULL, "date_joined" datetime NOT NULL, "last_login" datetime NULL); args=None; alias=default
DEBUG 2024-11-05 22:34:22,419 schema INSERT INTO "new__auth_user" ("id", "password", "is_superuser", "username", "first_name", "last_name", "email", "is_staff", "is_active", "date_joined", "last_login") SELECT "id", "password", "is_superuser", "username", "first_name", "last_name", "email", "is_staff", "is_active", "date_joined", "last_login" FROM "auth_user"; (params ())
DEBUG 2024-11-05 22:34:22,419 utils (0.000) INSERT INTO "new__auth_user" ("id", "password", "is_superuser", "username", "first_name", "last_name", "email", "is_staff", "is_active", "date_joined", "last_login") SELECT "id", "password", "is_superuser", "username", "first_name", "last_name", "email", "is_staff", "is_active", "date_joined", "last_login" FROM "auth_user"; args=(); alias=default
DEBUG 2024-11-05 22:34:22,419 schema DROP TABLE "auth_user"; (params ())
DEBUG 2024-11-05 22:34:22,419 utils (0.000) DROP TABLE "auth_user"; args=(); alias=default
DEBUG 2024-11-05 22:34:22,419 schema ALTER TABLE "new__auth_user" RENAME TO "auth_user"; (params ())
DEBUG 2024-11-05 22:34:22,419 utils (0.000) ALTER TABLE "new__auth_user" RENAME TO "auth_user"; args=(); alias=default
DEBUG 2024-11-05 22:34:22,425 utils (0.000) INSERT INTO "django_migrations" ("app", "name", "applied") VALUES ('auth', '0005_alter_user_last_login_null', '2024-11-05 18:34:22.425211') RETURNING "django_migrations"."id"; args=('auth', '0005_alter_user_last_login_null', '2024-11-05 18:34:22.425211'); alias=default
DEBUG 2024-11-05 22:34:22,425 utils (0.000) PRAGMA foreign_key_check; args=None; alias=default
DEBUG 2024-11-05 22:34:22,427 utils (0.000) COMMIT; args=None; alias=default
DEBUG 2024-11-05 22:34:22,427 utils (0.000) PRAGMA foreign_keys = ON; args=None; alias=default
DEBUG 2024-11-05 22:34:22,427 utils (0.000) PRAGMA foreign_keys = OFF; args=None; alias=default
DEBUG 2024-11-05 22:34:22,427 utils (0.000) PRAGMA foreign_keys; args=None; alias=default
DEBUG 2024-11-05 22:34:22,427 utils (0.000) BEGIN; args=None; alias=default
DEBUG 2024-11-05 22:34:22,427 utils (0.000) INSERT INTO "django_migrations" ("app", "name", "applied") VALUES ('auth', '0006_require_contenttypes_0002', '2024-11-05 18:34:22.427220') RETURNING "django_migrations"."id"; args=('auth', '0006_require_contenttypes_0002', '2024-11-05 18:34:22.427220'); alias=default
DEBUG 2024-11-05 22:34:22,427 utils (0.000) PRAGMA foreign_key_check; args=None; alias=default
DEBUG 2024-11-05 22:34:22,435 utils (0.000) COMMIT; args=None; alias=default
DEBUG 2024-11-05 22:34:22,435 utils (0.000) PRAGMA foreign_keys = ON; args=None; alias=default
DEBUG 2024-11-05 22:34:22,435 utils (0.000) PRAGMA foreign_keys = OFF; args=None; alias=default
DEBUG 2024-11-05 22:34:22,435 utils (0.000) PRAGMA foreign_keys; args=None; alias=default
DEBUG 2024-11-05 22:34:22,435 utils (0.000) BEGIN; args=None; alias=default
DEBUG 2024-11-05 22:34:22,443 utils (0.016) INSERT INTO "django_migrations" ("app", "name", "applied") VALUES ('auth', '0007_alter_validators_add_error_messages', '2024-11-05 18:34:22.435237') RETURNING "django_migrations"."id"; args=('auth', '0007_alter_validators_add_error_messages', '2024-11-05 18:34:22.435237'); alias=default
DEBUG 2024-11-05 22:34:22,443 utils (0.000) PRAGMA foreign_key_check; args=None; alias=default
DEBUG 2024-11-05 22:34:22,443 utils (0.000) COMMIT; args=None; alias=default
DEBUG 2024-11-05 22:34:22,443 utils (0.000) PRAGMA foreign_keys = ON; args=None; alias=default
DEBUG 2024-11-05 22:34:22,443 utils (0.000) PRAGMA foreign_keys = OFF; args=None; alias=default
DEBUG 2024-11-05 22:34:22,443 utils (0.000) PRAGMA foreign_keys; args=None; alias=default
DEBUG 2024-11-05 22:34:22,443 utils (0.000) BEGIN; args=None; alias=default
DEBUG 2024-11-05 22:34:22,451 schema CREATE TABLE "new__auth_user" ("id" integer NOT NULL PRIMARY KEY AUTOINCREMENT, "password" varchar(128) NOT NULL, "last_login" datetime NULL, "is_superuser" bool NOT NULL, "first_name" varchar(30) NOT NULL, "last_name" varchar(30) NOT NULL, "email" varchar(254) NOT NULL, "is_staff" bool NOT NULL, "is_active" bool NOT NULL, "date_joined" datetime NOT NULL, "username" varchar(150) NOT NULL UNIQUE); (params None)
DEBUG 2024-11-05 22:34:22,451 utils (0.000) CREATE TABLE "new__auth_user" ("id" integer NOT NULL PRIMARY KEY AUTOINCREMENT, "password" varchar(128) NOT NULL, "last_login" datetime NULL, "is_superuser" bool NOT NULL, "first_name" varchar(30) NOT NULL, "last_name" varchar(30) NOT NULL, "email" varchar(254) NOT NULL, "is_staff" bool NOT NULL, "is_active" bool NOT NULL, "date_joined" datetime NOT NULL, "username" varchar(150) NOT NULL UNIQUE); args=None; alias=default
DEBUG 2024-11-05 22:34:22,451 schema INSERT INTO "new__auth_user" ("id", "password", "last_login", "is_superuser", "first_name", "last_name", "email", "is_staff", "is_active", "date_joined", "username") SELECT "id", "password", "last_login", "is_superuser", "first_name", "last_name", "email", "is_staff", "is_active", "date_joined", "username" FROM "auth_user"; (params ())
DEBUG 2024-11-05 22:34:22,451 utils (0.000) INSERT INTO "new__auth_user" ("id", "password", "last_login", "is_superuser", "first_name", "last_name", "email", "is_staff", "is_active", "date_joined", "username") SELECT "id", "password", "last_login", "is_superuser", "first_name", "last_name", "email", "is_staff", "is_active", "date_joined", "username" FROM "auth_user"; args=(); alias=default
DEBUG 2024-11-05 22:34:22,451 schema DROP TABLE "auth_user"; (params ())
DEBUG 2024-11-05 22:34:22,451 utils (0.000) DROP TABLE "auth_user"; args=(); alias=default
DEBUG 2024-11-05 22:34:22,451 schema ALTER TABLE "new__auth_user" RENAME TO "auth_user"; (params ())
DEBUG 2024-11-05 22:34:22,460 utils (0.015) ALTER TABLE "new__auth_user" RENAME TO "auth_user"; args=(); alias=default
DEBUG 2024-11-05 22:34:22,460 utils (0.000) INSERT INTO "django_migrations" ("app", "name", "applied") VALUES ('auth', '0008_alter_user_username_max_length', '2024-11-05 18:34:22.460412') RETURNING "django_migrations"."id"; args=('auth', '0008_alter_user_username_max_length', '2024-11-05 18:34:22.460412'); alias=default
DEBUG 2024-11-05 22:34:22,460 utils (0.000) PRAGMA foreign_key_check; args=None; alias=default
DEBUG 2024-11-05 22:34:22,460 utils (0.000) COMMIT; args=None; alias=default
DEBUG 2024-11-05 22:34:22,460 utils (0.000) PRAGMA foreign_keys = ON; args=None; alias=default
DEBUG 2024-11-05 22:34:22,460 utils (0.000) PRAGMA foreign_keys = OFF; args=None; alias=default
DEBUG 2024-11-05 22:34:22,460 utils (0.000) PRAGMA foreign_keys; args=None; alias=default
DEBUG 2024-11-05 22:34:22,467 utils (0.000) BEGIN; args=None; alias=default
DEBUG 2024-11-05 22:34:22,467 schema CREATE TABLE "new__auth_user" ("id" integer NOT NULL PRIMARY KEY AUTOINCREMENT, "password" varchar(128) NOT NULL, "last_login" datetime NULL, "is_superuser" bool NOT NULL, "username" varchar(150) NOT NULL UNIQUE, "first_name" varchar(30) NOT NULL, "email" varchar(254) NOT NULL, "is_staff" bool NOT NULL, "is_active" bool NOT NULL, "date_joined" datetime NOT NULL, "last_name" varchar(150) NOT NULL); (params None)
DEBUG 2024-11-05 22:34:22,475 utils (0.000) CREATE TABLE "new__auth_user" ("id" integer NOT NULL PRIMARY KEY AUTOINCREMENT, "password" varchar(128) NOT NULL, "last_login" datetime NULL, "is_superuser" bool NOT NULL, "username" varchar(150) NOT NULL UNIQUE, "first_name" varchar(30) NOT NULL, "email" varchar(254) NOT NULL, "is_staff" bool NOT NULL, "is_active" bool NOT NULL, "date_joined" datetime NOT NULL, "last_name" varchar(150) NOT NULL); args=None; alias=default
DEBUG 2024-11-05 22:34:22,475 schema INSERT INTO "new__auth_user" ("id", "password", "last_login", "is_superuser", "username", "first_name", "email", "is_staff", "is_active", "date_joined", "last_name") SELECT "id", "password", "last_login", "is_superuser", "username", "first_name", "email", "is_staff", "is_active", "date_joined", "last_name" FROM "auth_user"; (params ())
DEBUG 2024-11-05 22:34:22,475 utils (0.000) INSERT INTO "new__auth_user" ("id", "password", "last_login", "is_superuser", "username", "first_name", "email", "is_staff", "is_active", "date_joined", "last_name") SELECT "id", "password", "last_login", "is_superuser", "username", "first_name", "email", "is_staff", "is_active", "date_joined", "last_name" FROM "auth_user"; args=(); alias=default
DEBUG 2024-11-05 22:34:22,475 schema DROP TABLE "auth_user"; (params ())
DEBUG 2024-11-05 22:34:22,475 utils (0.000) DROP TABLE "auth_user"; args=(); alias=default
DEBUG 2024-11-05 22:34:22,475 schema ALTER TABLE "new__auth_user" RENAME TO "auth_user"; (params ())
DEBUG 2024-11-05 22:34:22,475 utils (0.000) ALTER TABLE "new__auth_user" RENAME TO "auth_user"; args=(); alias=default
DEBUG 2024-11-05 22:34:22,475 utils (0.000) INSERT INTO "django_migrations" ("app", "name", "applied") VALUES ('auth', '0009_alter_user_last_name_max_length', '2024-11-05 18:34:22.475937') RETURNING "django_migrations"."id"; args=('auth', '0009_alter_user_last_name_max_length', '2024-11-05 18:34:22.475937'); alias=default
DEBUG 2024-11-05 22:34:22,475 utils (0.000) PRAGMA foreign_key_check; args=None; alias=default
DEBUG 2024-11-05 22:34:22,483 utils (0.000) COMMIT; args=None; alias=default
DEBUG 2024-11-05 22:34:22,483 utils (0.000) PRAGMA foreign_keys = ON; args=None; alias=default
DEBUG 2024-11-05 22:34:22,483 utils (0.000) PRAGMA foreign_keys = OFF; args=None; alias=default
DEBUG 2024-11-05 22:34:22,483 utils (0.000) PRAGMA foreign_keys; args=None; alias=default
DEBUG 2024-11-05 22:34:22,483 utils (0.000) BEGIN; args=None; alias=default
DEBUG 2024-11-05 22:34:22,491 schema CREATE TABLE "new__auth_group" ("id" integer NOT NULL PRIMARY KEY AUTOINCREMENT, "name" varchar(150) NOT NULL UNIQUE); (params None)
DEBUG 2024-11-05 22:34:22,491 utils (0.000) CREATE TABLE "new__auth_group" ("id" integer NOT NULL PRIMARY KEY AUTOINCREMENT, "name" varchar(150) NOT NULL UNIQUE); args=None; alias=default
DEBUG 2024-11-05 22:34:22,491 schema INSERT INTO "new__auth_group" ("id", "name") SELECT "id", "name" FROM "auth_group"; (params ())
DEBUG 2024-11-05 22:34:22,491 utils (0.000) INSERT INTO "new__auth_group" ("id", "name") SELECT "id", "name" FROM "auth_group"; args=(); alias=default
DEBUG 2024-11-05 22:34:22,491 schema DROP TABLE "auth_group"; (params ())
DEBUG 2024-11-05 22:34:22,491 utils (0.000) DROP TABLE "auth_group"; args=(); alias=default
DEBUG 2024-11-05 22:34:22,491 schema ALTER TABLE "new__auth_group" RENAME TO "auth_group"; (params ())
DEBUG 2024-11-05 22:34:22,491 utils (0.000) ALTER TABLE "new__auth_group" RENAME TO "auth_group"; args=(); alias=default
DEBUG 2024-11-05 22:34:22,491 utils (0.000) INSERT INTO "django_migrations" ("app", "name", "applied") VALUES ('auth', '0010_alter_group_name_max_length', '2024-11-05 18:34:22.491932') RETURNING "django_migrations"."id"; args=('auth', '0010_alter_group_name_max_length', '2024-11-05 18:34:22.491932'); alias=default
DEBUG 2024-11-05 22:34:22,491 utils (0.000) PRAGMA foreign_key_check; args=None; alias=default
DEBUG 2024-11-05 22:34:22,499 utils (0.000) COMMIT; args=None; alias=default
DEBUG 2024-11-05 22:34:22,499 utils (0.000) PRAGMA foreign_keys = ON; args=None; alias=default
DEBUG 2024-11-05 22:34:22,499 utils (0.000) PRAGMA foreign_keys = OFF; args=None; alias=default
DEBUG 2024-11-05 22:34:22,499 utils (0.000) PRAGMA foreign_keys; args=None; alias=default
DEBUG 2024-11-05 22:34:22,499 utils (0.000) BEGIN; args=None; alias=default
DEBUG 2024-11-05 22:34:22,499 utils (0.000) INSERT INTO "django_migrations" ("app", "name", "applied") VALUES ('auth', '0011_update_proxy_permissions', '2024-11-05 18:34:22.499933') RETURNING "django_migrations"."id"; args=('auth', '0011_update_proxy_permissions', '2024-11-05 18:34:22.499933'); alias=default
DEBUG 2024-11-05 22:34:22,499 utils (0.000) PRAGMA foreign_key_check; args=None; alias=default
DEBUG 2024-11-05 22:34:22,507 utils (0.015) COMMIT; args=None; alias=default
DEBUG 2024-11-05 22:34:22,507 utils (0.000) PRAGMA foreign_keys = ON; args=None; alias=default
DEBUG 2024-11-05 22:34:22,507 utils (0.000) PRAGMA foreign_keys = OFF; args=None; alias=default
DEBUG 2024-11-05 22:34:22,507 utils (0.000) PRAGMA foreign_keys; args=None; alias=default
DEBUG 2024-11-05 22:34:22,507 utils (0.000) BEGIN; args=None; alias=default
DEBUG 2024-11-05 22:34:22,507 schema CREATE TABLE "new__auth_user" ("id" integer NOT NULL PRIMARY KEY AUTOINCREMENT, "password" varchar(128) NOT NULL, "last_login" datetime NULL, "is_superuser" bool NOT NULL, "username" varchar(150) NOT NULL UNIQUE, "last_name" varchar(150) NOT NULL, "email" varchar(254) NOT NULL, "is_staff" bool NOT NULL, "is_active" bool NOT NULL, "date_joined" datetime NOT NULL, "first_name" varchar(150) NOT NULL); (params None)
DEBUG 2024-11-05 22:34:22,507 utils (0.000) CREATE TABLE "new__auth_user" ("id" integer NOT NULL PRIMARY KEY AUTOINCREMENT, "password" varchar(128) NOT NULL, "last_login" datetime NULL, "is_superuser" bool NOT NULL, "username" varchar(150) NOT NULL UNIQUE, "last_name" varchar(150) NOT NULL, "email" varchar(254) NOT NULL, "is_staff" bool NOT NULL, "is_active" bool NOT NULL, "date_joined" datetime NOT NULL, "first_name" varchar(150) NOT NULL); args=None; alias=default
DEBUG 2024-11-05 22:34:22,515 schema INSERT INTO "new__auth_user" ("id", "password", "last_login", "is_superuser", "username", "last_name", "email", "is_staff", "is_active", "date_joined", "first_name") SELECT "id", "password", "last_login", "is_superuser", "username", "last_name", "email", "is_staff", "is_active", "date_joined", "first_name" FROM "auth_user"; (params ())
DEBUG 2024-11-05 22:34:22,515 utils (0.000) INSERT INTO "new__auth_user" ("id", "password", "last_login", "is_superuser", "username", "last_name", "email", "is_staff", "is_active", "date_joined", "first_name") SELECT "id", "password", "last_login", "is_superuser", "username", "last_name", "email", "is_staff", "is_active", "date_joined", "first_name" FROM "auth_user"; args=(); alias=default
DEBUG 2024-11-05 22:34:22,515 schema DROP TABLE "auth_user"; (params ())
DEBUG 2024-11-05 22:34:22,515 utils (0.000) DROP TABLE "auth_user"; args=(); alias=default
DEBUG 2024-11-05 22:34:22,515 schema ALTER TABLE "new__auth_user" RENAME TO "auth_user"; (params ())
DEBUG 2024-11-05 22:34:22,515 utils (0.000) ALTER TABLE "new__auth_user" RENAME TO "auth_user"; args=(); alias=default
DEBUG 2024-11-05 22:34:22,515 utils (0.000) INSERT INTO "django_migrations" ("app", "name", "applied") VALUES ('auth', '0012_alter_user_first_name_max_length', '2024-11-05 18:34:22.515935') RETURNING "django_migrations"."id"; args=('auth', '0012_alter_user_first_name_max_length', '2024-11-05 18:34:22.515935'); alias=default
DEBUG 2024-11-05 22:34:22,515 utils (0.000) PRAGMA foreign_key_check; args=None; alias=default
DEBUG 2024-11-05 22:34:22,515 utils (0.000) COMMIT; args=None; alias=default
DEBUG 2024-11-05 22:34:22,515 utils (0.000) PRAGMA foreign_keys = ON; args=None; alias=default
DEBUG 2024-11-05 22:34:22,523 utils (0.000) PRAGMA foreign_keys = OFF; args=None; alias=default
DEBUG 2024-11-05 22:34:22,523 utils (0.000) PRAGMA foreign_keys; args=None; alias=default
DEBUG 2024-11-05 22:34:22,523 utils (0.000) BEGIN; args=None; alias=default
DEBUG 2024-11-05 22:34:22,525 schema CREATE TABLE "django_session" ("session_key" varchar(40) NOT NULL PRIMARY KEY, "session_data" text NOT NULL, "expire_date" datetime NOT NULL); (params None)
DEBUG 2024-11-05 22:34:22,525 utils (0.000) CREATE TABLE "django_session" ("session_key" varchar(40) NOT NULL PRIMARY KEY, "session_data" text NOT NULL, "expire_date" datetime NOT NULL); args=None; alias=default
DEBUG 2024-11-05 22:34:22,525 utils (0.000) PRAGMA foreign_key_check; args=None; alias=default
DEBUG 2024-11-05 22:34:22,525 schema CREATE INDEX "django_session_expire_date_a5c62663" ON "django_session" ("expire_date"); (params None)
DEBUG 2024-11-05 22:34:22,525 utils (0.000) CREATE INDEX "django_session_expire_date_a5c62663" ON "django_session" ("expire_date"); args=None; alias=default
DEBUG 2024-11-05 22:34:22,525 utils (0.000) COMMIT; args=None; alias=default
DEBUG 2024-11-05 22:34:22,525 utils (0.000) PRAGMA foreign_keys = ON; args=None; alias=default
DEBUG 2024-11-05 22:34:22,532 utils (0.000) INSERT INTO "django_migrations" ("app", "name", "applied") VALUES ('sessions', '0001_initial', '2024-11-05 18:34:22.531965') RETURNING "django_migrations"."id"; args=('sessions', '0001_initial', '2024-11-05 18:34:22.531965'); alias=default
DEBUG 2024-11-05 22:34:22,532 utils (0.000) SELECT "django_migrations"."id", "django_migrations"."app", "django_migrations"."name", "django_migrations"."applied" FROM "django_migrations"; args=(); alias=default
DEBUG 2024-11-05 22:34:22,540 utils (0.000) SELECT "django_content_type"."id", "django_content_type"."app_label", "django_content_type"."model" FROM "django_content_type" WHERE "django_content_type"."app_label" = 'admin'; args=('admin',); alias=default
DEBUG 2024-11-05 22:34:22,540 utils (0.000) BEGIN; args=None; alias=default
DEBUG 2024-11-05 22:34:22,540 utils (0.000) INSERT INTO "django_content_type" ("app_label", "model") VALUES ('admin', 'logentry') RETURNING "django_content_type"."id"; args=('admin', 'logentry'); alias=default
DEBUG 2024-11-05 22:34:22,540 utils (0.000) COMMIT; args=None; alias=default
DEBUG 2024-11-05 22:34:22,548 utils (0.000) SELECT "django_content_type"."id", "django_content_type"."app_label", "django_content_type"."model" FROM "django_content_type" WHERE ("django_content_type"."app_label" = 'admin' AND "django_content_type"."model" IN ('logentry')); args=('admin', 'logentry'); alias=default
DEBUG 2024-11-05 22:34:22,548 utils (0.000) SELECT "auth_permission"."content_type_id", "auth_permission"."codename" FROM "auth_permission" INNER JOIN "django_content_type" ON ("auth_permission"."content_type_id" = "django_content_type"."id") WHERE "auth_permission"."content_type_id" IN (1) ORDER BY "django_content_type"."app_label" ASC, "django_content_type"."model" ASC, "auth_permission"."codename" ASC; args=(1,); alias=default
DEBUG 2024-11-05 22:34:22,548 utils (0.000) BEGIN; args=None; alias=default
DEBUG 2024-11-05 22:34:22,548 utils (0.000) INSERT INTO "auth_permission" ("name", "content_type_id", "codename") VALUES ('Can add log entry', 1, 'add_logentry'), ('Can change log entry', 1, 'change_logentry'), ('Can delete log entry', 1, 'delete_logentry'), ('Can view log entry', 1, 'view_logentry') RETURNING "auth_permission"."id"; args=('Can add log entry', 1, 'add_logentry', 'Can change log entry', 1, 'change_logentry', 'Can delete log entry', 1, 'delete_logentry', 'Can view log entry', 1, 'view_logentry'); alias=default
DEBUG 2024-11-05 22:34:22,548 utils (0.000) COMMIT; args=None; alias=default
DEBUG 2024-11-05 22:34:22,556 utils (0.000) SELECT "django_content_type"."id", "django_content_type"."app_label", "django_content_type"."model" FROM "django_content_type" WHERE "django_content_type"."app_label" = 'admin'; args=('admin',); alias=default
DEBUG 2024-11-05 22:34:22,556 utils (0.000) SELECT "django_content_type"."id", "django_content_type"."app_label", "django_content_type"."model" FROM "django_content_type" WHERE "django_content_type"."app_label" = 'auth'; args=('auth',); alias=default
DEBUG 2024-11-05 22:34:22,556 utils (0.000) BEGIN; args=None; alias=default
DEBUG 2024-11-05 22:34:22,556 utils (0.000) INSERT INTO "django_content_type" ("app_label", "model") VALUES ('auth', 'permission'), ('auth', 'group'), ('auth', 'user') RETURNING "django_content_type"."id"; args=('auth', 'permission', 'auth', 'group', 'auth', 'user'); alias=default
DEBUG 2024-11-05 22:34:22,556 utils (0.000) COMMIT; args=None; alias=default
DEBUG 2024-11-05 22:34:22,556 utils (0.000) SELECT "django_content_type"."id", "django_content_type"."app_label", "django_content_type"."model" FROM "django_content_type" WHERE ("django_content_type"."app_label" = 'auth' AND "django_content_type"."model" IN ('group', 'permission', 'user')); args=('auth', 'group', 'permission', 'user'); alias=default
DEBUG 2024-11-05 22:34:22,564 utils (0.000) SELECT "auth_permission"."content_type_id", "auth_permission"."codename" FROM "auth_permission" INNER JOIN "django_content_type" ON ("auth_permission"."content_type_id" = "django_content_type"."id") WHERE "auth_permission"."content_type_id" IN (2, 3, 4) ORDER BY "django_content_type"."app_label" ASC, "django_content_type"."model" ASC, "auth_permission"."codename" ASC; args=(2, 3, 4); alias=default
DEBUG 2024-11-05 22:34:22,564 utils (0.000) BEGIN; args=None; alias=default
DEBUG 2024-11-05 22:34:22,564 utils (0.000) INSERT INTO "auth_permission" ("name", "content_type_id", "codename") VALUES ('Can add permission', 2, 'add_permission'), ('Can change permission', 2, 'change_permission'), ('Can delete permission', 2, 'delete_permission'), ('Can view permission', 2, 'view_permission'), ('Can add group', 3, 'add_group'), ('Can change group', 3, 'change_group'), ('Can delete group', 3, 'delete_group'), ('Can view group', 3, 'view_group'), ('Can add user', 4, 'add_user'), ('Can change user', 4, 'change_user'), ('Can delete user', 4, 'delete_user'), ('Can view user', 4, 'view_user') RETURNING "auth_permission"."id"; args=('Can add permission', 2, 'add_permission', 'Can change permission', 2, 'change_permission', 'Can delete permission', 2, 'delete_permission', 'Can view permission', 2, 'view_permission', 'Can add group', 3, 'add_group', 'Can change group', 3, 'change_group', 'Can delete group', 3, 'delete_group', 'Can view group', 3, 'view_group', 'Can add user', 4, 'add_user', 'Can change user', 4, 'change_user', 'Can delete user', 4, 'delete_user', 'Can view user', 4, 'view_user'); alias=default
DEBUG 2024-11-05 22:34:22,564 utils (0.000) COMMIT; args=None; alias=default
DEBUG 2024-11-05 22:34:22,564 utils (0.000) SELECT "django_content_type"."id", "django_content_type"."app_label", "django_content_type"."model" FROM "django_content_type" WHERE "django_content_type"."app_label" = 'auth'; args=('auth',); alias=default
DEBUG 2024-11-05 22:34:22,564 utils (0.000) SELECT "django_content_type"."id", "django_content_type"."app_label", "django_content_type"."model" FROM "django_content_type" WHERE "django_content_type"."app_label" = 'contenttypes'; args=('contenttypes',); alias=default
DEBUG 2024-11-05 22:34:22,572 utils (0.000) BEGIN; args=None; alias=default
DEBUG 2024-11-05 22:34:22,572 utils (0.000) INSERT INTO "django_content_type" ("app_label", "model") VALUES ('contenttypes', 'contenttype') RETURNING "django_content_type"."id"; args=('contenttypes', 'contenttype'); alias=default
DEBUG 2024-11-05 22:34:22,572 utils (0.000) COMMIT; args=None; alias=default
DEBUG 2024-11-05 22:34:22,580 utils (0.000) SELECT "django_content_type"."id", "django_content_type"."app_label", "django_content_type"."model" FROM "django_content_type" WHERE ("django_content_type"."app_label" = 'contenttypes' AND "django_content_type"."model" IN ('contenttype')); args=('contenttypes', 'contenttype'); alias=default
DEBUG 2024-11-05 22:34:22,580 utils (0.000) SELECT "auth_permission"."content_type_id", "auth_permission"."codename" FROM "auth_permission" INNER JOIN "django_content_type" ON ("auth_permission"."content_type_id" = "django_content_type"."id") WHERE "auth_permission"."content_type_id" IN (5) ORDER BY "django_content_type"."app_label" ASC, "django_content_type"."model" ASC, "auth_permission"."codename" ASC; args=(5,); alias=default
DEBUG 2024-11-05 22:34:22,580 utils (0.000) BEGIN; args=None; alias=default
DEBUG 2024-11-05 22:34:22,580 utils (0.000) INSERT INTO "auth_permission" ("name", "content_type_id", "codename") VALUES ('Can add content type', 5, 'add_contenttype'), ('Can change content type', 5, 'change_contenttype'), ('Can delete content type', 5, 'delete_contenttype'), ('Can view content type', 5, 'view_contenttype') RETURNING "auth_permission"."id"; args=('Can add content type', 5, 'add_contenttype', 'Can change content type', 5, 'change_contenttype', 'Can delete content type', 5, 'delete_contenttype', 'Can view content type', 5, 'view_contenttype'); alias=default
DEBUG 2024-11-05 22:34:22,588 utils (0.015) COMMIT; args=None; alias=default
DEBUG 2024-11-05 22:34:22,588 utils (0.000) SELECT "django_content_type"."id", "django_content_type"."app_label", "django_content_type"."model" FROM "django_content_type" WHERE "django_content_type"."app_label" = 'contenttypes'; args=('contenttypes',); alias=default
DEBUG 2024-11-05 22:34:22,588 utils (0.000) SELECT "django_content_type"."id", "django_content_type"."app_label", "django_content_type"."model" FROM "django_content_type" WHERE "django_content_type"."app_label" = 'sessions'; args=('sessions',); alias=default
DEBUG 2024-11-05 22:34:22,588 utils (0.000) BEGIN; args=None; alias=default
DEBUG 2024-11-05 22:34:22,588 utils (0.000) INSERT INTO "django_content_type" ("app_label", "model") VALUES ('sessions', 'session') RETURNING "django_content_type"."id"; args=('sessions', 'session'); alias=default
DEBUG 2024-11-05 22:34:22,596 utils (0.000) COMMIT; args=None; alias=default
DEBUG 2024-11-05 22:34:22,596 utils (0.000) SELECT "django_content_type"."id", "django_content_type"."app_label", "django_content_type"."model" FROM "django_content_type" WHERE ("django_content_type"."app_label" = 'sessions' AND "django_content_type"."model" IN ('session')); args=('sessions', 'session'); alias=default
DEBUG 2024-11-05 22:34:22,596 utils (0.000) SELECT "auth_permission"."content_type_id", "auth_permission"."codename" FROM "auth_permission" INNER JOIN "django_content_type" ON ("auth_permission"."content_type_id" = "django_content_type"."id") WHERE "auth_permission"."content_type_id" IN (6) ORDER BY "django_content_type"."app_label" ASC, "django_content_type"."model" ASC, "auth_permission"."codename" ASC; args=(6,); alias=default
DEBUG 2024-11-05 22:34:22,604 utils (0.000) BEGIN; args=None; alias=default
DEBUG 2024-11-05 22:34:22,604 utils (0.000) INSERT INTO "auth_permission" ("name", "content_type_id", "codename") VALUES ('Can add session', 6, 'add_session'), ('Can change session', 6, 'change_session'), ('Can delete session', 6, 'delete_session'), ('Can view session', 6, 'view_session') RETURNING "auth_permission"."id"; args=('Can add session', 6, 'add_session', 'Can change session', 6, 'change_session', 'Can delete session', 6, 'delete_session', 'Can view session', 6, 'view_session'); alias=default
DEBUG 2024-11-05 22:34:22,613 utils (0.016) COMMIT; args=None; alias=default
DEBUG 2024-11-05 22:34:22,613 utils (0.000) SELECT "django_content_type"."id", "django_content_type"."app_label", "django_content_type"."model" FROM "django_content_type" WHERE "django_content_type"."app_label" = 'sessions'; args=('sessions',); alias=default
DEBUG 2024-11-05 22:38:21,465 utils (0.000) 
            SELECT name, type FROM sqlite_master
            WHERE type in ('table', 'view') AND NOT name='sqlite_sequence'
            ORDER BY name; args=None; alias=default
DEBUG 2024-11-05 22:38:21,473 utils (0.000) SELECT "django_migrations"."id", "django_migrations"."app", "django_migrations"."name", "django_migrations"."applied" FROM "django_migrations"; args=(); alias=default
DEBUG 2024-11-05 22:38:32,019 utils (0.000) 
            SELECT name, type FROM sqlite_master
            WHERE type in ('table', 'view') AND NOT name='sqlite_sequence'
            ORDER BY name; args=None; alias=default
DEBUG 2024-11-05 22:38:32,027 utils (0.000) SELECT "django_migrations"."id", "django_migrations"."app", "django_migrations"."name", "django_migrations"."applied" FROM "django_migrations"; args=(); alias=default
DEBUG 2024-11-05 22:38:32,027 utils (0.000) 
            SELECT name, type FROM sqlite_master
            WHERE type in ('table', 'view') AND NOT name='sqlite_sequence'
            ORDER BY name; args=None; alias=default
DEBUG 2024-11-05 22:38:32,027 utils (0.000) SELECT "django_migrations"."id", "django_migrations"."app", "django_migrations"."name", "django_migrations"."applied" FROM "django_migrations"; args=(); alias=default
DEBUG 2024-11-05 22:38:32,035 utils (0.000) 
            SELECT name, type FROM sqlite_master
            WHERE type in ('table', 'view') AND NOT name='sqlite_sequence'
            ORDER BY name; args=None; alias=default
DEBUG 2024-11-05 22:38:32,035 utils (0.000) SELECT "django_migrations"."id", "django_migrations"."app", "django_migrations"."name", "django_migrations"."applied" FROM "django_migrations"; args=(); alias=default
DEBUG 2024-11-05 22:38:32,043 utils (0.000) SELECT "django_content_type"."id", "django_content_type"."app_label", "django_content_type"."model" FROM "django_content_type" WHERE "django_content_type"."app_label" = 'admin'; args=('admin',); alias=default
DEBUG 2024-11-05 22:38:32,043 utils (0.000) SELECT "django_content_type"."id", "django_content_type"."app_label", "django_content_type"."model" FROM "django_content_type" WHERE ("django_content_type"."app_label" = 'admin' AND "django_content_type"."model" IN ('logentry')); args=('admin', 'logentry'); alias=default
DEBUG 2024-11-05 22:38:32,043 utils (0.000) SELECT "auth_permission"."content_type_id", "auth_permission"."codename" FROM "auth_permission" INNER JOIN "django_content_type" ON ("auth_permission"."content_type_id" = "django_content_type"."id") WHERE "auth_permission"."content_type_id" IN (1) ORDER BY "django_content_type"."app_label" ASC, "django_content_type"."model" ASC, "auth_permission"."codename" ASC; args=(1,); alias=default
DEBUG 2024-11-05 22:38:32,043 utils (0.000) SELECT "django_content_type"."id", "django_content_type"."app_label", "django_content_type"."model" FROM "django_content_type" WHERE "django_content_type"."app_label" = 'admin'; args=('admin',); alias=default
DEBUG 2024-11-05 22:38:32,043 utils (0.000) SELECT "django_content_type"."id", "django_content_type"."app_label", "django_content_type"."model" FROM "django_content_type" WHERE "django_content_type"."app_label" = 'auth'; args=('auth',); alias=default
DEBUG 2024-11-05 22:38:32,043 utils (0.000) SELECT "django_content_type"."id", "django_content_type"."app_label", "django_content_type"."model" FROM "django_content_type" WHERE ("django_content_type"."app_label" = 'auth' AND "django_content_type"."model" IN ('permission', 'user', 'group')); args=('auth', 'permission', 'user', 'group'); alias=default
DEBUG 2024-11-05 22:38:32,051 utils (0.000) SELECT "auth_permission"."content_type_id", "auth_permission"."codename" FROM "auth_permission" INNER JOIN "django_content_type" ON ("auth_permission"."content_type_id" = "django_content_type"."id") WHERE "auth_permission"."content_type_id" IN (2, 3, 4) ORDER BY "django_content_type"."app_label" ASC, "django_content_type"."model" ASC, "auth_permission"."codename" ASC; args=(2, 3, 4); alias=default
DEBUG 2024-11-05 22:38:32,051 utils (0.000) SELECT "django_content_type"."id", "django_content_type"."app_label", "django_content_type"."model" FROM "django_content_type" WHERE "django_content_type"."app_label" = 'auth'; args=('auth',); alias=default
DEBUG 2024-11-05 22:38:32,051 utils (0.000) SELECT "django_content_type"."id", "django_content_type"."app_label", "django_content_type"."model" FROM "django_content_type" WHERE "django_content_type"."app_label" = 'contenttypes'; args=('contenttypes',); alias=default
DEBUG 2024-11-05 22:38:32,051 utils (0.000) SELECT "django_content_type"."id", "django_content_type"."app_label", "django_content_type"."model" FROM "django_content_type" WHERE ("django_content_type"."app_label" = 'contenttypes' AND "django_content_type"."model" IN ('contenttype')); args=('contenttypes', 'contenttype'); alias=default
DEBUG 2024-11-05 22:38:32,051 utils (0.000) SELECT "auth_permission"."content_type_id", "auth_permission"."codename" FROM "auth_permission" INNER JOIN "django_content_type" ON ("auth_permission"."content_type_id" = "django_content_type"."id") WHERE "auth_permission"."content_type_id" IN (5) ORDER BY "django_content_type"."app_label" ASC, "django_content_type"."model" ASC, "auth_permission"."codename" ASC; args=(5,); alias=default
DEBUG 2024-11-05 22:38:32,051 utils (0.000) SELECT "django_content_type"."id", "django_content_type"."app_label", "django_content_type"."model" FROM "django_content_type" WHERE "django_content_type"."app_label" = 'contenttypes'; args=('contenttypes',); alias=default
DEBUG 2024-11-05 22:38:32,051 utils (0.000) SELECT "django_content_type"."id", "django_content_type"."app_label", "django_content_type"."model" FROM "django_content_type" WHERE "django_content_type"."app_label" = 'sessions'; args=('sessions',); alias=default
DEBUG 2024-11-05 22:38:32,059 utils (0.000) SELECT "django_content_type"."id", "django_content_type"."app_label", "django_content_type"."model" FROM "django_content_type" WHERE ("django_content_type"."app_label" = 'sessions' AND "django_content_type"."model" IN ('session')); args=('sessions', 'session'); alias=default
DEBUG 2024-11-05 22:38:32,059 utils (0.000) SELECT "auth_permission"."content_type_id", "auth_permission"."codename" FROM "auth_permission" INNER JOIN "django_content_type" ON ("auth_permission"."content_type_id" = "django_content_type"."id") WHERE "auth_permission"."content_type_id" IN (6) ORDER BY "django_content_type"."app_label" ASC, "django_content_type"."model" ASC, "auth_permission"."codename" ASC; args=(6,); alias=default
DEBUG 2024-11-05 22:38:32,059 utils (0.000) SELECT "django_content_type"."id", "django_content_type"."app_label", "django_content_type"."model" FROM "django_content_type" WHERE "django_content_type"."app_label" = 'sessions'; args=('sessions',); alias=default
INFO 2024-11-05 22:38:45,225 autoreload Watching for file changes with StatReloader
DEBUG 2024-11-05 22:38:45,225 autoreload Waiting for apps ready_event.
DEBUG 2024-11-05 22:38:45,225 autoreload Apps ready_event triggered. Sending autoreload_started signal.
DEBUG 2024-11-05 22:38:45,234 autoreload Watching dir C:\Users\asus\Documents\GitHub\Skillwill-Repository\myproject\locale with glob **/*.mo.
DEBUG 2024-11-05 22:38:45,234 autoreload Watching dir C:\Users\asus\Documents\GitHub\Skillwill-Repository\myproject\testapp\locale with glob **/*.mo.
DEBUG 2024-11-05 22:38:45,266 utils (0.000) 
            SELECT name, type FROM sqlite_master
            WHERE type in ('table', 'view') AND NOT name='sqlite_sequence'
            ORDER BY name; args=None; alias=default
DEBUG 2024-11-05 22:38:45,266 utils (0.000) SELECT "django_migrations"."id", "django_migrations"."app", "django_migrations"."name", "django_migrations"."applied" FROM "django_migrations"; args=(); alias=default
DEBUG 2024-11-05 22:38:45,340 autoreload File C:\Users\asus\AppData\Local\Programs\Python\Python312\Lib\opcode.py first seen with mtime 1727741020.0
DEBUG 2024-11-05 22:38:45,340 autoreload File C:\Users\asus\AppData\Local\Programs\Python\Python312\Lib\bisect.py first seen with mtime 1727741020.0
DEBUG 2024-11-05 22:38:45,340 autoreload File C:\Users\asus\Documents\GitHub\Skillwill-Repository\venv\Lib\site-packages\django\core\checks\database.py first seen with mtime 1730831502.6693428
DEBUG 2024-11-05 22:38:45,340 autoreload File C:\Users\asus\Documents\GitHub\Skillwill-Repository\venv\Lib\site-packages\django\core\mail\message.py first seen with mtime 1730831502.6939147
DEBUG 2024-11-05 22:38:45,340 autoreload File C:\Users\asus\AppData\Local\Programs\Python\Python312\Lib\concurrent\futures\thread.py first seen with mtime 1727741020.0
DEBUG 2024-11-05 22:38:45,340 autoreload File C:\Users\asus\Documents\GitHub\Skillwill-Repository\venv\Lib\site-packages\django\db\models\options.py first seen with mtime 1730831502.7595358
DEBUG 2024-11-05 22:38:45,340 autoreload File C:\Users\asus\Documents\GitHub\Skillwill-Repository\venv\Lib\site-packages\django\core\files\utils.py first seen with mtime 1730831502.685556
DEBUG 2024-11-05 22:38:45,340 autoreload File C:\Users\asus\Documents\GitHub\Skillwill-Repository\venv\Lib\site-packages\django\utils\_os.py first seen with mtime 1730831502.8735144
DEBUG 2024-11-05 22:38:45,340 autoreload File C:\Users\asus\AppData\Local\Programs\Python\Python312\Lib\email\header.py first seen with mtime 1727741020.0
DEBUG 2024-11-05 22:38:45,340 autoreload File C:\Users\asus\Documents\GitHub\Skillwill-Repository\venv\Lib\site-packages\django\views\generic\list.py first seen with mtime 1730831502.9142425
DEBUG 2024-11-05 22:38:45,340 autoreload File C:\Users\asus\AppData\Local\Programs\Python\Python312\Lib\asyncio\exceptions.py first seen with mtime 1727741020.0
DEBUG 2024-11-05 22:38:45,340 autoreload File C:\Users\asus\AppData\Local\Programs\Python\Python312\DLLs\_asyncio.pyd first seen with mtime 1727741072.0
DEBUG 2024-11-05 22:38:45,340 autoreload File C:\Users\asus\Documents\GitHub\Skillwill-Repository\venv\Lib\site-packages\django\contrib\admin\templatetags\base.py first seen with mtime 1730831501.1962757
DEBUG 2024-11-05 22:38:45,340 autoreload File C:\Users\asus\Documents\GitHub\Skillwill-Repository\venv\Lib\site-packages\django\core\cache\__init__.py first seen with mtime 1730831502.661079
DEBUG 2024-11-05 22:38:45,340 autoreload File C:\Users\asus\AppData\Local\Programs\Python\Python312\Lib\random.py first seen with mtime 1727741020.0
DEBUG 2024-11-05 22:38:45,340 autoreload File C:\Users\asus\AppData\Local\Programs\Python\Python312\Lib\struct.py first seen with mtime 1727741020.0
DEBUG 2024-11-05 22:38:45,348 autoreload File C:\Users\asus\Documents\GitHub\Skillwill-Repository\venv\Lib\site-packages\django\views\decorators\__init__.py first seen with mtime 1730831502.9060154
DEBUG 2024-11-05 22:38:45,348 autoreload File C:\Users\asus\Documents\GitHub\Skillwill-Repository\venv\Lib\site-packages\django\contrib\staticfiles\checks.py first seen with mtime 1730831502.6529233
DEBUG 2024-11-05 22:38:45,348 autoreload File C:\Users\asus\Documents\GitHub\Skillwill-Repository\venv\Lib\site-packages\django\http\multipartparser.py first seen with mtime 1730831502.840971
DEBUG 2024-11-05 22:38:45,348 autoreload File C:\Users\asus\Documents\GitHub\Skillwill-Repository\venv\Lib\site-packages\django\forms\boundfield.py first seen with mtime 1730831502.7918208
DEBUG 2024-11-05 22:38:45,348 autoreload File C:\Users\asus\AppData\Local\Programs\Python\Python312\Lib\collections\abc.py first seen with mtime 1727741020.0
DEBUG 2024-11-05 22:38:45,348 autoreload File C:\Users\asus\Documents\GitHub\Skillwill-Repository\myproject\myproject\settings.py first seen with mtime 1730831730.3165064
DEBUG 2024-11-05 22:38:45,348 autoreload File C:\Users\asus\Documents\GitHub\Skillwill-Repository\venv\Lib\site-packages\django\contrib\sessions\backends\base.py first seen with mtime 1730831502.317336
DEBUG 2024-11-05 22:38:45,348 autoreload File C:\Users\asus\Documents\GitHub\Skillwill-Repository\venv\Lib\site-packages\django\db\backends\sqlite3\schema.py first seen with mtime 1730831502.7344658
DEBUG 2024-11-05 22:38:45,348 autoreload File C:\Users\asus\Documents\GitHub\Skillwill-Repository\venv\Lib\site-packages\django\db\backends\sqlite3\creation.py first seen with mtime 1730831502.7344658
DEBUG 2024-11-05 22:38:45,348 autoreload File C:\Users\asus\Documents\GitHub\Skillwill-Repository\venv\Lib\site-packages\django\template\backends\__init__.py first seen with mtime 1730831502.857064
DEBUG 2024-11-05 22:38:45,348 autoreload File C:\Users\asus\AppData\Local\Programs\Python\Python312\Lib\http\__init__.py first seen with mtime 1727741020.0
DEBUG 2024-11-05 22:38:45,348 autoreload File C:\Users\asus\Documents\GitHub\Skillwill-Repository\venv\Lib\site-packages\django\urls\base.py first seen with mtime 1730831502.8735144
DEBUG 2024-11-05 22:38:45,348 autoreload File C:\Users\asus\Documents\GitHub\Skillwill-Repository\venv\Lib\site-packages\django\middleware\__init__.py first seen with mtime 1730831502.840971
DEBUG 2024-11-05 22:38:45,348 autoreload File C:\Users\asus\AppData\Local\Programs\Python\Python312\DLLs\_zoneinfo.pyd first seen with mtime 1727741072.0
DEBUG 2024-11-05 22:38:45,356 autoreload File C:\Users\asus\Documents\GitHub\Skillwill-Repository\venv\Lib\site-packages\django\core\wsgi.py first seen with mtime 1730831502.661079
DEBUG 2024-11-05 22:38:45,356 autoreload File C:\Users\asus\Documents\GitHub\Skillwill-Repository\venv\Lib\site-packages\django\core\handlers\asgi.py first seen with mtime 1730831502.685556
DEBUG 2024-11-05 22:38:45,356 autoreload File C:\Users\asus\Documents\GitHub\Skillwill-Repository\venv\Lib\site-packages\django\views\defaults.py first seen with mtime 1730831502.9060154
DEBUG 2024-11-05 22:38:45,356 autoreload File C:\Users\asus\AppData\Local\Programs\Python\Python312\Lib\asyncio\futures.py first seen with mtime 1727741020.0
DEBUG 2024-11-05 22:38:45,356 autoreload File C:\Users\asus\Documents\GitHub\Skillwill-Repository\venv\Lib\site-packages\django\db\migrations\operations\__init__.py first seen with mtime 1730831502.7511473
DEBUG 2024-11-05 22:38:45,356 autoreload File C:\Users\asus\AppData\Local\Programs\Python\Python312\Lib\email\utils.py first seen with mtime 1727741020.0
DEBUG 2024-11-05 22:38:45,356 autoreload File C:\Users\asus\Documents\GitHub\Skillwill-Repository\venv\Lib\site-packages\django\core\validators.py first seen with mtime 1730831502.661079
DEBUG 2024-11-05 22:38:45,356 autoreload File C:\Users\asus\Documents\GitHub\Skillwill-Repository\venv\Lib\site-packages\sqlparse\filters\others.py first seen with mtime 1730831500.7046127
DEBUG 2024-11-05 22:38:45,356 autoreload File C:\Users\asus\AppData\Local\Programs\Python\Python312\Lib\warnings.py first seen with mtime 1727741020.0
DEBUG 2024-11-05 22:38:45,356 autoreload File C:\Users\asus\Documents\GitHub\Skillwill-Repository\venv\Lib\site-packages\django\template\autoreload.py first seen with mtime 1730831502.8510563
DEBUG 2024-11-05 22:38:45,356 autoreload File C:\Users\asus\Documents\GitHub\Skillwill-Repository\venv\Lib\site-packages\django\contrib\staticfiles\handlers.py first seen with mtime 1730831502.6529233
DEBUG 2024-11-05 22:38:45,356 autoreload File C:\Users\asus\Documents\GitHub\Skillwill-Repository\venv\Lib\site-packages\django\forms\forms.py first seen with mtime 1730831502.7918208
DEBUG 2024-11-05 22:38:45,356 autoreload File C:\Users\asus\Documents\GitHub\Skillwill-Repository\venv\Lib\site-packages\django\db\models\fields\reverse_related.py first seen with mtime 1730831502.7755375
DEBUG 2024-11-05 22:38:45,356 autoreload File C:\Users\asus\AppData\Local\Programs\Python\Python312\Lib\signal.py first seen with mtime 1727741020.0
DEBUG 2024-11-05 22:38:45,356 autoreload File C:\Users\asus\AppData\Local\Programs\Python\Python312\DLLs\_overlapped.pyd first seen with mtime 1727741072.0
DEBUG 2024-11-05 22:38:45,356 autoreload File C:\Users\asus\Documents\GitHub\Skillwill-Repository\venv\Lib\site-packages\django\contrib\auth\password_validation.py first seen with mtime 1730831501.316571
DEBUG 2024-11-05 22:38:45,356 autoreload File C:\Users\asus\Documents\GitHub\Skillwill-Repository\venv\Lib\site-packages\django\db\models\indexes.py first seen with mtime 1730831502.7595358
DEBUG 2024-11-05 22:38:45,356 autoreload File C:\Users\asus\AppData\Local\Programs\Python\Python312\Lib\pprint.py first seen with mtime 1727741020.0
DEBUG 2024-11-05 22:38:45,356 autoreload File C:\Users\asus\AppData\Local\Programs\Python\Python312\Lib\mimetypes.py first seen with mtime 1727741020.0
DEBUG 2024-11-05 22:38:45,356 autoreload File C:\Users\asus\Documents\GitHub\Skillwill-Repository\venv\Lib\site-packages\django\core\mail\__init__.py first seen with mtime 1730831502.6939147
DEBUG 2024-11-05 22:38:45,356 autoreload File C:\Users\asus\AppData\Local\Programs\Python\Python312\Lib\dataclasses.py first seen with mtime 1727741020.0
DEBUG 2024-11-05 22:38:45,356 autoreload File C:\Users\asus\AppData\Local\Programs\Python\Python312\Lib\sysconfig.py first seen with mtime 1727741020.0
DEBUG 2024-11-05 22:38:45,356 autoreload File C:\Users\asus\Documents\GitHub\Skillwill-Repository\venv\Lib\site-packages\django\db\models\sql\subqueries.py first seen with mtime 1730831502.7918208
DEBUG 2024-11-05 22:38:45,364 autoreload File C:\Users\asus\Documents\GitHub\Skillwill-Repository\venv\Lib\site-packages\django\contrib\contenttypes\admin.py first seen with mtime 1730831501.4260552
DEBUG 2024-11-05 22:38:45,364 autoreload File C:\Users\asus\Documents\GitHub\Skillwill-Repository\venv\Lib\site-packages\django\core\serializers\json.py first seen with mtime 1730831502.7101398
DEBUG 2024-11-05 22:38:45,364 autoreload File C:\Users\asus\Documents\GitHub\Skillwill-Repository\venv\Lib\site-packages\django\template\defaulttags.py first seen with mtime 1730831502.8510563
DEBUG 2024-11-05 22:38:45,364 autoreload File C:\Users\asus\Documents\GitHub\Skillwill-Repository\venv\Lib\site-packages\django\utils\__init__.py first seen with mtime 1730831502.8735144
DEBUG 2024-11-05 22:38:45,364 autoreload File C:\Users\asus\Documents\GitHub\Skillwill-Repository\venv\Lib\site-packages\django\contrib\admin\widgets.py first seen with mtime 1730831500.9832053
DEBUG 2024-11-05 22:38:45,364 autoreload File C:\Users\asus\Documents\GitHub\Skillwill-Repository\venv\Lib\site-packages\django\utils\text.py first seen with mtime 1730831502.8978357
DEBUG 2024-11-05 22:38:45,364 autoreload File C:\Users\asus\Documents\GitHub\Skillwill-Repository\venv\Lib\site-packages\sqlparse\cli.py first seen with mtime 1730831500.7046127
DEBUG 2024-11-05 22:38:45,364 autoreload File C:\Users\asus\AppData\Local\Programs\Python\Python312\Lib\wsgiref\__init__.py first seen with mtime 1727741020.0
DEBUG 2024-11-05 22:38:45,364 autoreload File C:\Users\asus\AppData\Local\Programs\Python\Python312\Lib\reprlib.py first seen with mtime 1727741020.0
DEBUG 2024-11-05 22:38:45,364 autoreload File C:\Users\asus\AppData\Local\Programs\Python\Python312\Lib\asyncio\selector_events.py first seen with mtime 1727741020.0
DEBUG 2024-11-05 22:38:45,364 autoreload File C:\Users\asus\Documents\GitHub\Skillwill-Repository\venv\Lib\site-packages\django\db\__init__.py first seen with mtime 1730831502.7101398
DEBUG 2024-11-05 22:38:45,364 autoreload File C:\Users\asus\AppData\Local\Programs\Python\Python312\Lib\asyncio\streams.py first seen with mtime 1727741020.0
DEBUG 2024-11-05 22:38:45,364 autoreload File C:\Users\asus\AppData\Local\Programs\Python\Python312\Lib\hashlib.py first seen with mtime 1727741020.0
DEBUG 2024-11-05 22:38:45,364 autoreload File C:\Users\asus\Documents\GitHub\Skillwill-Repository\venv\Lib\site-packages\django\views\generic\edit.py first seen with mtime 1730831502.9142425
DEBUG 2024-11-05 22:38:45,364 autoreload File C:\Users\asus\AppData\Local\Programs\Python\Python312\Lib\asyncio\runners.py first seen with mtime 1727741020.0
DEBUG 2024-11-05 22:38:45,364 autoreload File C:\Users\asus\AppData\Local\Programs\Python\Python312\Lib\argparse.py first seen with mtime 1727741020.0
DEBUG 2024-11-05 22:38:45,364 autoreload File C:\Users\asus\Documents\GitHub\Skillwill-Repository\venv\Lib\site-packages\django\contrib\admin\views\main.py first seen with mtime 1730831501.1962757
DEBUG 2024-11-05 22:38:45,364 autoreload File C:\Users\asus\AppData\Local\Programs\Python\Python312\Lib\nturl2path.py first seen with mtime 1727741020.0
DEBUG 2024-11-05 22:38:45,372 autoreload File C:\Users\asus\AppData\Local\Programs\Python\Python312\Lib\re\_parser.py first seen with mtime 1727741020.0
DEBUG 2024-11-05 22:38:45,372 autoreload File C:\Users\asus\AppData\Local\Programs\Python\Python312\Lib\json\scanner.py first seen with mtime 1727741020.0
DEBUG 2024-11-05 22:38:45,372 autoreload File C:\Users\asus\AppData\Local\Programs\Python\Python312\Lib\email\charset.py first seen with mtime 1727741020.0
DEBUG 2024-11-05 22:38:45,372 autoreload File C:\Users\asus\AppData\Local\Programs\Python\Python312\Lib\importlib\__init__.py first seen with mtime 1727741020.0
DEBUG 2024-11-05 22:38:45,372 autoreload File C:\Users\asus\Documents\GitHub\Skillwill-Repository\venv\Lib\site-packages\django\db\backends\ddl_references.py first seen with mtime 1730831502.71814
DEBUG 2024-11-05 22:38:45,372 autoreload File C:\Users\asus\AppData\Local\Programs\Python\Python312\Lib\pkgutil.py first seen with mtime 1727741020.0
DEBUG 2024-11-05 22:38:45,372 autoreload File C:\Users\asus\AppData\Local\Programs\Python\Python312\Lib\importlib\_abc.py first seen with mtime 1727741020.0
DEBUG 2024-11-05 22:38:45,372 autoreload File C:\Users\asus\Documents\GitHub\Skillwill-Repository\venv\Lib\site-packages\django\core\files\images.py first seen with mtime 1730831502.6773446
DEBUG 2024-11-05 22:38:45,372 autoreload File C:\Users\asus\Documents\GitHub\Skillwill-Repository\venv\Lib\site-packages\django\db\models\constraints.py first seen with mtime 1730831502.7595358
DEBUG 2024-11-05 22:38:45,372 autoreload File C:\Users\asus\AppData\Local\Programs\Python\Python312\Lib\json\decoder.py first seen with mtime 1727741020.0
DEBUG 2024-11-05 22:38:45,372 autoreload File C:\Users\asus\AppData\Local\Programs\Python\Python312\Lib\asyncio\base_futures.py first seen with mtime 1727741020.0
DEBUG 2024-11-05 22:38:45,372 autoreload File C:\Users\asus\AppData\Local\Programs\Python\Python312\Lib\email\__init__.py first seen with mtime 1727741020.0
DEBUG 2024-11-05 22:38:45,372 autoreload File C:\Users\asus\Documents\GitHub\Skillwill-Repository\venv\Lib\site-packages\django\db\models\sql\query.py first seen with mtime 1730831502.7835422
DEBUG 2024-11-05 22:38:45,372 autoreload File C:\Users\asus\AppData\Local\Programs\Python\Python312\Lib\ssl.py first seen with mtime 1727741020.0
DEBUG 2024-11-05 22:38:45,372 autoreload File C:\Users\asus\Documents\GitHub\Skillwill-Repository\venv\Lib\site-packages\django\contrib\staticfiles\management\__init__.py first seen with mtime 1730831502.661079
DEBUG 2024-11-05 22:38:45,372 autoreload File C:\Users\asus\Documents\GitHub\Skillwill-Repository\venv\Lib\site-packages\django\core\files\storage\handler.py first seen with mtime 1730831502.685556
DEBUG 2024-11-05 22:38:45,372 autoreload File C:\Users\asus\Documents\GitHub\Skillwill-Repository\venv\Lib\site-packages\django\contrib\admin\views\autocomplete.py first seen with mtime 1730831501.1962757
DEBUG 2024-11-05 22:38:45,372 autoreload File C:\Users\asus\Documents\GitHub\Skillwill-Repository\venv\Lib\site-packages\django\apps\registry.py first seen with mtime 1730831500.84398
DEBUG 2024-11-05 22:38:45,372 autoreload File C:\Users\asus\Documents\GitHub\Skillwill-Repository\myproject\testapp\apps.py first seen with mtime 1730831707.052183
DEBUG 2024-11-05 22:38:45,372 autoreload File C:\Users\asus\AppData\Local\Programs\Python\Python312\Lib\sqlite3\dbapi2.py first seen with mtime 1727741020.0
DEBUG 2024-11-05 22:38:45,380 autoreload File C:\Users\asus\AppData\Local\Programs\Python\Python312\Lib\token.py first seen with mtime 1727741020.0
DEBUG 2024-11-05 22:38:45,380 autoreload File C:\Users\asus\Documents\GitHub\Skillwill-Repository\myproject\myproject\__init__.py first seen with mtime 1730831271.3234713
DEBUG 2024-11-05 22:38:45,380 autoreload File C:\Users\asus\Documents\GitHub\Skillwill-Repository\myproject\testapp\__init__.py first seen with mtime 1730831707.0602791
DEBUG 2024-11-05 22:38:45,380 autoreload File C:\Users\asus\Documents\GitHub\Skillwill-Repository\venv\Lib\site-packages\django\views\i18n.py first seen with mtime 1730831502.9060154
DEBUG 2024-11-05 22:38:45,380 autoreload File C:\Users\asus\AppData\Local\Programs\Python\Python312\Lib\encodings\aliases.py first seen with mtime 1727741020.0
DEBUG 2024-11-05 22:38:45,380 autoreload File C:\Users\asus\Documents\GitHub\Skillwill-Repository\venv\Lib\site-packages\django\contrib\messages\middleware.py first seen with mtime 1730831502.0137508
DEBUG 2024-11-05 22:38:45,380 autoreload File C:\Users\asus\AppData\Local\Programs\Python\Python312\Lib\html\entities.py first seen with mtime 1727741020.0
DEBUG 2024-11-05 22:38:45,380 autoreload File C:\Users\asus\Documents\GitHub\Skillwill-Repository\venv\Lib\site-packages\sqlparse\sql.py first seen with mtime 1730831500.7046127
DEBUG 2024-11-05 22:38:45,380 autoreload File C:\Users\asus\AppData\Local\Programs\Python\Python312\Lib\gettext.py first seen with mtime 1727741020.0
DEBUG 2024-11-05 22:38:45,380 autoreload File C:\Users\asus\Documents\GitHub\Skillwill-Repository\venv\Lib\site-packages\django\contrib\auth\views.py first seen with mtime 1730831501.3192935
DEBUG 2024-11-05 22:38:45,380 autoreload File C:\Users\asus\Documents\GitHub\Skillwill-Repository\venv\Lib\site-packages\asgiref\local.py first seen with mtime 1730831500.7862368
DEBUG 2024-11-05 22:38:45,380 autoreload File C:\Users\asus\AppData\Local\Programs\Python\Python312\Lib\sqlite3\__init__.py first seen with mtime 1727741020.0
DEBUG 2024-11-05 22:38:45,380 autoreload File C:\Users\asus\Documents\GitHub\Skillwill-Repository\venv\Lib\site-packages\sqlparse\engine\filter_stack.py first seen with mtime 1730831500.7046127
DEBUG 2024-11-05 22:38:45,380 autoreload File C:\Users\asus\Documents\GitHub\Skillwill-Repository\venv\Lib\site-packages\sqlparse\lexer.py first seen with mtime 1730831500.7046127
DEBUG 2024-11-05 22:38:45,380 autoreload File C:\Users\asus\Documents\GitHub\Skillwill-Repository\venv\Lib\site-packages\django\template\loader_tags.py first seen with mtime 1730831502.857064
DEBUG 2024-11-05 22:38:45,380 autoreload File C:\Users\asus\Documents\GitHub\Skillwill-Repository\venv\Lib\site-packages\django\db\models\lookups.py first seen with mtime 1730831502.7595358
DEBUG 2024-11-05 22:38:45,380 autoreload File C:\Users\asus\Documents\GitHub\Skillwill-Repository\venv\Lib\site-packages\django\core\serializers\base.py first seen with mtime 1730831502.7101398
DEBUG 2024-11-05 22:38:45,380 autoreload File C:\Users\asus\AppData\Local\Programs\Python\Python312\Lib\asyncio\__init__.py first seen with mtime 1727741020.0
DEBUG 2024-11-05 22:38:45,380 autoreload File C:\Users\asus\AppData\Local\Programs\Python\Python312\Lib\locale.py first seen with mtime 1727741020.0
DEBUG 2024-11-05 22:38:45,380 autoreload File C:\Users\asus\AppData\Local\Programs\Python\Python312\Lib\pathlib.py first seen with mtime 1727741020.0
DEBUG 2024-11-05 22:38:45,380 autoreload File C:\Users\asus\Documents\GitHub\Skillwill-Repository\venv\Lib\site-packages\django\http\__init__.py first seen with mtime 1730831502.840971
DEBUG 2024-11-05 22:38:45,380 autoreload File C:\Users\asus\AppData\Local\Programs\Python\Python312\Lib\email\iterators.py first seen with mtime 1727741020.0
DEBUG 2024-11-05 22:38:45,380 autoreload File C:\Users\asus\AppData\Local\Programs\Python\Python312\Lib\email\headerregistry.py first seen with mtime 1727741020.0
DEBUG 2024-11-05 22:38:45,380 autoreload File C:\Users\asus\AppData\Local\Programs\Python\Python312\Lib\concurrent\__init__.py first seen with mtime 1727741020.0
DEBUG 2024-11-05 22:38:45,380 autoreload File C:\Users\asus\Documents\GitHub\Skillwill-Repository\venv\Lib\site-packages\django\db\models\utils.py first seen with mtime 1730831502.7675388
DEBUG 2024-11-05 22:38:45,380 autoreload File C:\Users\asus\Documents\GitHub\Skillwill-Repository\venv\Lib\site-packages\django\contrib\admin\utils.py first seen with mtime 1730831500.9832053
DEBUG 2024-11-05 22:38:45,388 autoreload File C:\Users\asus\Documents\GitHub\Skillwill-Repository\venv\Lib\site-packages\django\db\models\base.py first seen with mtime 1730831502.7592874
DEBUG 2024-11-05 22:38:45,388 autoreload File C:\Users\asus\Documents\GitHub\Skillwill-Repository\venv\Lib\site-packages\django\db\models\functions\mixins.py first seen with mtime 1730831502.7835422
DEBUG 2024-11-05 22:38:45,388 autoreload File C:\Users\asus\AppData\Local\Programs\Python\Python312\Lib\keyword.py first seen with mtime 1727741020.0
DEBUG 2024-11-05 22:38:45,388 autoreload File C:\Users\asus\Documents\GitHub\Skillwill-Repository\venv\Lib\site-packages\django\db\models\enums.py first seen with mtime 1730831502.7595358
DEBUG 2024-11-05 22:38:45,388 autoreload File C:\Users\asus\Documents\GitHub\Skillwill-Repository\venv\Lib\site-packages\django\utils\cache.py first seen with mtime 1730831502.8735144
DEBUG 2024-11-05 22:38:45,388 autoreload File C:\Users\asus\AppData\Local\Programs\Python\Python312\Lib\logging\__init__.py first seen with mtime 1727741020.0
DEBUG 2024-11-05 22:38:45,388 autoreload File C:\Users\asus\AppData\Local\Programs\Python\Python312\Lib\http\cookies.py first seen with mtime 1727741020.0
DEBUG 2024-11-05 22:38:45,388 autoreload File C:\Users\asus\Documents\GitHub\Skillwill-Repository\venv\Lib\site-packages\django\contrib\admin\templatetags\log.py first seen with mtime 1730831501.1962757
DEBUG 2024-11-05 22:38:45,388 autoreload File C:\Users\asus\Documents\GitHub\Skillwill-Repository\venv\Lib\site-packages\django\core\handlers\exception.py first seen with mtime 1730831502.685556
DEBUG 2024-11-05 22:38:45,388 autoreload File C:\Users\asus\Documents\GitHub\Skillwill-Repository\venv\Lib\site-packages\django\contrib\__init__.py first seen with mtime 1730831500.9746346
DEBUG 2024-11-05 22:38:45,388 autoreload File C:\Users\asus\AppData\Local\Programs\Python\Python312\Lib\multiprocessing\process.py first seen with mtime 1727741020.0
DEBUG 2024-11-05 22:38:45,388 autoreload File C:\Users\asus\Documents\GitHub\Skillwill-Repository\venv\Lib\site-packages\django\contrib\admin\filters.py first seen with mtime 1730831500.9746346
DEBUG 2024-11-05 22:38:45,388 autoreload File C:\Users\asus\Documents\GitHub\Skillwill-Repository\venv\Lib\site-packages\django\template\utils.py first seen with mtime 1730831502.857064
DEBUG 2024-11-05 22:38:45,388 autoreload File C:\Users\asus\Documents\GitHub\Skillwill-Repository\venv\Lib\site-packages\django\db\transaction.py first seen with mtime 1730831502.7101398
DEBUG 2024-11-05 22:38:45,388 autoreload File C:\Users\asus\Documents\GitHub\Skillwill-Repository\venv\Lib\site-packages\sqlparse\filters\right_margin.py first seen with mtime 1730831500.7046127
DEBUG 2024-11-05 22:38:45,388 autoreload File C:\Users\asus\Documents\GitHub\Skillwill-Repository\venv\Lib\site-packages\django\contrib\admin\options.py first seen with mtime 1730831500.9832053
DEBUG 2024-11-05 22:38:45,388 autoreload File C:\Users\asus\Documents\GitHub\Skillwill-Repository\venv\Lib\site-packages\django\db\models\constants.py first seen with mtime 1730831502.7595358
DEBUG 2024-11-05 22:38:45,388 autoreload File C:\Users\asus\Documents\GitHub\Skillwill-Repository\venv\Lib\site-packages\django\contrib\sessions\models.py first seen with mtime 1730831502.317336
DEBUG 2024-11-05 22:38:45,388 autoreload File C:\Users\asus\Documents\GitHub\Skillwill-Repository\venv\Lib\site-packages\django\db\backends\base\operations.py first seen with mtime 1730831502.71814
DEBUG 2024-11-05 22:38:45,388 autoreload File C:\Users\asus\Documents\GitHub\Skillwill-Repository\venv\Lib\site-packages\django\contrib\sites\__init__.py first seen with mtime 1730831502.505714
DEBUG 2024-11-05 22:38:45,388 autoreload File C:\Users\asus\Documents\GitHub\Skillwill-Repository\venv\Lib\site-packages\django\core\checks\model_checks.py first seen with mtime 1730831502.6693428
DEBUG 2024-11-05 22:38:45,388 autoreload File C:\Users\asus\AppData\Local\Programs\Python\Python312\Lib\email\policy.py first seen with mtime 1727741020.0
DEBUG 2024-11-05 22:38:45,388 autoreload File C:\Users\asus\Documents\GitHub\Skillwill-Repository\myproject\testapp\admin.py first seen with mtime 1730831707.052183
DEBUG 2024-11-05 22:38:45,396 autoreload File C:\Users\asus\AppData\Local\Programs\Python\Python312\Lib\json\encoder.py first seen with mtime 1727741020.0
DEBUG 2024-11-05 22:38:45,396 autoreload File C:\Users\asus\AppData\Local\Programs\Python\Python312\Lib\pickle.py first seen with mtime 1727741020.0
DEBUG 2024-11-05 22:38:45,396 autoreload File C:\Users\asus\Documents\GitHub\Skillwill-Repository\venv\Lib\site-packages\sqlparse\filters\tokens.py first seen with mtime 1730831500.7046127
DEBUG 2024-11-05 22:38:45,396 autoreload File C:\Users\asus\Documents\GitHub\Skillwill-Repository\venv\Lib\site-packages\django\core\serializers\python.py first seen with mtime 1730831502.7101398
DEBUG 2024-11-05 22:38:45,396 autoreload File C:\Users\asus\AppData\Local\Programs\Python\Python312\Lib\asyncio\base_tasks.py first seen with mtime 1727741020.0
DEBUG 2024-11-05 22:38:45,396 autoreload File C:\Users\asus\AppData\Local\Programs\Python\Python312\Lib\traceback.py first seen with mtime 1727741020.0
DEBUG 2024-11-05 22:38:45,396 autoreload File C:\Users\asus\Documents\GitHub\Skillwill-Repository\venv\Lib\site-packages\django\contrib\staticfiles\views.py first seen with mtime 1730831502.661079
DEBUG 2024-11-05 22:38:45,396 autoreload File C:\Users\asus\Documents\GitHub\Skillwill-Repository\venv\Lib\site-packages\django\contrib\admin\__init__.py first seen with mtime 1730831500.9746346
DEBUG 2024-11-05 22:38:45,396 autoreload File C:\Users\asus\Documents\GitHub\Skillwill-Repository\venv\Lib\site-packages\django\contrib\contenttypes\forms.py first seen with mtime 1730831501.434059
DEBUG 2024-11-05 22:38:45,396 autoreload File C:\Users\asus\Documents\GitHub\Skillwill-Repository\venv\Lib\site-packages\django\db\models\signals.py first seen with mtime 1730831502.7675388
DEBUG 2024-11-05 22:38:45,396 autoreload File C:\Users\asus\AppData\Local\Programs\Python\Python312\Lib\email\mime\base.py first seen with mtime 1727741020.0
DEBUG 2024-11-05 22:38:45,396 autoreload File C:\Users\asus\Documents\GitHub\Skillwill-Repository\venv\Lib\site-packages\django\db\backends\base\base.py first seen with mtime 1730831502.71814
DEBUG 2024-11-05 22:38:45,396 autoreload File C:\Users\asus\Documents\GitHub\Skillwill-Repository\venv\Lib\site-packages\django\db\models\sql\datastructures.py first seen with mtime 1730831502.7835422
DEBUG 2024-11-05 22:38:45,396 autoreload File C:\Users\asus\Documents\GitHub\Skillwill-Repository\venv\Lib\site-packages\sqlparse\filters\aligned_indent.py first seen with mtime 1730831500.7046127
DEBUG 2024-11-05 22:38:45,396 autoreload File C:\Users\asus\Documents\GitHub\Skillwill-Repository\venv\Lib\site-packages\django\contrib\messages\api.py first seen with mtime 1730831502.0137508
DEBUG 2024-11-05 22:38:45,396 autoreload File C:\Users\asus\AppData\Local\Programs\Python\Python312\Lib\linecache.py first seen with mtime 1727741020.0
DEBUG 2024-11-05 22:38:45,396 autoreload File C:\Users\asus\Documents\GitHub\Skillwill-Repository\venv\Lib\site-packages\django\contrib\auth\tokens.py first seen with mtime 1730831501.316571
DEBUG 2024-11-05 22:38:45,396 autoreload File C:\Users\asus\AppData\Local\Programs\Python\Python312\Lib\asyncio\tasks.py first seen with mtime 1727741020.0
DEBUG 2024-11-05 22:38:45,396 autoreload File C:\Users\asus\AppData\Local\Programs\Python\Python312\Lib\email\contentmanager.py first seen with mtime 1727741020.0
DEBUG 2024-11-05 22:38:45,396 autoreload File C:\Users\asus\Documents\GitHub\Skillwill-Repository\venv\Lib\site-packages\django\core\files\locks.py first seen with mtime 1730831502.6773446
DEBUG 2024-11-05 22:38:45,396 autoreload File C:\Users\asus\AppData\Local\Programs\Python\Python312\Lib\asyncio\windows_events.py first seen with mtime 1727741020.0
DEBUG 2024-11-05 22:38:45,396 autoreload File C:\Users\asus\AppData\Local\Programs\Python\Python312\DLLs\_decimal.pyd first seen with mtime 1727741072.0
DEBUG 2024-11-05 22:38:45,396 autoreload File C:\Users\asus\Documents\GitHub\Skillwill-Repository\venv\Lib\site-packages\django\http\cookie.py first seen with mtime 1730831502.840971
DEBUG 2024-11-05 22:38:45,396 autoreload File C:\Users\asus\AppData\Local\Programs\Python\Python312\Lib\typing.py first seen with mtime 1727741020.0
DEBUG 2024-11-05 22:38:45,396 autoreload File C:\Users\asus\AppData\Local\Programs\Python\Python312\Lib\urllib\response.py first seen with mtime 1727741020.0
DEBUG 2024-11-05 22:38:45,396 autoreload File C:\Users\asus\AppData\Local\Programs\Python\Python312\Lib\difflib.py first seen with mtime 1727741020.0
DEBUG 2024-11-05 22:38:45,396 autoreload File C:\Users\asus\Documents\GitHub\Skillwill-Repository\venv\Lib\site-packages\django\template\defaultfilters.py first seen with mtime 1730831502.8510563
DEBUG 2024-11-05 22:38:45,404 autoreload File C:\Users\asus\Documents\GitHub\Skillwill-Repository\venv\Lib\site-packages\django\core\cache\utils.py first seen with mtime 1730831502.6693428
DEBUG 2024-11-05 22:38:45,404 autoreload File C:\Users\asus\Documents\GitHub\Skillwill-Repository\venv\Lib\site-packages\sqlparse\keywords.py first seen with mtime 1730831500.7046127
DEBUG 2024-11-05 22:38:45,404 autoreload File C:\Users\asus\Documents\GitHub\Skillwill-Repository\venv\Lib\site-packages\django\db\models\sql\where.py first seen with mtime 1730831502.7918208
DEBUG 2024-11-05 22:38:45,404 autoreload File C:\Users\asus\Documents\GitHub\Skillwill-Repository\venv\Lib\site-packages\django\core\checks\__init__.py first seen with mtime 1730831502.6693428
DEBUG 2024-11-05 22:38:45,404 autoreload File C:\Users\asus\AppData\Local\Programs\Python\Python312\Lib\calendar.py first seen with mtime 1727741020.0
DEBUG 2024-11-05 22:38:45,404 autoreload File C:\Users\asus\Documents\GitHub\Skillwill-Repository\venv\Lib\site-packages\django\db\backends\sqlite3\features.py first seen with mtime 1730831502.7344658
DEBUG 2024-11-05 22:38:45,404 autoreload File C:\Users\asus\Documents\GitHub\Skillwill-Repository\venv\Lib\site-packages\django\db\backends\base\client.py first seen with mtime 1730831502.71814
DEBUG 2024-11-05 22:38:45,404 autoreload File C:\Users\asus\Documents\GitHub\Skillwill-Repository\venv\Lib\site-packages\django\core\handlers\wsgi.py first seen with mtime 1730831502.685556
DEBUG 2024-11-05 22:38:45,404 autoreload File C:\Users\asus\Documents\GitHub\Skillwill-Repository\venv\Lib\site-packages\sqlparse\utils.py first seen with mtime 1730831500.7046127
DEBUG 2024-11-05 22:38:45,404 autoreload File C:\Users\asus\Documents\GitHub\Skillwill-Repository\venv\Lib\site-packages\django\core\management\commands\runserver.py first seen with mtime 1730831502.7021365
DEBUG 2024-11-05 22:38:45,404 autoreload File C:\Users\asus\Documents\GitHub\Skillwill-Repository\venv\Lib\site-packages\django\contrib\messages\storage\__init__.py first seen with mtime 1730831502.0137508
DEBUG 2024-11-05 22:38:45,404 autoreload File C:\Users\asus\Documents\GitHub\Skillwill-Repository\venv\Lib\site-packages\django\core\signals.py first seen with mtime 1730831502.661079
DEBUG 2024-11-05 22:38:45,404 autoreload File C:\Users\asus\AppData\Local\Programs\Python\Python312\DLLs\_wmi.pyd first seen with mtime 1727741072.0
DEBUG 2024-11-05 22:38:45,404 autoreload File C:\Users\asus\AppData\Local\Programs\Python\Python312\Lib\glob.py first seen with mtime 1727741020.0
DEBUG 2024-11-05 22:38:45,404 autoreload File C:\Users\asus\Documents\GitHub\Skillwill-Repository\venv\Lib\site-packages\django\shortcuts.py first seen with mtime 1730831500.84398
DEBUG 2024-11-05 22:38:45,404 autoreload File C:\Users\asus\Documents\GitHub\Skillwill-Repository\venv\Lib\site-packages\django\db\backends\sqlite3\introspection.py first seen with mtime 1730831502.7344658
DEBUG 2024-11-05 22:38:45,404 autoreload File C:\Users\asus\Documents\GitHub\Skillwill-Repository\venv\Lib\site-packages\django\core\cache\backends\__init__.py first seen with mtime 1730831502.6693428
DEBUG 2024-11-05 22:38:45,404 autoreload File C:\Users\asus\Documents\GitHub\Skillwill-Repository\venv\Lib\site-packages\django\contrib\admin\templatetags\__init__.py first seen with mtime 1730831501.1962757
DEBUG 2024-11-05 22:38:45,404 autoreload File C:\Users\asus\AppData\Local\Programs\Python\Python312\Lib\email\generator.py first seen with mtime 1727741020.0
DEBUG 2024-11-05 22:38:45,404 autoreload File C:\Users\asus\Documents\GitHub\Skillwill-Repository\venv\Lib\site-packages\django\contrib\auth\base_user.py first seen with mtime 1730831501.3027675
DEBUG 2024-11-05 22:38:45,404 autoreload File C:\Users\asus\Documents\GitHub\Skillwill-Repository\venv\Lib\site-packages\django\contrib\contenttypes\models.py first seen with mtime 1730831501.434205
DEBUG 2024-11-05 22:38:45,404 autoreload File C:\Users\asus\Documents\GitHub\Skillwill-Repository\venv\Lib\site-packages\django\db\models\expressions.py first seen with mtime 1730831502.7595358
DEBUG 2024-11-05 22:38:45,412 autoreload File C:\Users\asus\Documents\GitHub\Skillwill-Repository\venv\Lib\site-packages\django\utils\dates.py first seen with mtime 1730831502.8816814
DEBUG 2024-11-05 22:38:45,412 autoreload File C:\Users\asus\Documents\GitHub\Skillwill-Repository\venv\Lib\site-packages\django\views\decorators\debug.py first seen with mtime 1730831502.9142425
DEBUG 2024-11-05 22:38:45,412 autoreload File C:\Users\asus\Documents\GitHub\Skillwill-Repository\venv\Lib\site-packages\django\db\migrations\exceptions.py first seen with mtime 1730831502.7430017
DEBUG 2024-11-05 22:38:45,412 autoreload File C:\Users\asus\Documents\GitHub\Skillwill-Repository\venv\Lib\site-packages\django\contrib\sessions\__init__.py first seen with mtime 1730831502.317336
DEBUG 2024-11-05 22:38:45,412 autoreload File C:\Users\asus\Documents\GitHub\Skillwill-Repository\venv\Lib\site-packages\django\contrib\staticfiles\apps.py first seen with mtime 1730831502.6529233
DEBUG 2024-11-05 22:38:45,412 autoreload File C:\Users\asus\Documents\GitHub\Skillwill-Repository\venv\Lib\site-packages\django\views\generic\__init__.py first seen with mtime 1730831502.9142425
DEBUG 2024-11-05 22:38:45,412 autoreload File C:\Users\asus\Documents\GitHub\Skillwill-Repository\venv\Lib\site-packages\django\middleware\common.py first seen with mtime 1730831502.840971
DEBUG 2024-11-05 22:38:45,412 autoreload File C:\Users\asus\Documents\GitHub\Skillwill-Repository\venv\Lib\site-packages\django\urls\exceptions.py first seen with mtime 1730831502.8735144
DEBUG 2024-11-05 22:38:45,412 autoreload File C:\Users\asus\Documents\GitHub\Skillwill-Repository\venv\Lib\site-packages\django\template\loaders\__init__.py first seen with mtime 1730831502.857064
DEBUG 2024-11-05 22:38:45,412 autoreload File C:\Users\asus\AppData\Local\Programs\Python\Python312\Lib\ctypes\__init__.py first seen with mtime 1727741020.0
DEBUG 2024-11-05 22:38:45,412 autoreload File C:\Users\asus\Documents\GitHub\Skillwill-Repository\venv\Lib\site-packages\django\db\backends\base\features.py first seen with mtime 1730831502.71814
DEBUG 2024-11-05 22:38:45,412 autoreload File C:\Users\asus\Documents\GitHub\Skillwill-Repository\myproject\testapp\models.py first seen with mtime 1730831707.0602791
DEBUG 2024-11-05 22:38:45,412 autoreload File C:\Users\asus\Documents\GitHub\Skillwill-Repository\venv\Lib\site-packages\django\contrib\sessions\backends\__init__.py first seen with mtime 1730831502.317336
DEBUG 2024-11-05 22:38:45,412 autoreload File C:\Users\asus\Documents\GitHub\Skillwill-Repository\venv\Lib\site-packages\django\db\models\query.py first seen with mtime 1730831502.7675388
DEBUG 2024-11-05 22:38:45,412 autoreload File C:\Users\asus\AppData\Local\Programs\Python\Python312\Lib\urllib\__init__.py first seen with mtime 1727741020.0
DEBUG 2024-11-05 22:38:45,412 autoreload File C:\Users\asus\AppData\Local\Programs\Python\Python312\Lib\_compression.py first seen with mtime 1727741020.0
DEBUG 2024-11-05 22:38:45,412 autoreload File C:\Users\asus\AppData\Local\Programs\Python\Python312\Lib\asyncio\queues.py first seen with mtime 1727741020.0
DEBUG 2024-11-05 22:38:45,412 autoreload File C:\Users\asus\AppData\Local\Programs\Python\Python312\Lib\_weakrefset.py first seen with mtime 1727741020.0
DEBUG 2024-11-05 22:38:45,412 autoreload File C:\Users\asus\Documents\GitHub\Skillwill-Repository\venv\Lib\site-packages\django\core\files\storage\base.py first seen with mtime 1730831502.685556
DEBUG 2024-11-05 22:38:45,412 autoreload File C:\Users\asus\AppData\Local\Programs\Python\Python312\Lib\asyncio\timeouts.py first seen with mtime 1727741020.0
DEBUG 2024-11-05 22:38:45,412 autoreload File C:\Users\asus\Documents\GitHub\Skillwill-Repository\venv\Lib\site-packages\django\db\models\fields\files.py first seen with mtime 1730831502.7675388
DEBUG 2024-11-05 22:38:45,412 autoreload File C:\Users\asus\Documents\GitHub\Skillwill-Repository\venv\Lib\site-packages\sqlparse\engine\__init__.py first seen with mtime 1730831500.7046127
DEBUG 2024-11-05 22:38:45,412 autoreload File C:\Users\asus\AppData\Local\Programs\Python\Python312\Lib\contextlib.py first seen with mtime 1727741020.0
DEBUG 2024-11-05 22:38:45,412 autoreload File C:\Users\asus\Documents\GitHub\Skillwill-Repository\venv\Lib\site-packages\django\contrib\admin\templatetags\admin_urls.py first seen with mtime 1730831501.1962757
DEBUG 2024-11-05 22:38:45,412 autoreload File C:\Users\asus\Documents\GitHub\Skillwill-Repository\venv\Lib\site-packages\asgiref\sync.py first seen with mtime 1730831500.7862368
DEBUG 2024-11-05 22:38:45,412 autoreload File C:\Users\asus\AppData\Local\Programs\Python\Python312\Lib\json\__init__.py first seen with mtime 1727741020.0
DEBUG 2024-11-05 22:38:45,412 autoreload File C:\Users\asus\Documents\GitHub\Skillwill-Repository\venv\Lib\site-packages\django\utils\choices.py first seen with mtime 1730831502.8816814
DEBUG 2024-11-05 22:38:45,421 autoreload File C:\Users\asus\AppData\Local\Programs\Python\Python312\Lib\quopri.py first seen with mtime 1727741020.0
DEBUG 2024-11-05 22:38:45,421 autoreload File C:\Users\asus\Documents\GitHub\Skillwill-Repository\venv\Lib\site-packages\django\views\__init__.py first seen with mtime 1730831502.9060154
DEBUG 2024-11-05 22:38:45,421 autoreload File C:\Users\asus\AppData\Local\Programs\Python\Python312\Lib\selectors.py first seen with mtime 1727741020.0
DEBUG 2024-11-05 22:38:45,421 autoreload File C:\Users\asus\AppData\Local\Programs\Python\Python312\Lib\asyncio\proactor_events.py first seen with mtime 1727741020.0
DEBUG 2024-11-05 22:38:45,421 autoreload File C:\Users\asus\AppData\Local\Programs\Python\Python312\Lib\zoneinfo\__init__.py first seen with mtime 1727741020.0
DEBUG 2024-11-05 22:38:45,421 autoreload File C:\Users\asus\Documents\GitHub\Skillwill-Repository\venv\Lib\site-packages\django\contrib\sites\requests.py first seen with mtime 1730831502.5138085
DEBUG 2024-11-05 22:38:45,421 autoreload File C:\Users\asus\Documents\GitHub\Skillwill-Repository\venv\Lib\site-packages\django\core\checks\security\csrf.py first seen with mtime 1730831502.6773446
DEBUG 2024-11-05 22:38:45,421 autoreload File C:\Users\asus\Documents\GitHub\Skillwill-Repository\venv\Lib\site-packages\django\utils\asyncio.py first seen with mtime 1730831502.8735144
DEBUG 2024-11-05 22:38:45,421 autoreload File C:\Users\asus\AppData\Local\Programs\Python\Python312\Lib\encodings\__init__.py first seen with mtime 1727741020.0
DEBUG 2024-11-05 22:38:45,421 autoreload File C:\Users\asus\AppData\Local\Programs\Python\Python312\Lib\logging\config.py first seen with mtime 1727741020.0
DEBUG 2024-11-05 22:38:45,421 autoreload File C:\Users\asus\AppData\Local\Programs\Python\Python312\Lib\graphlib.py first seen with mtime 1727741020.0
DEBUG 2024-11-05 22:38:45,421 autoreload File C:\Users\asus\Documents\GitHub\Skillwill-Repository\venv\Lib\site-packages\django\utils\regex_helper.py first seen with mtime 1730831502.8978357
DEBUG 2024-11-05 22:38:45,421 autoreload File C:\Users\asus\Documents\GitHub\Skillwill-Repository\venv\Lib\site-packages\django\contrib\admin\helpers.py first seen with mtime 1730831500.9746346
DEBUG 2024-11-05 22:38:45,421 autoreload File C:\Users\asus\Documents\GitHub\Skillwill-Repository\venv\Lib\site-packages\django\core\files\storage\mixins.py first seen with mtime 1730831502.685556
DEBUG 2024-11-05 22:38:45,421 autoreload File C:\Users\asus\Documents\GitHub\Skillwill-Repository\venv\Lib\site-packages\django\db\backends\signals.py first seen with mtime 1730831502.71814
DEBUG 2024-11-05 22:38:45,421 autoreload File C:\Users\asus\Documents\GitHub\Skillwill-Repository\venv\Lib\site-packages\sqlparse\filters\__init__.py first seen with mtime 1730831500.7046127
DEBUG 2024-11-05 22:38:45,421 autoreload File C:\Users\asus\Documents\GitHub\Skillwill-Repository\venv\Lib\site-packages\django\templatetags\__init__.py first seen with mtime 1730831502.8650777
DEBUG 2024-11-05 22:38:45,421 autoreload File C:\Users\asus\Documents\GitHub\Skillwill-Repository\venv\Lib\site-packages\django\forms\fields.py first seen with mtime 1730831502.7918208
DEBUG 2024-11-05 22:38:45,421 autoreload File C:\Users\asus\AppData\Local\Programs\Python\Python312\DLLs\_sqlite3.pyd first seen with mtime 1727741072.0
DEBUG 2024-11-05 22:38:45,421 autoreload File C:\Users\asus\Documents\GitHub\Skillwill-Repository\venv\Lib\site-packages\django\db\models\sql\constants.py first seen with mtime 1730831502.7835422
DEBUG 2024-11-05 22:38:45,421 autoreload File C:\Users\asus\Documents\GitHub\Skillwill-Repository\venv\Lib\site-packages\django\db\models\fields\__init__.py first seen with mtime 1730831502.7675388
DEBUG 2024-11-05 22:38:45,421 autoreload File C:\Users\asus\AppData\Local\Programs\Python\Python312\Lib\asyncio\taskgroups.py first seen with mtime 1727741020.0
DEBUG 2024-11-05 22:38:45,421 autoreload File C:\Users\asus\Documents\GitHub\Skillwill-Repository\venv\Lib\site-packages\django\template\loaders\base.py first seen with mtime 1730831502.857064
DEBUG 2024-11-05 22:38:45,421 autoreload File C:\Users\asus\AppData\Local\Programs\Python\Python312\Lib\multiprocessing\__init__.py first seen with mtime 1727741020.0
DEBUG 2024-11-05 22:38:45,421 autoreload File C:\Users\asus\Documents\GitHub\Skillwill-Repository\venv\Lib\site-packages\django\db\migrations\migration.py first seen with mtime 1730831502.7430017
DEBUG 2024-11-05 22:38:45,421 autoreload File C:\Users\asus\AppData\Local\Programs\Python\Python312\Lib\concurrent\futures\_base.py first seen with mtime 1727741020.0
DEBUG 2024-11-05 22:38:45,421 autoreload File C:\Users\asus\Documents\GitHub\Skillwill-Repository\venv\Lib\site-packages\django\utils\safestring.py first seen with mtime 1730831502.8978357
DEBUG 2024-11-05 22:38:45,429 autoreload File C:\Users\asus\Documents\GitHub\Skillwill-Repository\venv\Lib\site-packages\django\utils\crypto.py first seen with mtime 1730831502.8816814
DEBUG 2024-11-05 22:38:45,429 autoreload File C:\Users\asus\Documents\GitHub\Skillwill-Repository\venv\Lib\site-packages\django\db\models\functions\text.py first seen with mtime 1730831502.7835422
DEBUG 2024-11-05 22:38:45,429 autoreload File C:\Users\asus\AppData\Local\Programs\Python\Python312\Lib\email\parser.py first seen with mtime 1727741020.0
DEBUG 2024-11-05 22:38:45,429 autoreload File C:\Users\asus\Documents\GitHub\Skillwill-Repository\venv\Lib\site-packages\django\contrib\contenttypes\checks.py first seen with mtime 1730831501.4260552
DEBUG 2024-11-05 22:38:45,429 autoreload File C:\Users\asus\Documents\GitHub\Skillwill-Repository\venv\Lib\site-packages\django\contrib\auth\validators.py first seen with mtime 1730831501.316571
DEBUG 2024-11-05 22:38:45,429 autoreload File C:\Users\asus\Documents\GitHub\Skillwill-Repository\venv\Lib\site-packages\django\core\checks\async_checks.py first seen with mtime 1730831502.6693428
DEBUG 2024-11-05 22:38:45,429 autoreload File C:\Users\asus\Documents\GitHub\Skillwill-Repository\venv\Lib\site-packages\django\db\backends\utils.py first seen with mtime 1730831502.71814
DEBUG 2024-11-05 22:38:45,429 autoreload File C:\Users\asus\AppData\Local\Programs\Python\Python312\Lib\numbers.py first seen with mtime 1727741020.0
DEBUG 2024-11-05 22:38:45,429 autoreload File C:\Users\asus\Documents\GitHub\Skillwill-Repository\venv\Lib\site-packages\django\utils\hashable.py first seen with mtime 1730831502.8898306
DEBUG 2024-11-05 22:38:45,429 autoreload File C:\Users\asus\Documents\GitHub\Skillwill-Repository\venv\Lib\site-packages\django\utils\deconstruct.py first seen with mtime 1730831502.8816814
DEBUG 2024-11-05 22:38:45,429 autoreload File C:\Users\asus\AppData\Local\Programs\Python\Python312\Lib\copyreg.py first seen with mtime 1727741020.0
DEBUG 2024-11-05 22:38:45,429 autoreload File C:\Users\asus\Documents\GitHub\Skillwill-Repository\venv\Lib\site-packages\django\contrib\contenttypes\management\__init__.py first seen with mtime 1730831501.5395143
DEBUG 2024-11-05 22:38:45,429 autoreload File C:\Users\asus\AppData\Local\Programs\Python\Python312\Lib\fractions.py first seen with mtime 1727741020.0
DEBUG 2024-11-05 22:38:45,429 autoreload File C:\Users\asus\Documents\GitHub\Skillwill-Repository\venv\Lib\site-packages\django\utils\dateformat.py first seen with mtime 1730831502.8816814
DEBUG 2024-11-05 22:38:45,429 autoreload File C:\Users\asus\AppData\Local\Programs\Python\Python312\Lib\secrets.py first seen with mtime 1727741020.0
DEBUG 2024-11-05 22:38:45,429 autoreload File C:\Users\asus\Documents\GitHub\Skillwill-Repository\venv\Lib\site-packages\django\utils\translation\__init__.py first seen with mtime 1730831502.8978357
DEBUG 2024-11-05 22:38:45,429 autoreload File C:\Users\asus\Documents\GitHub\Skillwill-Repository\venv\Lib\site-packages\django\template\loaders\app_directories.py first seen with mtime 1730831502.857064
DEBUG 2024-11-05 22:38:45,429 autoreload File C:\Users\asus\Documents\GitHub\Skillwill-Repository\venv\Lib\site-packages\django\views\decorators\csrf.py first seen with mtime 1730831502.9142425
DEBUG 2024-11-05 22:38:45,429 autoreload File C:\Users\asus\AppData\Local\Programs\Python\Python312\Lib\string.py first seen with mtime 1727741020.0
DEBUG 2024-11-05 22:38:45,429 autoreload File C:\Users\asus\Documents\GitHub\Skillwill-Repository\venv\Lib\site-packages\django\core\files\storage\memory.py first seen with mtime 1730831502.685556
DEBUG 2024-11-05 22:38:45,429 autoreload File C:\Users\asus\Documents\GitHub\Skillwill-Repository\venv\Lib\site-packages\django\utils\functional.py first seen with mtime 1730831502.8898306
DEBUG 2024-11-05 22:38:45,429 autoreload File C:\Users\asus\AppData\Local\Programs\Python\Python312\Lib\urllib\error.py first seen with mtime 1727741020.0
DEBUG 2024-11-05 22:38:45,429 autoreload File C:\Users\asus\AppData\Local\Programs\Python\Python312\Lib\email\feedparser.py first seen with mtime 1727741020.0
DEBUG 2024-11-05 22:38:45,429 autoreload File C:\Users\asus\AppData\Local\Programs\Python\Python312\Lib\operator.py first seen with mtime 1727741020.0
DEBUG 2024-11-05 22:38:45,429 autoreload File C:\Users\asus\Documents\GitHub\Skillwill-Repository\venv\Lib\site-packages\django\contrib\staticfiles\utils.py first seen with mtime 1730831502.6529233
DEBUG 2024-11-05 22:38:45,429 autoreload File C:\Users\asus\Documents\GitHub\Skillwill-Repository\venv\Lib\site-packages\django\db\backends\sqlite3\__init__.py first seen with mtime 1730831502.7344658
DEBUG 2024-11-05 22:38:45,429 autoreload File C:\Users\asus\Documents\GitHub\Skillwill-Repository\venv\Lib\site-packages\django\utils\lorem_ipsum.py first seen with mtime 1730831502.8898306
DEBUG 2024-11-05 22:38:45,437 autoreload File C:\Users\asus\AppData\Local\Programs\Python\Python312\Lib\asyncio\trsock.py first seen with mtime 1727741020.0
DEBUG 2024-11-05 22:38:45,437 autoreload File C:\Users\asus\AppData\Local\Programs\Python\Python312\Lib\html\parser.py first seen with mtime 1727741020.0
DEBUG 2024-11-05 22:38:45,437 autoreload File C:\Users\asus\Documents\GitHub\Skillwill-Repository\venv\Lib\site-packages\django\contrib\messages\__init__.py first seen with mtime 1730831502.0137508
DEBUG 2024-11-05 22:38:45,437 autoreload File C:\Users\asus\AppData\Local\Programs\Python\Python312\Lib\email\mime\__init__.py first seen with mtime 1727741020.0
DEBUG 2024-11-05 22:38:45,437 autoreload File C:\Users\asus\AppData\Local\Programs\Python\Python312\Lib\uuid.py first seen with mtime 1727741020.0
DEBUG 2024-11-05 22:38:45,437 autoreload File C:\Users\asus\Documents\GitHub\Skillwill-Repository\venv\Lib\site-packages\django\db\backends\base\schema.py first seen with mtime 1730831502.71814
DEBUG 2024-11-05 22:38:45,437 autoreload File C:\Users\asus\Documents\GitHub\Skillwill-Repository\venv\Lib\site-packages\django\db\backends\sqlite3\base.py first seen with mtime 1730831502.7344658
DEBUG 2024-11-05 22:38:45,437 autoreload File C:\Users\asus\AppData\Local\Programs\Python\Python312\DLLs\_ctypes.pyd first seen with mtime 1727741072.0
DEBUG 2024-11-05 22:38:45,437 autoreload File C:\Users\asus\Documents\GitHub\Skillwill-Repository\venv\Lib\site-packages\django\contrib\admin\sites.py first seen with mtime 1730831500.9832053
DEBUG 2024-11-05 22:38:45,437 autoreload File C:\Users\asus\AppData\Local\Programs\Python\Python312\Lib\asyncio\base_subprocess.py first seen with mtime 1727741020.0
DEBUG 2024-11-05 22:38:45,437 autoreload File C:\Users\asus\Documents\GitHub\Skillwill-Repository\venv\Lib\site-packages\django\contrib\auth\apps.py first seen with mtime 1730831501.3027675
DEBUG 2024-11-05 22:38:45,437 autoreload File C:\Users\asus\Documents\GitHub\Skillwill-Repository\venv\Lib\site-packages\django\contrib\contenttypes\fields.py first seen with mtime 1730831501.4260552
DEBUG 2024-11-05 22:38:45,437 autoreload File C:\Users\asus\Documents\GitHub\Skillwill-Repository\venv\Lib\site-packages\django\core\files\temp.py first seen with mtime 1730831502.685556
DEBUG 2024-11-05 22:38:45,437 autoreload File C:\Users\asus\Documents\GitHub\Skillwill-Repository\venv\Lib\site-packages\django\core\serializers\__init__.py first seen with mtime 1730831502.7101398
DEBUG 2024-11-05 22:38:45,437 autoreload File C:\Users\asus\Documents\GitHub\Skillwill-Repository\venv\Lib\site-packages\django\db\models\fields\mixins.py first seen with mtime 1730831502.7755375
DEBUG 2024-11-05 22:38:45,437 autoreload File C:\Users\asus\AppData\Local\Programs\Python\Python312\Lib\email\mime\text.py first seen with mtime 1727741020.0
DEBUG 2024-11-05 22:38:45,437 autoreload File C:\Users\asus\AppData\Local\Programs\Python\Python312\Lib\ast.py first seen with mtime 1727741020.0
DEBUG 2024-11-05 22:38:45,437 autoreload File C:\Users\asus\Documents\GitHub\Skillwill-Repository\venv\Lib\site-packages\django\core\cache\backends\base.py first seen with mtime 1730831502.6693428
DEBUG 2024-11-05 22:38:45,437 autoreload File C:\Users\asus\Documents\GitHub\Skillwill-Repository\venv\Lib\site-packages\django\contrib\staticfiles\management\commands\runserver.py first seen with mtime 1730831502.661079
DEBUG 2024-11-05 22:38:45,437 autoreload File C:\Users\asus\Documents\GitHub\Skillwill-Repository\venv\Lib\site-packages\django\db\models\deletion.py first seen with mtime 1730831502.7595358
DEBUG 2024-11-05 22:38:45,445 autoreload File C:\Users\asus\Documents\GitHub\Skillwill-Repository\venv\Lib\site-packages\django\contrib\auth\decorators.py first seen with mtime 1730831501.3027675
DEBUG 2024-11-05 22:38:45,445 autoreload File C:\Users\asus\AppData\Local\Programs\Python\Python312\Lib\queue.py first seen with mtime 1727741020.0
DEBUG 2024-11-05 22:38:45,445 autoreload File C:\Users\asus\Documents\GitHub\Skillwill-Repository\venv\Lib\site-packages\django\dispatch\__init__.py first seen with mtime 1730831502.7918208
DEBUG 2024-11-05 22:38:45,445 autoreload File C:\Users\asus\AppData\Local\Programs\Python\Python312\Lib\email\mime\multipart.py first seen with mtime 1727741020.0
DEBUG 2024-11-05 22:38:45,445 autoreload File C:\Users\asus\AppData\Local\Programs\Python\Python312\Lib\wsgiref\util.py first seen with mtime 1727741020.0
DEBUG 2024-11-05 22:38:45,445 autoreload File C:\Users\asus\Documents\GitHub\Skillwill-Repository\venv\Lib\site-packages\django\utils\html.py first seen with mtime 1730831502.8898306
DEBUG 2024-11-05 22:38:45,445 autoreload File C:\Users\asus\Documents\GitHub\Skillwill-Repository\venv\Lib\site-packages\django\contrib\admin\exceptions.py first seen with mtime 1730831500.9746346
DEBUG 2024-11-05 22:38:45,445 autoreload File C:\Users\asus\Documents\GitHub\Skillwill-Repository\venv\Lib\site-packages\django\db\backends\sqlite3\_functions.py first seen with mtime 1730831502.7344658
DEBUG 2024-11-05 22:38:45,445 autoreload File C:\Users\asus\AppData\Local\Programs\Python\Python312\Lib\zoneinfo\_common.py first seen with mtime 1727741020.0
DEBUG 2024-11-05 22:38:45,445 autoreload File C:\Users\asus\Documents\GitHub\Skillwill-Repository\venv\Lib\site-packages\django\core\checks\compatibility\__init__.py first seen with mtime 1730831502.6773446
DEBUG 2024-11-05 22:38:45,445 autoreload File C:\Users\asus\AppData\Local\Programs\Python\Python312\Lib\collections\__init__.py first seen with mtime 1727741020.0
DEBUG 2024-11-05 22:38:45,445 autoreload File C:\Users\asus\AppData\Local\Programs\Python\Python312\Lib\functools.py first seen with mtime 1727741020.0
DEBUG 2024-11-05 22:38:45,445 autoreload File C:\Users\asus\Documents\GitHub\Skillwill-Repository\venv\Lib\site-packages\django\db\migrations\operations\models.py first seen with mtime 1730831502.7511473
DEBUG 2024-11-05 22:38:45,445 autoreload File C:\Users\asus\Documents\GitHub\Skillwill-Repository\venv\Lib\site-packages\django\core\checks\translation.py first seen with mtime 1730831502.6773446
DEBUG 2024-11-05 22:38:45,445 autoreload File C:\Users\asus\Documents\GitHub\Skillwill-Repository\venv\Lib\site-packages\django\contrib\contenttypes\__init__.py first seen with mtime 1730831501.4260552
DEBUG 2024-11-05 22:38:45,445 autoreload File C:\Users\asus\Documents\GitHub\Skillwill-Repository\venv\Lib\site-packages\django\middleware\csrf.py first seen with mtime 1730831502.840971
DEBUG 2024-11-05 22:38:45,445 autoreload File C:\Users\asus\AppData\Local\Programs\Python\Python312\Lib\re\_compiler.py first seen with mtime 1727741020.0
DEBUG 2024-11-05 22:38:45,445 autoreload File C:\Users\asus\AppData\Local\Programs\Python\Python312\Lib\textwrap.py first seen with mtime 1727741020.0
DEBUG 2024-11-05 22:38:45,445 autoreload File C:\Users\asus\Documents\GitHub\Skillwill-Repository\venv\Lib\site-packages\django\db\models\sql\__init__.py first seen with mtime 1730831502.7835422
DEBUG 2024-11-05 22:38:45,445 autoreload File C:\Users\asus\Documents\GitHub\Skillwill-Repository\venv\Lib\site-packages\sqlparse\filters\reindent.py first seen with mtime 1730831500.7046127
DEBUG 2024-11-05 22:38:45,453 autoreload File C:\Users\asus\AppData\Local\Programs\Python\Python312\Lib\zoneinfo\_tzpath.py first seen with mtime 1727741020.0
DEBUG 2024-11-05 22:38:45,453 autoreload File C:\Users\asus\Documents\GitHub\Skillwill-Repository\venv\Lib\site-packages\django\db\backends\sqlite3\operations.py first seen with mtime 1730831502.7344658
DEBUG 2024-11-05 22:38:45,453 autoreload File C:\Users\asus\Documents\GitHub\Skillwill-Repository\venv\Lib\site-packages\django\core\__init__.py first seen with mtime 1730831502.661079
DEBUG 2024-11-05 22:38:45,453 autoreload File C:\Users\asus\AppData\Local\Programs\Python\Python312\DLLs\_socket.pyd first seen with mtime 1727741072.0
DEBUG 2024-11-05 22:38:45,453 autoreload File C:\Users\asus\AppData\Local\Programs\Python\Python312\Lib\asyncio\locks.py first seen with mtime 1727741020.0
DEBUG 2024-11-05 22:38:45,453 autoreload File C:\Users\asus\AppData\Local\Programs\Python\Python312\Lib\ctypes\wintypes.py first seen with mtime 1727741020.0
DEBUG 2024-11-05 22:38:45,453 autoreload File C:\Users\asus\AppData\Local\Programs\Python\Python312\DLLs\select.pyd first seen with mtime 1727741072.0
DEBUG 2024-11-05 22:38:45,456 autoreload File C:\Users\asus\Documents\GitHub\Skillwill-Repository\venv\Lib\site-packages\django\contrib\auth\middleware.py first seen with mtime 1730831501.3027675
DEBUG 2024-11-05 22:38:45,456 autoreload File C:\Users\asus\Documents\GitHub\Skillwill-Repository\venv\Lib\site-packages\django\contrib\auth\management\__init__.py first seen with mtime 1730831501.4176557
DEBUG 2024-11-05 22:38:45,456 autoreload File C:\Users\asus\AppData\Local\Programs\Python\Python312\Lib\concurrent\futures\__init__.py first seen with mtime 1727741020.0
DEBUG 2024-11-05 22:38:45,456 autoreload File C:\Users\asus\Documents\GitHub\Skillwill-Repository\venv\Lib\site-packages\django\contrib\sites\shortcuts.py first seen with mtime 1730831502.5138085
DEBUG 2024-11-05 22:38:45,456 autoreload File C:\Users\asus\Documents\GitHub\Skillwill-Repository\venv\Lib\site-packages\django\db\models\functions\__init__.py first seen with mtime 1730831502.7755375
DEBUG 2024-11-05 22:38:45,456 autoreload File C:\Users\asus\AppData\Local\Programs\Python\Python312\DLLs\_queue.pyd first seen with mtime 1727741072.0
DEBUG 2024-11-05 22:38:45,456 autoreload File C:\Users\asus\Documents\GitHub\Skillwill-Repository\venv\Lib\site-packages\django\contrib\admin\views\__init__.py first seen with mtime 1730831501.1962757
DEBUG 2024-11-05 22:38:45,456 autoreload File C:\Users\asus\AppData\Local\Programs\Python\Python312\Lib\email\_parseaddr.py first seen with mtime 1727741020.0
DEBUG 2024-11-05 22:38:45,456 autoreload File C:\Users\asus\Documents\GitHub\Skillwill-Repository\venv\Lib\site-packages\django\db\migrations\__init__.py first seen with mtime 1730831502.7426045
DEBUG 2024-11-05 22:38:45,456 autoreload File C:\Users\asus\AppData\Local\Programs\Python\Python312\Lib\getpass.py first seen with mtime 1727741020.0
DEBUG 2024-11-05 22:38:45,456 autoreload File C:\Users\asus\AppData\Local\Programs\Python\Python312\Lib\encodings\utf_8.py first seen with mtime 1727741020.0
DEBUG 2024-11-05 22:38:45,456 autoreload File C:\Users\asus\AppData\Local\Programs\Python\Python312\Lib\enum.py first seen with mtime 1727741020.0
DEBUG 2024-11-05 22:38:45,456 autoreload File C:\Users\asus\Documents\GitHub\Skillwill-Repository\venv\Lib\site-packages\django\core\management\base.py first seen with mtime 1730831502.6939147
DEBUG 2024-11-05 22:38:45,456 autoreload File C:\Users\asus\Documents\GitHub\Skillwill-Repository\venv\Lib\site-packages\django\template\loader.py first seen with mtime 1730831502.857064
DEBUG 2024-11-05 22:38:45,456 autoreload File C:\Users\asus\Documents\GitHub\Skillwill-Repository\venv\Lib\site-packages\django\utils\deprecation.py first seen with mtime 1730831502.8816814
DEBUG 2024-11-05 22:38:45,461 autoreload File C:\Users\asus\Documents\GitHub\Skillwill-Repository\venv\Lib\site-packages\django\core\management\color.py first seen with mtime 1730831502.6939147
DEBUG 2024-11-05 22:38:45,461 autoreload File C:\Users\asus\Documents\GitHub\Skillwill-Repository\venv\Lib\site-packages\django\apps\config.py first seen with mtime 1730831500.84398
DEBUG 2024-11-05 22:38:45,461 autoreload File C:\Users\asus\Documents\GitHub\Skillwill-Repository\venv\Lib\site-packages\django\contrib\auth\hashers.py first seen with mtime 1730831501.3027675
DEBUG 2024-11-05 22:38:45,461 autoreload File C:\Users\asus\AppData\Local\Programs\Python\Python312\Lib\asyncio\constants.py first seen with mtime 1727741020.0
DEBUG 2024-11-05 22:38:45,461 autoreload File C:\Users\asus\AppData\Local\Programs\Python\Python312\Lib\platform.py first seen with mtime 1727741020.0
DEBUG 2024-11-05 22:38:45,461 autoreload File C:\Users\asus\AppData\Local\Programs\Python\Python312\Lib\subprocess.py first seen with mtime 1727741020.0
DEBUG 2024-11-05 22:38:45,461 autoreload File C:\Users\asus\AppData\Local\Programs\Python\Python312\Lib\encodings\cp1252.py first seen with mtime 1727741020.0
DEBUG 2024-11-05 22:38:45,461 autoreload File C:\Users\asus\AppData\Local\Programs\Python\Python312\Lib\_compat_pickle.py first seen with mtime 1727741020.0
DEBUG 2024-11-05 22:38:45,461 autoreload File C:\Users\asus\Documents\GitHub\Skillwill-Repository\venv\Lib\site-packages\django\core\servers\basehttp.py first seen with mtime 1730831502.7101398
DEBUG 2024-11-05 22:38:45,461 autoreload File C:\Users\asus\AppData\Local\Programs\Python\Python312\Lib\email\message.py first seen with mtime 1727741020.0
DEBUG 2024-11-05 22:38:45,461 autoreload File C:\Users\asus\Documents\GitHub\Skillwill-Repository\venv\Lib\site-packages\django\core\checks\messages.py first seen with mtime 1730831502.6693428
DEBUG 2024-11-05 22:38:45,461 autoreload File C:\Users\asus\Documents\GitHub\Skillwill-Repository\venv\Lib\site-packages\django\db\migrations\operations\fields.py first seen with mtime 1730831502.7511473
DEBUG 2024-11-05 22:38:45,461 autoreload File C:\Users\asus\Documents\GitHub\Skillwill-Repository\venv\Lib\site-packages\sqlparse\tokens.py first seen with mtime 1730831500.7046127
DEBUG 2024-11-05 22:38:45,461 autoreload File C:\Users\asus\AppData\Local\Programs\Python\Python312\Lib\http\client.py first seen with mtime 1727741020.0
DEBUG 2024-11-05 22:38:45,461 autoreload File C:\Users\asus\Documents\GitHub\Skillwill-Repository\venv\Lib\site-packages\django\db\models\query_utils.py first seen with mtime 1730831502.7675388
DEBUG 2024-11-05 22:38:45,461 autoreload File C:\Users\asus\Documents\GitHub\Skillwill-Repository\venv\Lib\site-packages\sqlparse\engine\statement_splitter.py first seen with mtime 1730831500.7046127
DEBUG 2024-11-05 22:38:45,461 autoreload File C:\Users\asus\AppData\Local\Programs\Python\Python312\Lib\urllib\parse.py first seen with mtime 1727741020.0
DEBUG 2024-11-05 22:38:45,461 autoreload File C:\Users\asus\AppData\Local\Programs\Python\Python312\Lib\threading.py first seen with mtime 1727741020.0
DEBUG 2024-11-05 22:38:45,461 autoreload File C:\Users\asus\AppData\Local\Programs\Python\Python312\DLLs\_ssl.pyd first seen with mtime 1727741072.0
DEBUG 2024-11-05 22:38:45,461 autoreload File C:\Users\asus\Documents\GitHub\Skillwill-Repository\venv\Lib\site-packages\django\core\handlers\__init__.py first seen with mtime 1730831502.685556
DEBUG 2024-11-05 22:38:45,461 autoreload File C:\Users\asus\AppData\Local\Programs\Python\Python312\Lib\asyncio\staggered.py first seen with mtime 1727741020.0
DEBUG 2024-11-05 22:38:45,461 autoreload File C:\Users\asus\Documents\GitHub\Skillwill-Repository\venv\Lib\site-packages\django\db\models\functions\window.py first seen with mtime 1730831502.7835422
DEBUG 2024-11-05 22:38:45,469 autoreload File C:\Users\asus\Documents\GitHub\Skillwill-Repository\venv\Lib\site-packages\sqlparse\formatter.py first seen with mtime 1730831500.7046127
DEBUG 2024-11-05 22:38:45,469 autoreload File C:\Users\asus\Documents\GitHub\Skillwill-Repository\venv\Lib\site-packages\django\core\checks\security\__init__.py first seen with mtime 1730831502.6773446
DEBUG 2024-11-05 22:38:45,469 autoreload File C:\Users\asus\Documents\GitHub\Skillwill-Repository\venv\Lib\site-packages\django\core\mail\utils.py first seen with mtime 1730831502.6939147
DEBUG 2024-11-05 22:38:45,469 autoreload File C:\Users\asus\AppData\Local\Programs\Python\Python312\Lib\copy.py first seen with mtime 1727741020.0
DEBUG 2024-11-05 22:38:45,469 autoreload File C:\Users\asus\Documents\GitHub\Skillwill-Repository\venv\Lib\site-packages\django\core\checks\urls.py first seen with mtime 1730831502.6773446
DEBUG 2024-11-05 22:38:45,469 autoreload File C:\Users\asus\Documents\GitHub\Skillwill-Repository\venv\Lib\site-packages\django\core\paginator.py first seen with mtime 1730831502.661079
DEBUG 2024-11-05 22:38:45,469 autoreload File C:\Users\asus\Documents\GitHub\Skillwill-Repository\venv\Lib\site-packages\django\db\migrations\utils.py first seen with mtime 1730831502.7511473
DEBUG 2024-11-05 22:38:45,469 autoreload File C:\Users\asus\Documents\GitHub\Skillwill-Repository\venv\Lib\site-packages\django\contrib\contenttypes\views.py first seen with mtime 1730831501.434205
DEBUG 2024-11-05 22:38:45,469 autoreload File C:\Users\asus\AppData\Local\Programs\Python\Python312\Lib\datetime.py first seen with mtime 1727741020.0
DEBUG 2024-11-05 22:38:45,469 autoreload File C:\Users\asus\Documents\GitHub\Skillwill-Repository\venv\Lib\site-packages\django\utils\decorators.py first seen with mtime 1730831502.8816814
DEBUG 2024-11-05 22:38:45,469 autoreload File C:\Users\asus\AppData\Local\Programs\Python\Python312\Lib\asyncio\threads.py first seen with mtime 1727741020.0
DEBUG 2024-11-05 22:38:45,469 autoreload File C:\Users\asus\Documents\GitHub\Skillwill-Repository\venv\Lib\site-packages\django\core\servers\__init__.py first seen with mtime 1730831502.7101398
DEBUG 2024-11-05 22:38:45,469 autoreload File C:\Users\asus\Documents\GitHub\Skillwill-Repository\venv\Lib\site-packages\django\dispatch\dispatcher.py first seen with mtime 1730831502.7918208
DEBUG 2024-11-05 22:38:45,469 autoreload File C:\Users\asus\Documents\GitHub\Skillwill-Repository\venv\Lib\site-packages\django\template\backends\django.py first seen with mtime 1730831502.857064
DEBUG 2024-11-05 22:38:45,469 autoreload File C:\Users\asus\AppData\Local\Programs\Python\Python312\Lib\email\mime\message.py first seen with mtime 1727741020.0
DEBUG 2024-11-05 22:38:45,469 autoreload File C:\Users\asus\Documents\GitHub\Skillwill-Repository\venv\Lib\site-packages\django\contrib\sessions\exceptions.py first seen with mtime 1730831502.317336
DEBUG 2024-11-05 22:38:45,469 autoreload File C:\Users\asus\Documents\GitHub\Skillwill-Repository\venv\Lib\site-packages\asgiref\__init__.py first seen with mtime 1730831500.7862368
DEBUG 2024-11-05 22:38:45,469 autoreload File C:\Users\asus\AppData\Local\Programs\Python\Python312\Lib\shutil.py first seen with mtime 1727741020.0
DEBUG 2024-11-05 22:38:45,469 autoreload File C:\Users\asus\AppData\Local\Programs\Python\Python312\Lib\decimal.py first seen with mtime 1727741020.0
DEBUG 2024-11-05 22:38:45,469 autoreload File C:\Users\asus\Documents\GitHub\Skillwill-Repository\venv\Lib\site-packages\django\contrib\admin\checks.py first seen with mtime 1730831500.9746346
DEBUG 2024-11-05 22:38:45,469 autoreload File C:\Users\asus\Documents\GitHub\Skillwill-Repository\venv\Lib\site-packages\django\db\backends\base\__init__.py first seen with mtime 1730831502.71814
DEBUG 2024-11-05 22:38:45,469 autoreload File C:\Users\asus\Documents\GitHub\Skillwill-Repository\venv\Lib\site-packages\django\core\files\uploadedfile.py first seen with mtime 1730831502.685556
DEBUG 2024-11-05 22:38:45,469 autoreload File C:\Users\asus\Documents\GitHub\Skillwill-Repository\venv\Lib\site-packages\django\template\loaders\filesystem.py first seen with mtime 1730831502.857064
DEBUG 2024-11-05 22:38:45,477 autoreload File C:\Users\asus\AppData\Local\Programs\Python\Python312\Lib\gzip.py first seen with mtime 1727741020.0
DEBUG 2024-11-05 22:38:45,477 autoreload File C:\Users\asus\AppData\Local\Programs\Python\Python312\Lib\re\_constants.py first seen with mtime 1727741020.0
DEBUG 2024-11-05 22:38:45,477 autoreload File C:\Users\asus\Documents\GitHub\Skillwill-Repository\venv\Lib\site-packages\django\middleware\security.py first seen with mtime 1730831502.8510563
DEBUG 2024-11-05 22:38:45,477 autoreload File C:\Users\asus\Documents\GitHub\Skillwill-Repository\venv\Lib\site-packages\django\__init__.py first seen with mtime 1730831500.8356884
DEBUG 2024-11-05 22:38:45,477 autoreload File C:\Users\asus\Documents\GitHub\Skillwill-Repository\myproject\testapp\urls.py first seen with mtime 1730831872.9864366
DEBUG 2024-11-05 22:38:45,477 autoreload File C:\Users\asus\Documents\GitHub\Skillwill-Repository\venv\Lib\site-packages\django\core\checks\caches.py first seen with mtime 1730831502.6693428
DEBUG 2024-11-05 22:38:45,477 autoreload File C:\Users\asus\Documents\GitHub\Skillwill-Repository\venv\Lib\site-packages\django\contrib\messages\utils.py first seen with mtime 1730831502.0137508
DEBUG 2024-11-05 22:38:45,477 autoreload File C:\Users\asus\Documents\GitHub\Skillwill-Repository\myproject\manage.py first seen with mtime 1730831271.3234713
DEBUG 2024-11-05 22:38:45,477 autoreload File C:\Users\asus\AppData\Local\Programs\Python\Python312\Lib\statistics.py first seen with mtime 1727741020.0
DEBUG 2024-11-05 22:38:45,477 autoreload File C:\Users\asus\Documents\GitHub\Skillwill-Repository\venv\Lib\site-packages\django\db\backends\sqlite3\client.py first seen with mtime 1730831502.7344658
DEBUG 2024-11-05 22:38:45,477 autoreload File C:\Users\asus\Documents\GitHub\Skillwill-Repository\venv\Lib\site-packages\django\middleware\cache.py first seen with mtime 1730831502.840971
DEBUG 2024-11-05 22:38:45,477 autoreload File C:\Users\asus\Documents\GitHub\Skillwill-Repository\venv\Lib\site-packages\django\contrib\auth\models.py first seen with mtime 1730831501.3107722
DEBUG 2024-11-05 22:38:45,477 autoreload File C:\Users\asus\Documents\GitHub\Skillwill-Repository\venv\Lib\site-packages\django\template\__init__.py first seen with mtime 1730831502.8510563
DEBUG 2024-11-05 22:38:45,477 autoreload File C:\Users\asus\Documents\GitHub\Skillwill-Repository\venv\Lib\site-packages\django\utils\encoding.py first seen with mtime 1730831502.8816814
DEBUG 2024-11-05 22:38:45,477 autoreload File C:\Users\asus\AppData\Local\Programs\Python\Python312\Lib\ipaddress.py first seen with mtime 1727741020.0
DEBUG 2024-11-05 22:38:45,477 autoreload File C:\Users\asus\Documents\GitHub\Skillwill-Repository\venv\Lib\site-packages\django\db\models\__init__.py first seen with mtime 1730831502.7511473
DEBUG 2024-11-05 22:38:45,477 autoreload File C:\Users\asus\Documents\GitHub\Skillwill-Repository\myproject\testapp\views.py first seen with mtime 1730831786.3418214
DEBUG 2024-11-05 22:38:45,477 autoreload File C:\Users\asus\Documents\GitHub\Skillwill-Repository\myproject\myproject\urls.py first seen with mtime 1730831891.0174346
DEBUG 2024-11-05 22:38:45,485 autoreload File C:\Users\asus\AppData\Local\Programs\Python\Python312\Lib\html\__init__.py first seen with mtime 1727741020.0
DEBUG 2024-11-05 22:38:45,485 autoreload File C:\Users\asus\Documents\GitHub\Skillwill-Repository\venv\Lib\site-packages\django\db\backends\base\introspection.py first seen with mtime 1730831502.71814
DEBUG 2024-11-05 22:38:45,485 autoreload File C:\Users\asus\AppData\Local\Programs\Python\Python312\Lib\re\__init__.py first seen with mtime 1727741020.0
DEBUG 2024-11-05 22:38:45,485 autoreload File C:\Users\asus\Documents\GitHub\Skillwill-Repository\venv\Lib\site-packages\django\contrib\auth\checks.py first seen with mtime 1730831501.3027675
DEBUG 2024-11-05 22:38:45,485 autoreload File C:\Users\asus\AppData\Local\Programs\Python\Python312\DLLs\_lzma.pyd first seen with mtime 1727741072.0
DEBUG 2024-11-05 22:38:45,485 autoreload File C:\Users\asus\AppData\Local\Programs\Python\Python312\Lib\asyncio\transports.py first seen with mtime 1727741020.0
DEBUG 2024-11-05 22:38:45,485 autoreload File C:\Users\asus\Documents\GitHub\Skillwill-Repository\venv\Lib\site-packages\django\template\context.py first seen with mtime 1730831502.8510563
DEBUG 2024-11-05 22:38:45,485 autoreload File C:\Users\asus\AppData\Local\Programs\Python\Python312\Lib\fnmatch.py first seen with mtime 1727741020.0
DEBUG 2024-11-05 22:38:45,485 autoreload File C:\Users\asus\AppData\Local\Programs\Python\Python312\DLLs\_bz2.pyd first seen with mtime 1727741072.0
DEBUG 2024-11-05 22:38:45,485 autoreload File C:\Users\asus\AppData\Local\Programs\Python\Python312\DLLs\unicodedata.pyd first seen with mtime 1727741072.0
DEBUG 2024-11-05 22:38:45,485 autoreload File C:\Users\asus\Documents\GitHub\Skillwill-Repository\venv\Lib\site-packages\django\core\files\uploadhandler.py first seen with mtime 1730831502.685556
DEBUG 2024-11-05 22:38:45,485 autoreload File C:\Users\asus\Documents\GitHub\Skillwill-Repository\venv\Lib\site-packages\django\utils\tree.py first seen with mtime 1730831502.8978357
DEBUG 2024-11-05 22:38:45,485 autoreload File C:\Users\asus\Documents\GitHub\Skillwill-Repository\venv\Lib\site-packages\django\db\models\fields\related.py first seen with mtime 1730831502.7755375
DEBUG 2024-11-05 22:38:45,485 autoreload File C:\Users\asus\AppData\Local\Programs\Python\Python312\Lib\types.py first seen with mtime 1727741020.0
DEBUG 2024-11-05 22:38:45,485 autoreload File C:\Users\asus\Documents\GitHub\Skillwill-Repository\venv\Lib\site-packages\django\template\exceptions.py first seen with mtime 1730831502.857064
DEBUG 2024-11-05 22:38:45,485 autoreload File C:\Users\asus\Documents\GitHub\Skillwill-Repository\venv\Lib\site-packages\django\utils\http.py first seen with mtime 1730831502.8898306
DEBUG 2024-11-05 22:38:45,485 autoreload File C:\Users\asus\AppData\Local\Programs\Python\Python312\Lib\inspect.py first seen with mtime 1727741020.0
DEBUG 2024-11-05 22:38:45,485 autoreload File C:\Users\asus\Documents\GitHub\Skillwill-Repository\venv\Lib\site-packages\django\conf\locale\__init__.py first seen with mtime 1730831500.8484864
DEBUG 2024-11-05 22:38:45,485 autoreload File C:\Users\asus\Documents\GitHub\Skillwill-Repository\venv\Lib\site-packages\django\views\debug.py first seen with mtime 1730831502.9060154
DEBUG 2024-11-05 22:38:45,485 autoreload File C:\Users\asus\AppData\Local\Programs\Python\Python312\Lib\multiprocessing\context.py first seen with mtime 1727741020.0
DEBUG 2024-11-05 22:38:45,485 autoreload File C:\Users\asus\Documents\GitHub\Skillwill-Repository\venv\Lib\site-packages\django\forms\__init__.py first seen with mtime 1730831502.7918208
DEBUG 2024-11-05 22:38:45,485 autoreload File C:\Users\asus\AppData\Local\Programs\Python\Python312\Lib\hmac.py first seen with mtime 1727741020.0
DEBUG 2024-11-05 22:38:45,493 autoreload File C:\Users\asus\Documents\GitHub\Skillwill-Repository\venv\Lib\site-packages\django\db\models\aggregates.py first seen with mtime 1730831502.7511473
DEBUG 2024-11-05 22:38:45,493 autoreload File C:\Users\asus\Documents\GitHub\Skillwill-Repository\venv\Lib\site-packages\django\db\models\functions\datetime.py first seen with mtime 1730831502.7755375
DEBUG 2024-11-05 22:38:45,493 autoreload File C:\Users\asus\AppData\Local\Programs\Python\Python312\Lib\logging\handlers.py first seen with mtime 1727741020.0
DEBUG 2024-11-05 22:38:45,493 autoreload File C:\Users\asus\Documents\GitHub\Skillwill-Repository\venv\Lib\site-packages\django\utils\dateparse.py first seen with mtime 1730831502.8816814
DEBUG 2024-11-05 22:38:45,493 autoreload File C:\Users\asus\Documents\GitHub\Skillwill-Repository\venv\Lib\site-packages\django\core\files\base.py first seen with mtime 1730831502.6773446
DEBUG 2024-11-05 22:38:45,493 autoreload File C:\Users\asus\Documents\GitHub\Skillwill-Repository\venv\Lib\site-packages\sqlparse\engine\grouping.py first seen with mtime 1730831500.7046127
DEBUG 2024-11-05 22:38:45,493 autoreload File C:\Users\asus\Documents\GitHub\Skillwill-Repository\venv\Lib\site-packages\django\db\models\fields\related_lookups.py first seen with mtime 1730831502.7755375
DEBUG 2024-11-05 22:38:45,493 autoreload File C:\Users\asus\Documents\GitHub\Skillwill-Repository\venv\Lib\site-packages\django\template\response.py first seen with mtime 1730831502.857064
DEBUG 2024-11-05 22:38:45,493 autoreload File C:\Users\asus\AppData\Local\Programs\Python\Python312\Lib\_markupbase.py first seen with mtime 1727741020.0
DEBUG 2024-11-05 22:38:45,493 autoreload File C:\Users\asus\AppData\Local\Programs\Python\Python312\Lib\email\encoders.py first seen with mtime 1727741020.0
DEBUG 2024-11-05 22:38:45,493 autoreload File C:\Users\asus\Documents\GitHub\Skillwill-Repository\venv\Lib\site-packages\django\conf\urls\__init__.py first seen with mtime 1730831500.9746346
DEBUG 2024-11-05 22:38:45,493 autoreload File C:\Users\asus\AppData\Local\Programs\Python\Python312\Lib\wsgiref\simple_server.py first seen with mtime 1727741020.0
DEBUG 2024-11-05 22:38:45,493 autoreload File C:\Users\asus\AppData\Local\Programs\Python\Python312\Lib\wsgiref\handlers.py first seen with mtime 1727741020.0
DEBUG 2024-11-05 22:38:45,493 autoreload File C:\Users\asus\Documents\GitHub\Skillwill-Repository\venv\Lib\site-packages\django\templatetags\static.py first seen with mtime 1730831502.8652
DEBUG 2024-11-05 22:38:45,493 autoreload File C:\Users\asus\Documents\GitHub\Skillwill-Repository\venv\Lib\site-packages\django\template\base.py first seen with mtime 1730831502.8510563
DEBUG 2024-11-05 22:38:45,493 autoreload File C:\Users\asus\Documents\GitHub\Skillwill-Repository\venv\Lib\site-packages\django\urls\utils.py first seen with mtime 1730831502.8735144
DEBUG 2024-11-05 22:38:45,493 autoreload File C:\Users\asus\Documents\GitHub\Skillwill-Repository\venv\Lib\site-packages\django\contrib\contenttypes\apps.py first seen with mtime 1730831501.4260552
DEBUG 2024-11-05 22:38:45,493 autoreload File C:\Users\asus\Documents\GitHub\Skillwill-Repository\venv\Lib\site-packages\django\utils\timezone.py first seen with mtime 1730831502.8978357
DEBUG 2024-11-05 22:38:45,493 autoreload File C:\Users\asus\Documents\GitHub\Skillwill-Repository\venv\Lib\site-packages\django\templatetags\cache.py first seen with mtime 1730831502.8652
DEBUG 2024-11-05 22:38:45,493 autoreload File C:\Users\asus\Documents\GitHub\Skillwill-Repository\venv\Lib\site-packages\django\templatetags\l10n.py first seen with mtime 1730831502.8652
DEBUG 2024-11-05 22:38:45,501 autoreload File C:\Users\asus\Documents\GitHub\Skillwill-Repository\venv\Lib\site-packages\django\core\cache\backends\locmem.py first seen with mtime 1730831502.6693428
DEBUG 2024-11-05 22:38:45,501 autoreload File C:\Users\asus\AppData\Local\Programs\Python\Python312\Lib\urllib\request.py first seen with mtime 1727741020.0
DEBUG 2024-11-05 22:38:45,501 autoreload File C:\Users\asus\AppData\Local\Programs\Python\Python312\Lib\asyncio\subprocess.py first seen with mtime 1727741020.0
DEBUG 2024-11-05 22:38:45,501 autoreload File C:\Users\asus\Documents\GitHub\Skillwill-Repository\venv\Lib\site-packages\django\templatetags\tz.py first seen with mtime 1730831502.8652
DEBUG 2024-11-05 22:38:45,501 autoreload File C:\Users\asus\Documents\GitHub\Skillwill-Repository\venv\Lib\site-packages\django\views\generic\dates.py first seen with mtime 1730831502.9142425
DEBUG 2024-11-05 22:38:45,501 autoreload File C:\Users\asus\AppData\Local\Programs\Python\Python312\Lib\re\_casefix.py first seen with mtime 1727741020.0
DEBUG 2024-11-05 22:38:45,501 autoreload File C:\Users\asus\Documents\GitHub\Skillwill-Repository\venv\Lib\site-packages\django\middleware\clickjacking.py first seen with mtime 1730831502.840971
DEBUG 2024-11-05 22:38:45,501 autoreload File C:\Users\asus\Documents\GitHub\Skillwill-Repository\venv\Lib\site-packages\django\db\backends\__init__.py first seen with mtime 1730831502.71814
DEBUG 2024-11-05 22:38:45,501 autoreload File C:\Users\asus\AppData\Local\Programs\Python\Python312\Lib\asyncio\coroutines.py first seen with mtime 1727741020.0
DEBUG 2024-11-05 22:38:45,501 autoreload File C:\Users\asus\Documents\GitHub\Skillwill-Repository\venv\Lib\site-packages\django\utils\autoreload.py first seen with mtime 1730831502.8735144
DEBUG 2024-11-05 22:38:45,501 autoreload File C:\Users\asus\AppData\Local\Programs\Python\Python312\Lib\email\mime\nonmultipart.py first seen with mtime 1727741020.0
DEBUG 2024-11-05 22:38:45,501 autoreload File C:\Users\asus\Documents\GitHub\Skillwill-Repository\venv\Lib\site-packages\django\utils\inspect.py first seen with mtime 1730831502.8898306
DEBUG 2024-11-05 22:38:45,501 autoreload File C:\Users\asus\Documents\GitHub\Skillwill-Repository\venv\Lib\site-packages\django\views\decorators\cache.py first seen with mtime 1730831502.9060154
DEBUG 2024-11-05 22:38:45,501 autoreload File C:\Users\asus\Documents\GitHub\Skillwill-Repository\venv\Lib\site-packages\django\db\models\fields\related_descriptors.py first seen with mtime 1730831502.7755375
DEBUG 2024-11-05 22:38:45,501 autoreload File C:\Users\asus\AppData\Local\Programs\Python\Python312\Lib\lzma.py first seen with mtime 1727741020.0
DEBUG 2024-11-05 22:38:45,501 autoreload File C:\Users\asus\AppData\Local\Programs\Python\Python312\Lib\email\base64mime.py first seen with mtime 1727741020.0
DEBUG 2024-11-05 22:38:45,501 autoreload File C:\Users\asus\Documents\GitHub\Skillwill-Repository\venv\Lib\site-packages\django\db\migrations\state.py first seen with mtime 1730831502.7511473
DEBUG 2024-11-05 22:38:45,501 autoreload File C:\Users\asus\AppData\Local\Programs\Python\Python312\Lib\asyncio\format_helpers.py first seen with mtime 1727741020.0
DEBUG 2024-11-05 22:38:45,501 autoreload File C:\Users\asus\Documents\GitHub\Skillwill-Repository\venv\Lib\site-packages\django\db\models\manager.py first seen with mtime 1730831502.7595358
DEBUG 2024-11-05 22:38:45,501 autoreload File C:\Users\asus\Documents\GitHub\Skillwill-Repository\venv\Lib\site-packages\django\contrib\messages\apps.py first seen with mtime 1730831502.0137508
DEBUG 2024-11-05 22:38:45,501 autoreload File C:\Users\asus\Documents\GitHub\Skillwill-Repository\venv\Lib\site-packages\django\contrib\staticfiles\management\commands\__init__.py first seen with mtime 1730831502.661079
DEBUG 2024-11-05 22:38:45,509 autoreload File C:\Users\asus\Documents\GitHub\Skillwill-Repository\venv\Lib\site-packages\django\views\generic\detail.py first seen with mtime 1730831502.9142425
DEBUG 2024-11-05 22:38:45,509 autoreload File C:\Users\asus\AppData\Local\Programs\Python\Python312\Lib\bz2.py first seen with mtime 1727741020.0
DEBUG 2024-11-05 22:38:45,509 autoreload File C:\Users\asus\Documents\GitHub\Skillwill-Repository\venv\Lib\site-packages\django\core\checks\registry.py first seen with mtime 1730831502.6693428
DEBUG 2024-11-05 22:38:45,509 autoreload File C:\Users\asus\Documents\GitHub\Skillwill-Repository\venv\Lib\site-packages\django\urls\conf.py first seen with mtime 1730831502.8735144
DEBUG 2024-11-05 22:38:45,509 autoreload File C:\Users\asus\Documents\GitHub\Skillwill-Repository\venv\Lib\site-packages\django\contrib\staticfiles\finders.py first seen with mtime 1730831502.6529233
DEBUG 2024-11-05 22:38:45,509 autoreload File C:\Users\asus\Documents\GitHub\Skillwill-Repository\venv\Lib\site-packages\django\core\files\storage\filesystem.py first seen with mtime 1730831502.685556
DEBUG 2024-11-05 22:38:45,509 autoreload File C:\Users\asus\Documents\GitHub\Skillwill-Repository\venv\Lib\site-packages\django\urls\converters.py first seen with mtime 1730831502.8735144
DEBUG 2024-11-05 22:38:45,509 autoreload File C:\Users\asus\Documents\GitHub\Skillwill-Repository\venv\Lib\site-packages\django\contrib\admin\apps.py first seen with mtime 1730831500.9746346
DEBUG 2024-11-05 22:38:45,509 autoreload File C:\Users\asus\AppData\Local\Programs\Python\Python312\Lib\email\errors.py first seen with mtime 1727741020.0
DEBUG 2024-11-05 22:38:45,509 autoreload File C:\Users\asus\AppData\Local\Programs\Python\Python312\Lib\email\_policybase.py first seen with mtime 1727741020.0
DEBUG 2024-11-05 22:38:45,509 autoreload File C:\Users\asus\Documents\GitHub\Skillwill-Repository\venv\Lib\site-packages\django\utils\translation\reloader.py first seen with mtime 1730831502.9060154
DEBUG 2024-11-05 22:38:45,509 autoreload File C:\Users\asus\Documents\GitHub\Skillwill-Repository\venv\Lib\site-packages\django\utils\duration.py first seen with mtime 1730831502.8816814
DEBUG 2024-11-05 22:38:45,509 autoreload File C:\Users\asus\Documents\GitHub\Skillwill-Repository\venv\Lib\site-packages\django\db\migrations\operations\special.py first seen with mtime 1730831502.7511473
DEBUG 2024-11-05 22:38:45,509 autoreload File C:\Users\asus\Documents\GitHub\Skillwill-Repository\venv\Lib\site-packages\django\core\checks\security\base.py first seen with mtime 1730831502.6773446
DEBUG 2024-11-05 22:38:45,509 autoreload File C:\Users\asus\Documents\GitHub\Skillwill-Repository\venv\Lib\site-packages\django\forms\formsets.py first seen with mtime 1730831502.7918208
DEBUG 2024-11-05 22:38:45,509 autoreload File C:\Users\asus\Documents\GitHub\Skillwill-Repository\venv\Lib\site-packages\django\template\backends\base.py first seen with mtime 1730831502.857064
DEBUG 2024-11-05 22:38:45,509 autoreload File C:\Users\asus\Documents\GitHub\Skillwill-Repository\venv\Lib\site-packages\django\contrib\sessions\base_session.py first seen with mtime 1730831502.317336
DEBUG 2024-11-05 22:38:45,509 autoreload File C:\Users\asus\Documents\GitHub\Skillwill-Repository\venv\Lib\site-packages\django\db\models\fields\json.py first seen with mtime 1730831502.7675388
DEBUG 2024-11-05 22:38:45,517 autoreload File C:\Users\asus\Documents\GitHub\Skillwill-Repository\venv\Lib\site-packages\django\templatetags\i18n.py first seen with mtime 1730831502.8652
DEBUG 2024-11-05 22:38:45,517 autoreload File C:\Users\asus\AppData\Local\Programs\Python\Python312\Lib\email\_encoded_words.py first seen with mtime 1727741020.0
DEBUG 2024-11-05 22:38:45,517 autoreload File C:\Users\asus\Documents\GitHub\Skillwill-Repository\venv\Lib\site-packages\django\views\csrf.py first seen with mtime 1730831502.9060154
DEBUG 2024-11-05 22:38:45,517 autoreload File C:\Users\asus\Documents\GitHub\Skillwill-Repository\venv\Lib\site-packages\django\utils\timesince.py first seen with mtime 1730831502.8978357
DEBUG 2024-11-05 22:38:45,517 autoreload File C:\Users\asus\Documents\GitHub\Skillwill-Repository\venv\Lib\site-packages\django\core\cache\backends\filebased.py first seen with mtime 1730831502.6693428
DEBUG 2024-11-05 22:38:45,517 autoreload File C:\Users\asus\AppData\Local\Programs\Python\Python312\Lib\weakref.py first seen with mtime 1727741020.0
DEBUG 2024-11-05 22:38:45,517 autoreload File C:\Users\asus\Documents\GitHub\Skillwill-Repository\venv\Lib\site-packages\django\contrib\messages\storage\base.py first seen with mtime 1730831502.0137508
DEBUG 2024-11-05 22:38:45,517 autoreload File C:\Users\asus\AppData\Local\Programs\Python\Python312\Lib\dis.py first seen with mtime 1727741020.0
DEBUG 2024-11-05 22:38:45,517 autoreload File C:\Users\asus\AppData\Local\Programs\Python\Python312\Lib\asyncio\protocols.py first seen with mtime 1727741020.0
DEBUG 2024-11-05 22:38:45,517 autoreload File C:\Users\asus\Documents\GitHub\Skillwill-Repository\venv\Lib\site-packages\django\db\models\fields\proxy.py first seen with mtime 1730831502.7755375
DEBUG 2024-11-05 22:38:45,517 autoreload File C:\Users\asus\Documents\GitHub\Skillwill-Repository\venv\Lib\site-packages\django\core\files\storage\__init__.py first seen with mtime 1730831502.685556
DEBUG 2024-11-05 22:38:45,517 autoreload File C:\Users\asus\AppData\Local\Programs\Python\Python312\Lib\base64.py first seen with mtime 1727741020.0
DEBUG 2024-11-05 22:38:45,517 autoreload File C:\Users\asus\Documents\GitHub\Skillwill-Repository\venv\Lib\site-packages\sqlparse\exceptions.py first seen with mtime 1730831500.7046127
DEBUG 2024-11-05 22:38:45,517 autoreload File C:\Users\asus\Documents\GitHub\Skillwill-Repository\venv\Lib\site-packages\django\views\decorators\common.py first seen with mtime 1730831502.9060154
DEBUG 2024-11-05 22:38:45,517 autoreload File C:\Users\asus\Documents\GitHub\Skillwill-Repository\venv\Lib\site-packages\django\forms\widgets.py first seen with mtime 1730831502.7918208
DEBUG 2024-11-05 22:38:45,517 autoreload File C:\Users\asus\AppData\Local\Programs\Python\Python312\Lib\heapq.py first seen with mtime 1727741020.0
DEBUG 2024-11-05 22:38:45,517 autoreload File C:\Users\asus\Documents\GitHub\Skillwill-Repository\venv\Lib\site-packages\django\contrib\staticfiles\__init__.py first seen with mtime 1730831502.6529233
DEBUG 2024-11-05 22:38:45,517 autoreload File C:\Users\asus\Documents\GitHub\Skillwill-Repository\venv\Lib\site-packages\django\db\utils.py first seen with mtime 1730831502.71814
DEBUG 2024-11-05 22:38:45,517 autoreload File C:\Users\asus\Documents\GitHub\Skillwill-Repository\venv\Lib\site-packages\django\db\backends\base\creation.py first seen with mtime 1730831502.71814
DEBUG 2024-11-05 22:38:45,517 autoreload File C:\Users\asus\Documents\GitHub\Skillwill-Repository\venv\Lib\site-packages\django\template\loaders\cached.py first seen with mtime 1730831502.857064
DEBUG 2024-11-05 22:38:45,517 autoreload File C:\Users\asus\AppData\Local\Programs\Python\Python312\Lib\asyncio\base_events.py first seen with mtime 1727741020.0
DEBUG 2024-11-05 22:38:45,525 autoreload File C:\Users\asus\Documents\GitHub\Skillwill-Repository\venv\Lib\site-packages\django\utils\connection.py first seen with mtime 1730831502.8816814
DEBUG 2024-11-05 22:38:45,525 autoreload File C:\Users\asus\Documents\GitHub\Skillwill-Repository\venv\Lib\site-packages\django\views\generic\base.py first seen with mtime 1730831502.9142425
DEBUG 2024-11-05 22:38:45,525 autoreload File C:\Users\asus\Documents\GitHub\Skillwill-Repository\venv\Lib\site-packages\django\utils\datastructures.py first seen with mtime 1730831502.8816814
DEBUG 2024-11-05 22:38:45,525 autoreload File C:\Users\asus\Documents\GitHub\Skillwill-Repository\venv\Lib\site-packages\django\utils\formats.py first seen with mtime 1730831502.8816814
DEBUG 2024-11-05 22:38:45,525 autoreload File C:\Users\asus\AppData\Local\Programs\Python\Python312\Lib\asyncio\sslproto.py first seen with mtime 1727741020.0
DEBUG 2024-11-05 22:38:45,525 autoreload File C:\Users\asus\Documents\GitHub\Skillwill-Repository\venv\Lib\site-packages\django\contrib\auth\admin.py first seen with mtime 1730831501.3027675
DEBUG 2024-11-05 22:38:45,525 autoreload File C:\Users\asus\Documents\GitHub\Skillwill-Repository\venv\Lib\site-packages\django\urls\__init__.py first seen with mtime 1730831502.8735144
DEBUG 2024-11-05 22:38:45,525 autoreload File C:\Users\asus\Documents\GitHub\Skillwill-Repository\venv\Lib\site-packages\asgiref\current_thread_executor.py first seen with mtime 1730831500.7862368
DEBUG 2024-11-05 22:38:45,525 autoreload File C:\Users\asus\Documents\GitHub\Skillwill-Repository\venv\Lib\site-packages\django\utils\numberformat.py first seen with mtime 1730831502.8978357
DEBUG 2024-11-05 22:38:45,525 autoreload File C:\Users\asus\Documents\GitHub\Skillwill-Repository\venv\Lib\site-packages\django\utils\module_loading.py first seen with mtime 1730831502.8978357
DEBUG 2024-11-05 22:38:45,525 autoreload File C:\Users\asus\AppData\Local\Programs\Python\Python312\Lib\socket.py first seen with mtime 1727741020.0
DEBUG 2024-11-05 22:38:45,525 autoreload File C:\Users\asus\Documents\GitHub\Skillwill-Repository\venv\Lib\site-packages\django\core\signing.py first seen with mtime 1730831502.661079
DEBUG 2024-11-05 22:38:45,525 autoreload File C:\Users\asus\Documents\GitHub\Skillwill-Repository\venv\Lib\site-packages\django\template\library.py first seen with mtime 1730831502.857064
DEBUG 2024-11-05 22:38:45,525 autoreload File C:\Users\asus\AppData\Local\Programs\Python\Python312\Lib\asyncio\log.py first seen with mtime 1727741020.0
DEBUG 2024-11-05 22:38:45,525 autoreload File C:\Users\asus\Documents\GitHub\Skillwill-Repository\venv\Lib\site-packages\django\db\migrations\operations\base.py first seen with mtime 1730831502.7511473
DEBUG 2024-11-05 22:38:45,525 autoreload File C:\Users\asus\Documents\GitHub\Skillwill-Repository\venv\Lib\site-packages\django\apps\__init__.py first seen with mtime 1730831500.84398
DEBUG 2024-11-05 22:38:45,525 autoreload File C:\Users\asus\Documents\GitHub\Skillwill-Repository\venv\Lib\site-packages\django\core\checks\compatibility\django_4_0.py first seen with mtime 1730831502.6773446
DEBUG 2024-11-05 22:38:45,525 autoreload File C:\Users\asus\AppData\Local\Programs\Python\Python312\Lib\socketserver.py first seen with mtime 1727741020.0
DEBUG 2024-11-05 22:38:45,525 autoreload File C:\Users\asus\Documents\GitHub\Skillwill-Repository\venv\Lib\site-packages\django\contrib\admin\actions.py first seen with mtime 1730831500.9746346
DEBUG 2024-11-05 22:38:45,525 autoreload File C:\Users\asus\Documents\GitHub\Skillwill-Repository\venv\Lib\site-packages\django\utils\translation\trans_real.py first seen with mtime 1730831502.9060154
DEBUG 2024-11-05 22:38:45,534 autoreload File C:\Users\asus\Documents\GitHub\Skillwill-Repository\venv\Lib\site-packages\django\contrib\admin\decorators.py first seen with mtime 1730831500.9746346
DEBUG 2024-11-05 22:38:45,534 autoreload File C:\Users\asus\AppData\Local\Programs\Python\Python312\Lib\ctypes\_endian.py first seen with mtime 1727741020.0
DEBUG 2024-11-05 22:38:45,534 autoreload File C:\Users\asus\Documents\GitHub\Skillwill-Repository\venv\Lib\site-packages\django\contrib\auth\backends.py first seen with mtime 1730831501.3027675
DEBUG 2024-11-05 22:38:45,534 autoreload File C:\Users\asus\Documents\GitHub\Skillwill-Repository\venv\Lib\site-packages\django\conf\__init__.py first seen with mtime 1730831500.84398
DEBUG 2024-11-05 22:38:45,534 autoreload File C:\Users\asus\AppData\Local\Programs\Python\Python312\DLLs\_hashlib.pyd first seen with mtime 1727741072.0
DEBUG 2024-11-05 22:38:45,534 autoreload File C:\Users\asus\Documents\GitHub\Skillwill-Repository\venv\Lib\site-packages\django\contrib\sessions\apps.py first seen with mtime 1730831502.317336
DEBUG 2024-11-05 22:38:45,534 autoreload File C:\Users\asus\Documents\GitHub\Skillwill-Repository\venv\Lib\site-packages\django\core\checks\security\sessions.py first seen with mtime 1730831502.6773446
DEBUG 2024-11-05 22:38:45,534 autoreload File C:\Users\asus\AppData\Local\Programs\Python\Python312\Lib\asyncio\events.py first seen with mtime 1727741020.0
DEBUG 2024-11-05 22:38:45,534 autoreload File C:\Users\asus\Documents\GitHub\Skillwill-Repository\venv\Lib\site-packages\django\forms\models.py first seen with mtime 1730831502.7918208
DEBUG 2024-11-05 22:38:45,534 autoreload File C:\Users\asus\Documents\GitHub\Skillwill-Repository\venv\Lib\site-packages\django\contrib\sessions\middleware.py first seen with mtime 1730831502.317336
DEBUG 2024-11-05 22:38:45,534 autoreload File C:\Users\asus\Documents\GitHub\Skillwill-Repository\venv\Lib\site-packages\django\core\files\__init__.py first seen with mtime 1730831502.6773446
DEBUG 2024-11-05 22:38:45,534 autoreload File C:\Users\asus\Documents\GitHub\Skillwill-Repository\venv\Lib\site-packages\django\contrib\messages\constants.py first seen with mtime 1730831502.0137508
DEBUG 2024-11-05 22:38:45,534 autoreload File C:\Users\asus\Documents\GitHub\Skillwill-Repository\venv\Lib\site-packages\django\db\models\fields\generated.py first seen with mtime 1730831502.7675388
DEBUG 2024-11-05 22:38:45,534 autoreload File C:\Users\asus\Documents\GitHub\Skillwill-Repository\venv\Lib\site-packages\django\contrib\auth\forms.py first seen with mtime 1730831501.3027675
DEBUG 2024-11-05 22:38:45,534 autoreload File C:\Users\asus\Documents\GitHub\Skillwill-Repository\venv\Lib\site-packages\django\core\checks\templates.py first seen with mtime 1730831502.6693428
DEBUG 2024-11-05 22:38:45,534 autoreload File C:\Users\asus\Documents\GitHub\Skillwill-Repository\venv\Lib\site-packages\django\core\management\__init__.py first seen with mtime 1730831502.6939147
DEBUG 2024-11-05 22:38:45,534 autoreload File C:\Users\asus\Documents\GitHub\Skillwill-Repository\venv\Lib\site-packages\django\core\handlers\base.py first seen with mtime 1730831502.685556
DEBUG 2024-11-05 22:38:45,534 autoreload File C:\Users\asus\Documents\GitHub\Skillwill-Repository\venv\Lib\site-packages\django\utils\version.py first seen with mtime 1730831502.8978357
DEBUG 2024-11-05 22:38:45,534 autoreload File C:\Users\asus\Documents\GitHub\Skillwill-Repository\venv\Lib\site-packages\django\db\models\functions\comparison.py first seen with mtime 1730831502.7755375
DEBUG 2024-11-05 22:38:45,534 autoreload File C:\Users\asus\Documents\GitHub\Skillwill-Repository\venv\Lib\site-packages\django\views\static.py first seen with mtime 1730831502.9060154
DEBUG 2024-11-05 22:38:45,534 autoreload File C:\Users\asus\Documents\GitHub\Skillwill-Repository\venv\Lib\site-packages\django\contrib\auth\__init__.py first seen with mtime 1730831501.3027675
DEBUG 2024-11-05 22:38:45,542 autoreload File C:\Users\asus\AppData\Local\Programs\Python\Python312\Lib\wsgiref\headers.py first seen with mtime 1727741020.0
DEBUG 2024-11-05 22:38:45,542 autoreload File C:\Users\asus\Documents\GitHub\Skillwill-Repository\venv\Lib\site-packages\django\contrib\admin\templatetags\admin_list.py first seen with mtime 1730831501.1962757
DEBUG 2024-11-05 22:38:45,542 autoreload File C:\Users\asus\AppData\Local\Programs\Python\Python312\Lib\multiprocessing\reduction.py first seen with mtime 1727741020.0
DEBUG 2024-11-05 22:38:45,542 autoreload File C:\Users\asus\Documents\GitHub\Skillwill-Repository\venv\Lib\site-packages\django\core\files\move.py first seen with mtime 1730831502.685556
DEBUG 2024-11-05 22:38:45,542 autoreload File C:\Users\asus\AppData\Local\Programs\Python\Python312\Lib\tempfile.py first seen with mtime 1727741020.0
DEBUG 2024-11-05 22:38:45,542 autoreload File C:\Users\asus\AppData\Local\Programs\Python\Python312\Lib\tokenize.py first seen with mtime 1727741020.0
DEBUG 2024-11-05 22:38:45,542 autoreload File C:\Users\asus\Documents\GitHub\Skillwill-Repository\venv\Lib\site-packages\sqlparse\__init__.py first seen with mtime 1730831500.7046127
DEBUG 2024-11-05 22:38:45,542 autoreload File C:\Users\asus\Documents\GitHub\Skillwill-Repository\venv\Lib\site-packages\django\utils\termcolors.py first seen with mtime 1730831502.8978357
DEBUG 2024-11-05 22:38:45,542 autoreload File C:\Users\asus\AppData\Local\Programs\Python\Python312\Lib\asyncio\mixins.py first seen with mtime 1727741020.0
DEBUG 2024-11-05 22:38:45,542 autoreload File C:\Users\asus\Documents\GitHub\Skillwill-Repository\venv\Lib\site-packages\django\contrib\admin\models.py first seen with mtime 1730831500.9832053
DEBUG 2024-11-05 22:38:45,542 autoreload File C:\Users\asus\Documents\GitHub\Skillwill-Repository\venv\Lib\site-packages\django\forms\renderers.py first seen with mtime 1730831502.7918208
DEBUG 2024-11-05 22:38:45,542 autoreload File C:\Users\asus\Documents\GitHub\Skillwill-Repository\venv\Lib\site-packages\django\forms\utils.py first seen with mtime 1730831502.7918208
DEBUG 2024-11-05 22:38:45,542 autoreload File C:\Users\asus\Documents\GitHub\Skillwill-Repository\venv\Lib\site-packages\django\template\engine.py first seen with mtime 1730831502.857064
DEBUG 2024-11-05 22:38:45,542 autoreload File C:\Users\asus\Documents\GitHub\Skillwill-Repository\venv\Lib\site-packages\django\utils\log.py first seen with mtime 1730831502.8898306
DEBUG 2024-11-05 22:38:45,542 autoreload File C:\Users\asus\AppData\Local\Programs\Python\Python312\DLLs\_uuid.pyd first seen with mtime 1727741072.0
DEBUG 2024-11-05 22:38:45,542 autoreload File C:\Users\asus\AppData\Local\Programs\Python\Python312\Lib\http\server.py first seen with mtime 1727741020.0
DEBUG 2024-11-05 22:38:45,542 autoreload File C:\Users\asus\Documents\GitHub\Skillwill-Repository\venv\Lib\site-packages\django\contrib\auth\signals.py first seen with mtime 1730831501.316571
DEBUG 2024-11-05 22:38:45,542 autoreload File C:\Users\asus\Documents\GitHub\Skillwill-Repository\venv\Lib\site-packages\django\utils\ipv6.py first seen with mtime 1730831502.8898306
DEBUG 2024-11-05 22:38:45,542 autoreload File C:\Users\asus\Documents\GitHub\Skillwill-Repository\venv\Lib\site-packages\django\conf\global_settings.py first seen with mtime 1730831500.84398
DEBUG 2024-11-05 22:38:45,542 autoreload File C:\Users\asus\Documents\GitHub\Skillwill-Repository\venv\Lib\site-packages\django\http\response.py first seen with mtime 1730831502.840971
DEBUG 2024-11-05 22:38:45,542 autoreload File C:\Users\asus\Documents\GitHub\Skillwill-Repository\venv\Lib\site-packages\django\db\models\functions\math.py first seen with mtime 1730831502.7755375
DEBUG 2024-11-05 22:38:45,542 autoreload File C:\Users\asus\AppData\Local\Programs\Python\Python312\Lib\asyncio\windows_utils.py first seen with mtime 1727741020.0
DEBUG 2024-11-05 22:38:45,542 autoreload File C:\Users\asus\Documents\GitHub\Skillwill-Repository\venv\Lib\site-packages\django\urls\resolvers.py first seen with mtime 1730831502.8735144
DEBUG 2024-11-05 22:38:45,542 autoreload File C:\Users\asus\Documents\GitHub\Skillwill-Repository\venv\Lib\site-packages\django\core\exceptions.py first seen with mtime 1730831502.661079
DEBUG 2024-11-05 22:38:45,550 autoreload File C:\Users\asus\Documents\GitHub\Skillwill-Repository\venv\Lib\site-packages\django\http\request.py first seen with mtime 1730831502.840971
DEBUG 2024-11-05 22:38:45,550 autoreload File C:\Users\asus\Documents\GitHub\Skillwill-Repository\venv\Lib\site-packages\django\template\smartif.py first seen with mtime 1730831502.857064
DEBUG 2024-11-05 22:38:45,550 autoreload File C:\Users\asus\AppData\Local\Programs\Python\Python312\Lib\contextvars.py first seen with mtime 1727741020.0
DEBUG 2024-11-05 22:38:45,550 autoreload File C:\Users\asus\Documents\GitHub\Skillwill-Repository\venv\Lib\site-packages\django\core\management\commands\__init__.py first seen with mtime 1730831502.7021365
DEBUG 2024-11-05 22:38:45,550 autoreload File C:\Users\asus\AppData\Local\Programs\Python\Python312\Lib\email\quoprimime.py first seen with mtime 1727741020.0
DEBUG 2024-11-05 22:38:45,550 autoreload File C:\Users\asus\Documents\GitHub\Skillwill-Repository\venv\Lib\site-packages\django\contrib\admin\templatetags\admin_modify.py first seen with mtime 1730831501.1962757
DEBUG 2024-11-05 22:38:45,550 autoreload File C:\Users\asus\Documents\GitHub\Skillwill-Repository\venv\Lib\site-packages\sqlparse\filters\output.py first seen with mtime 1730831500.7046127
DEBUG 2024-11-05 22:38:45,550 autoreload File C:\Users\asus\AppData\Local\Programs\Python\Python312\Lib\email\_header_value_parser.py first seen with mtime 1727741020.0
DEBUG 2024-11-05 22:38:45,550 autoreload File C:\Users\asus\Documents\GitHub\Skillwill-Repository\venv\Lib\site-packages\django\core\checks\files.py first seen with mtime 1730831502.6693428
DEBUG 2024-11-05 22:38:45,550 autoreload File C:\Users\asus\Documents\GitHub\Skillwill-Repository\venv\Lib\site-packages\django\db\backends\base\validation.py first seen with mtime 1730831502.71814
DEBUG 2024-11-05 22:38:46,637 autoreload File C:\Users\asus\Documents\GitHub\Skillwill-Repository\myproject\myproject\wsgi.py first seen with mtime 1730831271.3234713
DEBUG 2024-11-05 22:38:46,645 autoreload File C:\Users\asus\Documents\GitHub\Skillwill-Repository\venv\Lib\site-packages\django\contrib\auth\migrations\__init__.py first seen with mtime 1730831501.4260552
DEBUG 2024-11-05 22:38:46,645 autoreload File C:\Users\asus\Documents\GitHub\Skillwill-Repository\venv\Lib\site-packages\django\contrib\auth\migrations\0004_alter_user_username_opts.py first seen with mtime 1730831501.4176557
DEBUG 2024-11-05 22:38:46,645 autoreload File C:\Users\asus\Documents\GitHub\Skillwill-Repository\venv\Lib\site-packages\django\db\migrations\loader.py first seen with mtime 1730831502.7430017
DEBUG 2024-11-05 22:38:46,645 autoreload File C:\Users\asus\AppData\Local\Programs\Python\Python312\Lib\encodings\idna.py first seen with mtime 1727741020.0
DEBUG 2024-11-05 22:38:46,645 autoreload File C:\Users\asus\Documents\GitHub\Skillwill-Repository\venv\Lib\site-packages\django\db\migrations\executor.py first seen with mtime 1730831502.7430017
DEBUG 2024-11-05 22:38:46,653 autoreload File C:\Users\asus\Documents\GitHub\Skillwill-Repository\venv\Lib\site-packages\django\contrib\auth\migrations\0011_update_proxy_permissions.py first seen with mtime 1730831501.4260552
DEBUG 2024-11-05 22:38:46,653 autoreload File C:\Users\asus\Documents\GitHub\Skillwill-Repository\venv\Lib\site-packages\django\contrib\sessions\migrations\0001_initial.py first seen with mtime 1730831502.505714
DEBUG 2024-11-05 22:38:46,653 autoreload File C:\Users\asus\Documents\GitHub\Skillwill-Repository\venv\Lib\site-packages\django\contrib\sessions\migrations\__init__.py first seen with mtime 1730831502.505714
DEBUG 2024-11-05 22:38:46,657 autoreload File C:\Users\asus\Documents\GitHub\Skillwill-Repository\venv\Lib\site-packages\django\contrib\auth\migrations\0008_alter_user_username_max_length.py first seen with mtime 1730831501.4176557
DEBUG 2024-11-05 22:38:46,657 autoreload File C:\Users\asus\Documents\GitHub\Skillwill-Repository\venv\Lib\site-packages\django\db\migrations\graph.py first seen with mtime 1730831502.7430017
DEBUG 2024-11-05 22:38:46,657 autoreload File C:\Users\asus\Documents\GitHub\Skillwill-Repository\venv\Lib\site-packages\django\contrib\auth\migrations\0010_alter_group_name_max_length.py first seen with mtime 1730831501.4259593
DEBUG 2024-11-05 22:38:46,657 autoreload File C:\Users\asus\Documents\GitHub\Skillwill-Repository\myproject\testapp\migrations\__init__.py first seen with mtime 1730831707.0602791
DEBUG 2024-11-05 22:38:46,661 autoreload File C:\Users\asus\Documents\GitHub\Skillwill-Repository\venv\Lib\site-packages\django\contrib\admin\migrations\0001_initial.py first seen with mtime 1730831501.1383839
DEBUG 2024-11-05 22:38:46,661 autoreload File C:\Users\asus\Documents\GitHub\Skillwill-Repository\venv\Lib\site-packages\django\contrib\contenttypes\migrations\__init__.py first seen with mtime 1730831501.5395143
DEBUG 2024-11-05 22:38:46,661 autoreload File C:\Users\asus\AppData\Local\Programs\Python\Python312\Lib\stringprep.py first seen with mtime 1727741020.0
DEBUG 2024-11-05 22:38:46,661 autoreload File C:\Users\asus\Documents\GitHub\Skillwill-Repository\venv\Lib\site-packages\django\contrib\contenttypes\migrations\0001_initial.py first seen with mtime 1730831501.5395143
DEBUG 2024-11-05 22:38:46,661 autoreload File C:\Users\asus\Documents\GitHub\Skillwill-Repository\venv\Lib\site-packages\django\contrib\auth\migrations\0005_alter_user_last_login_null.py first seen with mtime 1730831501.4176557
DEBUG 2024-11-05 22:38:46,661 autoreload File C:\Users\asus\Documents\GitHub\Skillwill-Repository\venv\Lib\site-packages\django\db\migrations\recorder.py first seen with mtime 1730831502.7430017
DEBUG 2024-11-05 22:38:46,661 autoreload File C:\Users\asus\Documents\GitHub\Skillwill-Repository\venv\Lib\site-packages\django\contrib\contenttypes\migrations\0002_remove_content_type_name.py first seen with mtime 1730831501.5395143
DEBUG 2024-11-05 22:38:46,661 autoreload File C:\Users\asus\Documents\GitHub\Skillwill-Repository\venv\Lib\site-packages\django\contrib\auth\migrations\0007_alter_validators_add_error_messages.py first seen with mtime 1730831501.4176557
DEBUG 2024-11-05 22:38:46,661 autoreload File C:\Users\asus\Documents\GitHub\Skillwill-Repository\venv\Lib\site-packages\django\contrib\auth\migrations\0006_require_contenttypes_0002.py first seen with mtime 1730831501.4176557
DEBUG 2024-11-05 22:38:46,669 autoreload File C:\Users\asus\Documents\GitHub\Skillwill-Repository\venv\Lib\site-packages\django\contrib\auth\migrations\0003_alter_user_email_max_length.py first seen with mtime 1730831501.4176557
DEBUG 2024-11-05 22:38:46,669 autoreload File C:\Users\asus\Documents\GitHub\Skillwill-Repository\venv\Lib\site-packages\django\contrib\admin\migrations\__init__.py first seen with mtime 1730831501.1387866
DEBUG 2024-11-05 22:38:46,669 autoreload File C:\Users\asus\Documents\GitHub\Skillwill-Repository\venv\Lib\site-packages\django\contrib\auth\migrations\0002_alter_permission_name_max_length.py first seen with mtime 1730831501.4176557
DEBUG 2024-11-05 22:38:46,669 autoreload File C:\Users\asus\Documents\GitHub\Skillwill-Repository\venv\Lib\site-packages\django\db\models\sql\compiler.py first seen with mtime 1730831502.7835422
DEBUG 2024-11-05 22:38:46,669 autoreload File C:\Users\asus\Documents\GitHub\Skillwill-Repository\venv\Lib\site-packages\django\contrib\sessions\backends\db.py first seen with mtime 1730831502.3254654
DEBUG 2024-11-05 22:38:46,669 autoreload File C:\Users\asus\Documents\GitHub\Skillwill-Repository\venv\Lib\site-packages\django\contrib\admin\migrations\0002_logentry_remove_auto_add.py first seen with mtime 1730831501.1387866
DEBUG 2024-11-05 22:38:46,669 autoreload File C:\Users\asus\Documents\GitHub\Skillwill-Repository\venv\Lib\site-packages\django\contrib\auth\migrations\0009_alter_user_last_name_max_length.py first seen with mtime 1730831501.4176557
DEBUG 2024-11-05 22:38:46,669 autoreload File C:\Users\asus\Documents\GitHub\Skillwill-Repository\venv\Lib\site-packages\django\contrib\auth\migrations\0001_initial.py first seen with mtime 1730831501.4176557
DEBUG 2024-11-05 22:38:46,669 autoreload File C:\Users\asus\Documents\GitHub\Skillwill-Repository\venv\Lib\site-packages\django\contrib\admin\migrations\0003_logentry_add_action_flag_choices.py first seen with mtime 1730831501.1387866
DEBUG 2024-11-05 22:38:46,669 autoreload File C:\Users\asus\Documents\GitHub\Skillwill-Repository\venv\Lib\site-packages\django\contrib\auth\migrations\0012_alter_user_first_name_max_length.py first seen with mtime 1730831501.4260552
DEBUG 2024-11-05 22:41:58,357 autoreload File C:\Users\asus\Documents\GitHub\Skillwill-Repository\myproject\testapp\views.py previous mtime: 1730831786.3418214, current mtime: 1730832117.9657052
DEBUG 2024-11-05 22:41:58,357 autoreload C:\Users\asus\Documents\GitHub\Skillwill-Repository\myproject\testapp\views.py notified as changed. Signal results: [(<function template_changed at 0x000002CBA3DD40E0>, None), (<function translation_file_changed at 0x000002CBA4D1B380>, None)].
INFO 2024-11-05 22:41:58,357 autoreload C:\Users\asus\Documents\GitHub\Skillwill-Repository\myproject\testapp\views.py changed, reloading.
INFO 2024-11-05 22:41:58,734 autoreload Watching for file changes with StatReloader
DEBUG 2024-11-05 22:41:58,742 autoreload Waiting for apps ready_event.
DEBUG 2024-11-05 22:41:58,742 autoreload Apps ready_event triggered. Sending autoreload_started signal.
DEBUG 2024-11-05 22:41:58,767 autoreload Watching dir C:\Users\asus\Documents\GitHub\Skillwill-Repository\myproject\locale with glob **/*.mo.
DEBUG 2024-11-05 22:41:58,767 autoreload Watching dir C:\Users\asus\Documents\GitHub\Skillwill-Repository\myproject\testapp\locale with glob **/*.mo.
DEBUG 2024-11-05 22:41:58,786 utils (0.000) 
            SELECT name, type FROM sqlite_master
            WHERE type in ('table', 'view') AND NOT name='sqlite_sequence'
            ORDER BY name; args=None; alias=default
DEBUG 2024-11-05 22:41:58,792 utils (0.000) SELECT "django_migrations"."id", "django_migrations"."app", "django_migrations"."name", "django_migrations"."applied" FROM "django_migrations"; args=(); alias=default
DEBUG 2024-11-05 22:41:58,865 autoreload File C:\Users\asus\Documents\GitHub\Skillwill-Repository\venv\Lib\site-packages\django\contrib\admin\templatetags\base.py first seen with mtime 1730831501.1962757
DEBUG 2024-11-05 22:41:58,865 autoreload File C:\Users\asus\Documents\GitHub\Skillwill-Repository\venv\Lib\site-packages\django\db\migrations\migration.py first seen with mtime 1730831502.7430017
DEBUG 2024-11-05 22:41:58,865 autoreload File C:\Users\asus\AppData\Local\Programs\Python\Python312\Lib\socketserver.py first seen with mtime 1727741020.0
DEBUG 2024-11-05 22:41:58,865 autoreload File C:\Users\asus\Documents\GitHub\Skillwill-Repository\venv\Lib\site-packages\django\template\loaders\app_directories.py first seen with mtime 1730831502.857064
DEBUG 2024-11-05 22:41:58,865 autoreload File C:\Users\asus\Documents\GitHub\Skillwill-Repository\venv\Lib\site-packages\django\db\backends\base\validation.py first seen with mtime 1730831502.71814
DEBUG 2024-11-05 22:41:58,865 autoreload File C:\Users\asus\AppData\Local\Programs\Python\Python312\Lib\copy.py first seen with mtime 1727741020.0
DEBUG 2024-11-05 22:41:58,865 autoreload File C:\Users\asus\Documents\GitHub\Skillwill-Repository\venv\Lib\site-packages\django\core\checks\security\base.py first seen with mtime 1730831502.6773446
DEBUG 2024-11-05 22:41:58,865 autoreload File C:\Users\asus\AppData\Local\Programs\Python\Python312\Lib\contextvars.py first seen with mtime 1727741020.0
DEBUG 2024-11-05 22:41:58,865 autoreload File C:\Users\asus\Documents\GitHub\Skillwill-Repository\venv\Lib\site-packages\django\contrib\admin\views\__init__.py first seen with mtime 1730831501.1962757
DEBUG 2024-11-05 22:41:58,865 autoreload File C:\Users\asus\Documents\GitHub\Skillwill-Repository\venv\Lib\site-packages\django\forms\utils.py first seen with mtime 1730831502.7918208
DEBUG 2024-11-05 22:41:58,865 autoreload File C:\Users\asus\AppData\Local\Programs\Python\Python312\Lib\shutil.py first seen with mtime 1727741020.0
DEBUG 2024-11-05 22:41:58,865 autoreload File C:\Users\asus\AppData\Local\Programs\Python\Python312\Lib\asyncio\trsock.py first seen with mtime 1727741020.0
DEBUG 2024-11-05 22:41:58,865 autoreload File C:\Users\asus\Documents\GitHub\Skillwill-Repository\venv\Lib\site-packages\django\contrib\staticfiles\handlers.py first seen with mtime 1730831502.6529233
DEBUG 2024-11-05 22:41:58,865 autoreload File C:\Users\asus\Documents\GitHub\Skillwill-Repository\venv\Lib\site-packages\django\db\models\fields\__init__.py first seen with mtime 1730831502.7675388
DEBUG 2024-11-05 22:41:58,865 autoreload File C:\Users\asus\Documents\GitHub\Skillwill-Repository\venv\Lib\site-packages\django\db\models\query.py first seen with mtime 1730831502.7675388
DEBUG 2024-11-05 22:41:58,865 autoreload File C:\Users\asus\Documents\GitHub\Skillwill-Repository\venv\Lib\site-packages\django\contrib\staticfiles\management\commands\runserver.py first seen with mtime 1730831502.661079
DEBUG 2024-11-05 22:41:58,865 autoreload File C:\Users\asus\Documents\GitHub\Skillwill-Repository\venv\Lib\site-packages\django\utils\lorem_ipsum.py first seen with mtime 1730831502.8898306
DEBUG 2024-11-05 22:41:58,865 autoreload File C:\Users\asus\AppData\Local\Programs\Python\Python312\Lib\random.py first seen with mtime 1727741020.0
DEBUG 2024-11-05 22:41:58,873 autoreload File C:\Users\asus\Documents\GitHub\Skillwill-Repository\myproject\testapp\views.py first seen with mtime 1730832117.9657052
DEBUG 2024-11-05 22:41:58,873 autoreload File C:\Users\asus\Documents\GitHub\Skillwill-Repository\venv\Lib\site-packages\django\db\backends\base\introspection.py first seen with mtime 1730831502.71814
DEBUG 2024-11-05 22:41:58,873 autoreload File C:\Users\asus\AppData\Local\Programs\Python\Python312\Lib\bisect.py first seen with mtime 1727741020.0
DEBUG 2024-11-05 22:41:58,873 autoreload File C:\Users\asus\AppData\Local\Programs\Python\Python312\Lib\wsgiref\util.py first seen with mtime 1727741020.0
DEBUG 2024-11-05 22:41:58,873 autoreload File C:\Users\asus\Documents\GitHub\Skillwill-Repository\venv\Lib\site-packages\django\utils\datastructures.py first seen with mtime 1730831502.8816814
DEBUG 2024-11-05 22:41:58,873 autoreload File C:\Users\asus\AppData\Local\Programs\Python\Python312\DLLs\_ctypes.pyd first seen with mtime 1727741072.0
DEBUG 2024-11-05 22:41:58,873 autoreload File C:\Users\asus\AppData\Local\Programs\Python\Python312\Lib\email\generator.py first seen with mtime 1727741020.0
DEBUG 2024-11-05 22:41:58,873 autoreload File C:\Users\asus\Documents\GitHub\Skillwill-Repository\venv\Lib\site-packages\django\views\generic\edit.py first seen with mtime 1730831502.9142425
DEBUG 2024-11-05 22:41:58,873 autoreload File C:\Users\asus\Documents\GitHub\Skillwill-Repository\venv\Lib\site-packages\django\views\decorators\common.py first seen with mtime 1730831502.9060154
DEBUG 2024-11-05 22:41:58,873 autoreload File C:\Users\asus\Documents\GitHub\Skillwill-Repository\venv\Lib\site-packages\django\utils\text.py first seen with mtime 1730831502.8978357
DEBUG 2024-11-05 22:41:58,873 autoreload File C:\Users\asus\AppData\Local\Programs\Python\Python312\Lib\urllib\parse.py first seen with mtime 1727741020.0
DEBUG 2024-11-05 22:41:58,873 autoreload File C:\Users\asus\Documents\GitHub\Skillwill-Repository\venv\Lib\site-packages\django\core\checks\security\csrf.py first seen with mtime 1730831502.6773446
DEBUG 2024-11-05 22:41:58,873 autoreload File C:\Users\asus\Documents\GitHub\Skillwill-Repository\venv\Lib\site-packages\django\middleware\__init__.py first seen with mtime 1730831502.840971
DEBUG 2024-11-05 22:41:58,873 autoreload File C:\Users\asus\AppData\Local\Programs\Python\Python312\Lib\concurrent\futures\thread.py first seen with mtime 1727741020.0
DEBUG 2024-11-05 22:41:58,873 autoreload File C:\Users\asus\Documents\GitHub\Skillwill-Repository\myproject\manage.py first seen with mtime 1730831271.3234713
DEBUG 2024-11-05 22:41:58,873 autoreload File C:\Users\asus\AppData\Local\Programs\Python\Python312\Lib\html\entities.py first seen with mtime 1727741020.0
DEBUG 2024-11-05 22:41:58,873 autoreload File C:\Users\asus\Documents\GitHub\Skillwill-Repository\venv\Lib\site-packages\django\__init__.py first seen with mtime 1730831500.8356884
DEBUG 2024-11-05 22:41:58,873 autoreload File C:\Users\asus\AppData\Local\Programs\Python\Python312\Lib\hashlib.py first seen with mtime 1727741020.0
DEBUG 2024-11-05 22:41:58,873 autoreload File C:\Users\asus\Documents\GitHub\Skillwill-Repository\venv\Lib\site-packages\django\urls\utils.py first seen with mtime 1730831502.8735144
DEBUG 2024-11-05 22:41:58,873 autoreload File C:\Users\asus\Documents\GitHub\Skillwill-Repository\venv\Lib\site-packages\django\db\backends\base\creation.py first seen with mtime 1730831502.71814
DEBUG 2024-11-05 22:41:58,873 autoreload File C:\Users\asus\AppData\Local\Programs\Python\Python312\Lib\fractions.py first seen with mtime 1727741020.0
DEBUG 2024-11-05 22:41:58,873 autoreload File C:\Users\asus\Documents\GitHub\Skillwill-Repository\venv\Lib\site-packages\django\core\handlers\wsgi.py first seen with mtime 1730831502.685556
DEBUG 2024-11-05 22:41:58,873 autoreload File C:\Users\asus\Documents\GitHub\Skillwill-Repository\venv\Lib\site-packages\django\core\checks\compatibility\__init__.py first seen with mtime 1730831502.6773446
DEBUG 2024-11-05 22:41:58,873 autoreload File C:\Users\asus\Documents\GitHub\Skillwill-Repository\venv\Lib\site-packages\django\conf\global_settings.py first seen with mtime 1730831500.84398
DEBUG 2024-11-05 22:41:58,873 autoreload File C:\Users\asus\Documents\GitHub\Skillwill-Repository\venv\Lib\site-packages\django\core\management\commands\__init__.py first seen with mtime 1730831502.7021365
DEBUG 2024-11-05 22:41:58,873 autoreload File C:\Users\asus\AppData\Local\Programs\Python\Python312\Lib\http\client.py first seen with mtime 1727741020.0
DEBUG 2024-11-05 22:41:58,873 autoreload File C:\Users\asus\AppData\Local\Programs\Python\Python312\Lib\email\mime\message.py first seen with mtime 1727741020.0
DEBUG 2024-11-05 22:41:58,873 autoreload File C:\Users\asus\Documents\GitHub\Skillwill-Repository\venv\Lib\site-packages\django\core\exceptions.py first seen with mtime 1730831502.661079
DEBUG 2024-11-05 22:41:58,881 autoreload File C:\Users\asus\Documents\GitHub\Skillwill-Repository\venv\Lib\site-packages\sqlparse\filters\others.py first seen with mtime 1730831500.7046127
DEBUG 2024-11-05 22:41:58,881 autoreload File C:\Users\asus\AppData\Local\Programs\Python\Python312\Lib\email\base64mime.py first seen with mtime 1727741020.0
DEBUG 2024-11-05 22:41:58,881 autoreload File C:\Users\asus\Documents\GitHub\Skillwill-Repository\venv\Lib\site-packages\django\contrib\admin\filters.py first seen with mtime 1730831500.9746346
DEBUG 2024-11-05 22:41:58,881 autoreload File C:\Users\asus\Documents\GitHub\Skillwill-Repository\venv\Lib\site-packages\django\contrib\admin\utils.py first seen with mtime 1730831500.9832053
DEBUG 2024-11-05 22:41:58,881 autoreload File C:\Users\asus\Documents\GitHub\Skillwill-Repository\venv\Lib\site-packages\django\core\checks\translation.py first seen with mtime 1730831502.6773446
DEBUG 2024-11-05 22:41:58,881 autoreload File C:\Users\asus\Documents\GitHub\Skillwill-Repository\venv\Lib\site-packages\django\db\models\sql\datastructures.py first seen with mtime 1730831502.7835422
DEBUG 2024-11-05 22:41:58,881 autoreload File C:\Users\asus\Documents\GitHub\Skillwill-Repository\venv\Lib\site-packages\django\db\backends\ddl_references.py first seen with mtime 1730831502.71814
DEBUG 2024-11-05 22:41:58,881 autoreload File C:\Users\asus\AppData\Local\Programs\Python\Python312\Lib\email\charset.py first seen with mtime 1727741020.0
DEBUG 2024-11-05 22:41:58,881 autoreload File C:\Users\asus\Documents\GitHub\Skillwill-Repository\venv\Lib\site-packages\django\core\management\__init__.py first seen with mtime 1730831502.6939147
DEBUG 2024-11-05 22:41:58,881 autoreload File C:\Users\asus\Documents\GitHub\Skillwill-Repository\venv\Lib\site-packages\django\contrib\messages\api.py first seen with mtime 1730831502.0137508
DEBUG 2024-11-05 22:41:58,881 autoreload File C:\Users\asus\Documents\GitHub\Skillwill-Repository\venv\Lib\site-packages\django\db\models\constants.py first seen with mtime 1730831502.7595358
DEBUG 2024-11-05 22:41:58,881 autoreload File C:\Users\asus\Documents\GitHub\Skillwill-Repository\myproject\testapp\models.py first seen with mtime 1730831707.0602791
DEBUG 2024-11-05 22:41:58,881 autoreload File C:\Users\asus\AppData\Local\Programs\Python\Python312\Lib\inspect.py first seen with mtime 1727741020.0
DEBUG 2024-11-05 22:41:58,881 autoreload File C:\Users\asus\Documents\GitHub\Skillwill-Repository\venv\Lib\site-packages\django\contrib\contenttypes\fields.py first seen with mtime 1730831501.4260552
DEBUG 2024-11-05 22:41:58,886 autoreload File C:\Users\asus\AppData\Local\Programs\Python\Python312\Lib\asyncio\base_subprocess.py first seen with mtime 1727741020.0
DEBUG 2024-11-05 22:41:58,886 autoreload File C:\Users\asus\Documents\GitHub\Skillwill-Repository\venv\Lib\site-packages\django\contrib\auth\validators.py first seen with mtime 1730831501.316571
DEBUG 2024-11-05 22:41:58,886 autoreload File C:\Users\asus\Documents\GitHub\Skillwill-Repository\venv\Lib\site-packages\django\contrib\admin\decorators.py first seen with mtime 1730831500.9746346
DEBUG 2024-11-05 22:41:58,886 autoreload File C:\Users\asus\Documents\GitHub\Skillwill-Repository\venv\Lib\site-packages\django\utils\autoreload.py first seen with mtime 1730831502.8735144
DEBUG 2024-11-05 22:41:58,886 autoreload File C:\Users\asus\AppData\Local\Programs\Python\Python312\Lib\asyncio\futures.py first seen with mtime 1727741020.0
DEBUG 2024-11-05 22:41:58,886 autoreload File C:\Users\asus\Documents\GitHub\Skillwill-Repository\venv\Lib\site-packages\django\template\defaultfilters.py first seen with mtime 1730831502.8510563
DEBUG 2024-11-05 22:41:58,886 autoreload File C:\Users\asus\Documents\GitHub\Skillwill-Repository\venv\Lib\site-packages\django\contrib\admin\sites.py first seen with mtime 1730831500.9832053
DEBUG 2024-11-05 22:41:58,886 autoreload File C:\Users\asus\AppData\Local\Programs\Python\Python312\Lib\asyncio\format_helpers.py first seen with mtime 1727741020.0
DEBUG 2024-11-05 22:41:58,886 autoreload File C:\Users\asus\AppData\Local\Programs\Python\Python312\Lib\sqlite3\dbapi2.py first seen with mtime 1727741020.0
DEBUG 2024-11-05 22:41:58,886 autoreload File C:\Users\asus\Documents\GitHub\Skillwill-Repository\venv\Lib\site-packages\django\urls\base.py first seen with mtime 1730831502.8735144
DEBUG 2024-11-05 22:41:58,886 autoreload File C:\Users\asus\Documents\GitHub\Skillwill-Repository\venv\Lib\site-packages\django\contrib\sessions\base_session.py first seen with mtime 1730831502.317336
DEBUG 2024-11-05 22:41:58,886 autoreload File C:\Users\asus\Documents\GitHub\Skillwill-Repository\venv\Lib\site-packages\django\utils\dateformat.py first seen with mtime 1730831502.8816814
DEBUG 2024-11-05 22:41:58,886 autoreload File C:\Users\asus\Documents\GitHub\Skillwill-Repository\venv\Lib\site-packages\django\views\__init__.py first seen with mtime 1730831502.9060154
DEBUG 2024-11-05 22:41:58,889 autoreload File C:\Users\asus\Documents\GitHub\Skillwill-Repository\venv\Lib\site-packages\django\views\generic\list.py first seen with mtime 1730831502.9142425
DEBUG 2024-11-05 22:41:58,889 autoreload File C:\Users\asus\AppData\Local\Programs\Python\Python312\Lib\sysconfig.py first seen with mtime 1727741020.0
DEBUG 2024-11-05 22:41:58,889 autoreload File C:\Users\asus\Documents\GitHub\Skillwill-Repository\venv\Lib\site-packages\sqlparse\lexer.py first seen with mtime 1730831500.7046127
DEBUG 2024-11-05 22:41:58,889 autoreload File C:\Users\asus\AppData\Local\Programs\Python\Python312\Lib\email\_header_value_parser.py first seen with mtime 1727741020.0
DEBUG 2024-11-05 22:41:58,889 autoreload File C:\Users\asus\Documents\GitHub\Skillwill-Repository\venv\Lib\site-packages\django\core\management\commands\runserver.py first seen with mtime 1730831502.7021365
DEBUG 2024-11-05 22:41:58,889 autoreload File C:\Users\asus\Documents\GitHub\Skillwill-Repository\venv\Lib\site-packages\django\db\models\sql\query.py first seen with mtime 1730831502.7835422
DEBUG 2024-11-05 22:41:58,889 autoreload File C:\Users\asus\Documents\GitHub\Skillwill-Repository\venv\Lib\site-packages\django\contrib\auth\apps.py first seen with mtime 1730831501.3027675
DEBUG 2024-11-05 22:41:58,889 autoreload File C:\Users\asus\Documents\GitHub\Skillwill-Repository\venv\Lib\site-packages\django\core\__init__.py first seen with mtime 1730831502.661079
DEBUG 2024-11-05 22:41:58,889 autoreload File C:\Users\asus\Documents\GitHub\Skillwill-Repository\venv\Lib\site-packages\django\views\generic\detail.py first seen with mtime 1730831502.9142425
DEBUG 2024-11-05 22:41:58,889 autoreload File C:\Users\asus\AppData\Local\Programs\Python\Python312\Lib\email\encoders.py first seen with mtime 1727741020.0
DEBUG 2024-11-05 22:41:58,889 autoreload File C:\Users\asus\Documents\GitHub\Skillwill-Repository\venv\Lib\site-packages\django\template\backends\base.py first seen with mtime 1730831502.857064
DEBUG 2024-11-05 22:41:58,889 autoreload File C:\Users\asus\Documents\GitHub\Skillwill-Repository\venv\Lib\site-packages\django\template\loader_tags.py first seen with mtime 1730831502.857064
DEBUG 2024-11-05 22:41:58,889 autoreload File C:\Users\asus\Documents\GitHub\Skillwill-Repository\venv\Lib\site-packages\django\contrib\admin\widgets.py first seen with mtime 1730831500.9832053
DEBUG 2024-11-05 22:41:58,889 autoreload File C:\Users\asus\Documents\GitHub\Skillwill-Repository\venv\Lib\site-packages\django\db\backends\base\schema.py first seen with mtime 1730831502.71814
DEBUG 2024-11-05 22:41:58,889 autoreload File C:\Users\asus\AppData\Local\Programs\Python\Python312\Lib\asyncio\log.py first seen with mtime 1727741020.0
DEBUG 2024-11-05 22:41:58,889 autoreload File C:\Users\asus\Documents\GitHub\Skillwill-Repository\venv\Lib\site-packages\django\template\autoreload.py first seen with mtime 1730831502.8510563
DEBUG 2024-11-05 22:41:58,889 autoreload File C:\Users\asus\Documents\GitHub\Skillwill-Repository\venv\Lib\site-packages\django\db\backends\base\client.py first seen with mtime 1730831502.71814
DEBUG 2024-11-05 22:41:58,889 autoreload File C:\Users\asus\Documents\GitHub\Skillwill-Repository\venv\Lib\site-packages\django\utils\crypto.py first seen with mtime 1730831502.8816814
DEBUG 2024-11-05 22:41:58,889 autoreload File C:\Users\asus\Documents\GitHub\Skillwill-Repository\venv\Lib\site-packages\django\utils\http.py first seen with mtime 1730831502.8898306
DEBUG 2024-11-05 22:41:58,889 autoreload File C:\Users\asus\Documents\GitHub\Skillwill-Repository\venv\Lib\site-packages\django\db\models\fields\related_lookups.py first seen with mtime 1730831502.7755375
DEBUG 2024-11-05 22:41:58,889 autoreload File C:\Users\asus\AppData\Local\Programs\Python\Python312\Lib\email\mime\text.py first seen with mtime 1727741020.0
DEBUG 2024-11-05 22:41:58,889 autoreload File C:\Users\asus\Documents\GitHub\Skillwill-Repository\venv\Lib\site-packages\django\db\transaction.py first seen with mtime 1730831502.7101398
DEBUG 2024-11-05 22:41:58,889 autoreload File C:\Users\asus\AppData\Local\Programs\Python\Python312\Lib\http\cookies.py first seen with mtime 1727741020.0
DEBUG 2024-11-05 22:41:58,889 autoreload File C:\Users\asus\AppData\Local\Programs\Python\Python312\Lib\dis.py first seen with mtime 1727741020.0
DEBUG 2024-11-05 22:41:58,889 autoreload File C:\Users\asus\Documents\GitHub\Skillwill-Repository\venv\Lib\site-packages\django\db\models\constraints.py first seen with mtime 1730831502.7595358
DEBUG 2024-11-05 22:41:58,889 autoreload File C:\Users\asus\AppData\Local\Programs\Python\Python312\Lib\email\errors.py first seen with mtime 1727741020.0
DEBUG 2024-11-05 22:41:58,889 autoreload File C:\Users\asus\Documents\GitHub\Skillwill-Repository\venv\Lib\site-packages\django\forms\formsets.py first seen with mtime 1730831502.7918208
DEBUG 2024-11-05 22:41:58,889 autoreload File C:\Users\asus\Documents\GitHub\Skillwill-Repository\venv\Lib\site-packages\django\utils\asyncio.py first seen with mtime 1730831502.8735144
DEBUG 2024-11-05 22:41:58,897 autoreload File C:\Users\asus\Documents\GitHub\Skillwill-Repository\myproject\myproject\__init__.py first seen with mtime 1730831271.3234713
DEBUG 2024-11-05 22:41:58,897 autoreload File C:\Users\asus\Documents\GitHub\Skillwill-Repository\venv\Lib\site-packages\django\core\checks\urls.py first seen with mtime 1730831502.6773446
DEBUG 2024-11-05 22:41:58,897 autoreload File C:\Users\asus\Documents\GitHub\Skillwill-Repository\venv\Lib\site-packages\django\db\backends\sqlite3\schema.py first seen with mtime 1730831502.7344658
DEBUG 2024-11-05 22:41:58,897 autoreload File C:\Users\asus\AppData\Local\Programs\Python\Python312\Lib\asyncio\base_tasks.py first seen with mtime 1727741020.0
DEBUG 2024-11-05 22:41:58,897 autoreload File C:\Users\asus\Documents\GitHub\Skillwill-Repository\venv\Lib\site-packages\django\contrib\auth\checks.py first seen with mtime 1730831501.3027675
DEBUG 2024-11-05 22:41:58,897 autoreload File C:\Users\asus\Documents\GitHub\Skillwill-Repository\venv\Lib\site-packages\django\core\servers\__init__.py first seen with mtime 1730831502.7101398
DEBUG 2024-11-05 22:41:58,897 autoreload File C:\Users\asus\Documents\GitHub\Skillwill-Repository\venv\Lib\site-packages\django\template\utils.py first seen with mtime 1730831502.857064
DEBUG 2024-11-05 22:41:58,897 autoreload File C:\Users\asus\Documents\GitHub\Skillwill-Repository\venv\Lib\site-packages\django\utils\timezone.py first seen with mtime 1730831502.8978357
DEBUG 2024-11-05 22:41:58,897 autoreload File C:\Users\asus\AppData\Local\Programs\Python\Python312\Lib\quopri.py first seen with mtime 1727741020.0
DEBUG 2024-11-05 22:41:58,897 autoreload File C:\Users\asus\AppData\Local\Programs\Python\Python312\Lib\multiprocessing\context.py first seen with mtime 1727741020.0
DEBUG 2024-11-05 22:41:58,897 autoreload File C:\Users\asus\Documents\GitHub\Skillwill-Repository\venv\Lib\site-packages\django\forms\boundfield.py first seen with mtime 1730831502.7918208
DEBUG 2024-11-05 22:41:58,897 autoreload File C:\Users\asus\Documents\GitHub\Skillwill-Repository\venv\Lib\site-packages\django\contrib\messages\storage\__init__.py first seen with mtime 1730831502.0137508
DEBUG 2024-11-05 22:41:58,897 autoreload File C:\Users\asus\AppData\Local\Programs\Python\Python312\Lib\tokenize.py first seen with mtime 1727741020.0
DEBUG 2024-11-05 22:41:58,897 autoreload File C:\Users\asus\Documents\GitHub\Skillwill-Repository\venv\Lib\site-packages\django\core\checks\caches.py first seen with mtime 1730831502.6693428
DEBUG 2024-11-05 22:41:58,897 autoreload File C:\Users\asus\Documents\GitHub\Skillwill-Repository\venv\Lib\site-packages\django\db\models\functions\text.py first seen with mtime 1730831502.7835422
DEBUG 2024-11-05 22:41:58,897 autoreload File C:\Users\asus\Documents\GitHub\Skillwill-Repository\venv\Lib\site-packages\django\core\files\uploadedfile.py first seen with mtime 1730831502.685556
DEBUG 2024-11-05 22:41:58,897 autoreload File C:\Users\asus\Documents\GitHub\Skillwill-Repository\venv\Lib\site-packages\django\db\__init__.py first seen with mtime 1730831502.7101398
DEBUG 2024-11-05 22:41:58,897 autoreload File C:\Users\asus\Documents\GitHub\Skillwill-Repository\venv\Lib\site-packages\django\utils\timesince.py first seen with mtime 1730831502.8978357
DEBUG 2024-11-05 22:41:58,897 autoreload File C:\Users\asus\AppData\Local\Programs\Python\Python312\Lib\asyncio\constants.py first seen with mtime 1727741020.0
DEBUG 2024-11-05 22:41:58,897 autoreload File C:\Users\asus\Documents\GitHub\Skillwill-Repository\venv\Lib\site-packages\django\core\signing.py first seen with mtime 1730831502.661079
DEBUG 2024-11-05 22:41:58,897 autoreload File C:\Users\asus\Documents\GitHub\Skillwill-Repository\venv\Lib\site-packages\django\core\files\storage\base.py first seen with mtime 1730831502.685556
DEBUG 2024-11-05 22:41:58,897 autoreload File C:\Users\asus\Documents\GitHub\Skillwill-Repository\venv\Lib\site-packages\django\template\library.py first seen with mtime 1730831502.857064
DEBUG 2024-11-05 22:41:58,897 autoreload File C:\Users\asus\AppData\Local\Programs\Python\Python312\Lib\email\mime\base.py first seen with mtime 1727741020.0
DEBUG 2024-11-05 22:41:58,897 autoreload File C:\Users\asus\AppData\Local\Programs\Python\Python312\Lib\asyncio\streams.py first seen with mtime 1727741020.0
DEBUG 2024-11-05 22:41:58,905 autoreload File C:\Users\asus\Documents\GitHub\Skillwill-Repository\venv\Lib\site-packages\django\utils\cache.py first seen with mtime 1730831502.8735144
DEBUG 2024-11-05 22:41:58,905 autoreload File C:\Users\asus\AppData\Local\Programs\Python\Python312\DLLs\_zoneinfo.pyd first seen with mtime 1727741072.0
DEBUG 2024-11-05 22:41:58,905 autoreload File C:\Users\asus\Documents\GitHub\Skillwill-Repository\venv\Lib\site-packages\django\utils\decorators.py first seen with mtime 1730831502.8816814
DEBUG 2024-11-05 22:41:58,905 autoreload File C:\Users\asus\Documents\GitHub\Skillwill-Repository\venv\Lib\site-packages\django\contrib\admin\exceptions.py first seen with mtime 1730831500.9746346
DEBUG 2024-11-05 22:41:58,905 autoreload File C:\Users\asus\Documents\GitHub\Skillwill-Repository\venv\Lib\site-packages\django\template\loaders\filesystem.py first seen with mtime 1730831502.857064
DEBUG 2024-11-05 22:41:58,905 autoreload File C:\Users\asus\AppData\Local\Programs\Python\Python312\Lib\ast.py first seen with mtime 1727741020.0
DEBUG 2024-11-05 22:41:58,905 autoreload File C:\Users\asus\Documents\GitHub\Skillwill-Repository\venv\Lib\site-packages\sqlparse\sql.py first seen with mtime 1730831500.7046127
DEBUG 2024-11-05 22:41:58,905 autoreload File C:\Users\asus\AppData\Local\Programs\Python\Python312\Lib\urllib\error.py first seen with mtime 1727741020.0
DEBUG 2024-11-05 22:41:58,905 autoreload File C:\Users\asus\Documents\GitHub\Skillwill-Repository\venv\Lib\site-packages\django\utils\module_loading.py first seen with mtime 1730831502.8978357
DEBUG 2024-11-05 22:41:58,905 autoreload File C:\Users\asus\Documents\GitHub\Skillwill-Repository\venv\Lib\site-packages\sqlparse\keywords.py first seen with mtime 1730831500.7046127
DEBUG 2024-11-05 22:41:58,905 autoreload File C:\Users\asus\AppData\Local\Programs\Python\Python312\DLLs\_socket.pyd first seen with mtime 1727741072.0
DEBUG 2024-11-05 22:41:58,905 autoreload File C:\Users\asus\Documents\GitHub\Skillwill-Repository\venv\Lib\site-packages\django\utils\dates.py first seen with mtime 1730831502.8816814
DEBUG 2024-11-05 22:41:58,905 autoreload File C:\Users\asus\AppData\Local\Programs\Python\Python312\Lib\platform.py first seen with mtime 1727741020.0
DEBUG 2024-11-05 22:41:58,905 autoreload File C:\Users\asus\Documents\GitHub\Skillwill-Repository\venv\Lib\site-packages\django\core\files\storage\handler.py first seen with mtime 1730831502.685556
DEBUG 2024-11-05 22:41:58,905 autoreload File C:\Users\asus\Documents\GitHub\Skillwill-Repository\venv\Lib\site-packages\django\contrib\sites\shortcuts.py first seen with mtime 1730831502.5138085
DEBUG 2024-11-05 22:41:58,905 autoreload File C:\Users\asus\Documents\GitHub\Skillwill-Repository\venv\Lib\site-packages\django\contrib\contenttypes\management\__init__.py first seen with mtime 1730831501.5395143
DEBUG 2024-11-05 22:41:58,905 autoreload File C:\Users\asus\Documents\GitHub\Skillwill-Repository\venv\Lib\site-packages\django\contrib\sessions\__init__.py first seen with mtime 1730831502.317336
DEBUG 2024-11-05 22:41:58,905 autoreload File C:\Users\asus\Documents\GitHub\Skillwill-Repository\venv\Lib\site-packages\django\forms\widgets.py first seen with mtime 1730831502.7918208
DEBUG 2024-11-05 22:41:58,905 autoreload File C:\Users\asus\Documents\GitHub\Skillwill-Repository\venv\Lib\site-packages\django\db\models\manager.py first seen with mtime 1730831502.7595358
DEBUG 2024-11-05 22:41:58,905 autoreload File C:\Users\asus\Documents\GitHub\Skillwill-Repository\venv\Lib\site-packages\django\db\models\functions\datetime.py first seen with mtime 1730831502.7755375
DEBUG 2024-11-05 22:41:58,905 autoreload File C:\Users\asus\Documents\GitHub\Skillwill-Repository\venv\Lib\site-packages\django\contrib\sessions\middleware.py first seen with mtime 1730831502.317336
DEBUG 2024-11-05 22:41:58,905 autoreload File C:\Users\asus\Documents\GitHub\Skillwill-Repository\venv\Lib\site-packages\django\contrib\staticfiles\checks.py first seen with mtime 1730831502.6529233
DEBUG 2024-11-05 22:41:58,905 autoreload File C:\Users\asus\AppData\Local\Programs\Python\Python312\Lib\asyncio\windows_utils.py first seen with mtime 1727741020.0
DEBUG 2024-11-05 22:41:58,905 autoreload File C:\Users\asus\Documents\GitHub\Skillwill-Repository\venv\Lib\site-packages\django\db\models\fields\json.py first seen with mtime 1730831502.7675388
DEBUG 2024-11-05 22:41:58,905 autoreload File C:\Users\asus\Documents\GitHub\Skillwill-Repository\venv\Lib\site-packages\django\db\models\enums.py first seen with mtime 1730831502.7595358
DEBUG 2024-11-05 22:41:58,905 autoreload File C:\Users\asus\Documents\GitHub\Skillwill-Repository\venv\Lib\site-packages\django\core\checks\model_checks.py first seen with mtime 1730831502.6693428
DEBUG 2024-11-05 22:41:58,905 autoreload File C:\Users\asus\Documents\GitHub\Skillwill-Repository\venv\Lib\site-packages\django\contrib\sessions\exceptions.py first seen with mtime 1730831502.317336
DEBUG 2024-11-05 22:41:58,914 autoreload File C:\Users\asus\Documents\GitHub\Skillwill-Repository\venv\Lib\site-packages\django\utils\tree.py first seen with mtime 1730831502.8978357
DEBUG 2024-11-05 22:41:58,914 autoreload File C:\Users\asus\Documents\GitHub\Skillwill-Repository\myproject\testapp\admin.py first seen with mtime 1730831707.052183
DEBUG 2024-11-05 22:41:58,914 autoreload File C:\Users\asus\Documents\GitHub\Skillwill-Repository\venv\Lib\site-packages\django\contrib\auth\base_user.py first seen with mtime 1730831501.3027675
DEBUG 2024-11-05 22:41:58,914 autoreload File C:\Users\asus\Documents\GitHub\Skillwill-Repository\venv\Lib\site-packages\django\contrib\messages\constants.py first seen with mtime 1730831502.0137508
DEBUG 2024-11-05 22:41:58,914 autoreload File C:\Users\asus\Documents\GitHub\Skillwill-Repository\venv\Lib\site-packages\django\core\checks\security\sessions.py first seen with mtime 1730831502.6773446
DEBUG 2024-11-05 22:41:58,914 autoreload File C:\Users\asus\Documents\GitHub\Skillwill-Repository\venv\Lib\site-packages\django\db\models\base.py first seen with mtime 1730831502.7592874
DEBUG 2024-11-05 22:41:58,914 autoreload File C:\Users\asus\Documents\GitHub\Skillwill-Repository\venv\Lib\site-packages\django\contrib\sessions\backends\base.py first seen with mtime 1730831502.317336
DEBUG 2024-11-05 22:41:58,914 autoreload File C:\Users\asus\AppData\Local\Programs\Python\Python312\Lib\email\iterators.py first seen with mtime 1727741020.0
DEBUG 2024-11-05 22:41:58,914 autoreload File C:\Users\asus\Documents\GitHub\Skillwill-Repository\venv\Lib\site-packages\django\core\wsgi.py first seen with mtime 1730831502.661079
DEBUG 2024-11-05 22:41:58,914 autoreload File C:\Users\asus\Documents\GitHub\Skillwill-Repository\venv\Lib\site-packages\django\middleware\cache.py first seen with mtime 1730831502.840971
DEBUG 2024-11-05 22:41:58,914 autoreload File C:\Users\asus\AppData\Local\Programs\Python\Python312\Lib\email\mime\multipart.py first seen with mtime 1727741020.0
DEBUG 2024-11-05 22:41:58,914 autoreload File C:\Users\asus\AppData\Local\Programs\Python\Python312\Lib\zoneinfo\_tzpath.py first seen with mtime 1727741020.0
DEBUG 2024-11-05 22:41:58,914 autoreload File C:\Users\asus\Documents\GitHub\Skillwill-Repository\venv\Lib\site-packages\sqlparse\exceptions.py first seen with mtime 1730831500.7046127
DEBUG 2024-11-05 22:41:58,914 autoreload File C:\Users\asus\AppData\Local\Programs\Python\Python312\Lib\ssl.py first seen with mtime 1727741020.0
DEBUG 2024-11-05 22:41:58,914 autoreload File C:\Users\asus\Documents\GitHub\Skillwill-Repository\venv\Lib\site-packages\django\contrib\auth\middleware.py first seen with mtime 1730831501.3027675
DEBUG 2024-11-05 22:41:58,914 autoreload File C:\Users\asus\Documents\GitHub\Skillwill-Repository\venv\Lib\site-packages\django\templatetags\static.py first seen with mtime 1730831502.8652
DEBUG 2024-11-05 22:41:58,914 autoreload File C:\Users\asus\AppData\Local\Programs\Python\Python312\Lib\concurrent\futures\_base.py first seen with mtime 1727741020.0
DEBUG 2024-11-05 22:41:58,914 autoreload File C:\Users\asus\Documents\GitHub\Skillwill-Repository\venv\Lib\site-packages\django\core\cache\backends\__init__.py first seen with mtime 1730831502.6693428
DEBUG 2024-11-05 22:41:58,914 autoreload File C:\Users\asus\Documents\GitHub\Skillwill-Repository\venv\Lib\site-packages\django\utils\deprecation.py first seen with mtime 1730831502.8816814
DEBUG 2024-11-05 22:41:58,914 autoreload File C:\Users\asus\Documents\GitHub\Skillwill-Repository\venv\Lib\site-packages\django\contrib\messages\middleware.py first seen with mtime 1730831502.0137508
DEBUG 2024-11-05 22:41:58,914 autoreload File C:\Users\asus\AppData\Local\Programs\Python\Python312\Lib\asyncio\subprocess.py first seen with mtime 1727741020.0
DEBUG 2024-11-05 22:41:58,914 autoreload File C:\Users\asus\AppData\Local\Programs\Python\Python312\Lib\difflib.py first seen with mtime 1727741020.0
DEBUG 2024-11-05 22:41:58,914 autoreload File C:\Users\asus\AppData\Local\Programs\Python\Python312\Lib\asyncio\exceptions.py first seen with mtime 1727741020.0
DEBUG 2024-11-05 22:41:58,914 autoreload File C:\Users\asus\Documents\GitHub\Skillwill-Repository\venv\Lib\site-packages\django\contrib\admin\templatetags\log.py first seen with mtime 1730831501.1962757
DEBUG 2024-11-05 22:41:58,914 autoreload File C:\Users\asus\Documents\GitHub\Skillwill-Repository\venv\Lib\site-packages\django\dispatch\dispatcher.py first seen with mtime 1730831502.7918208
DEBUG 2024-11-05 22:41:58,922 autoreload File C:\Users\asus\AppData\Local\Programs\Python\Python312\DLLs\_sqlite3.pyd first seen with mtime 1727741072.0
DEBUG 2024-11-05 22:41:58,922 autoreload File C:\Users\asus\Documents\GitHub\Skillwill-Repository\venv\Lib\site-packages\django\contrib\contenttypes\forms.py first seen with mtime 1730831501.434059
DEBUG 2024-11-05 22:41:58,922 autoreload File C:\Users\asus\Documents\GitHub\Skillwill-Repository\venv\Lib\site-packages\django\core\files\__init__.py first seen with mtime 1730831502.6773446
DEBUG 2024-11-05 22:41:58,922 autoreload File C:\Users\asus\AppData\Local\Programs\Python\Python312\Lib\queue.py first seen with mtime 1727741020.0
DEBUG 2024-11-05 22:41:58,922 autoreload File C:\Users\asus\Documents\GitHub\Skillwill-Repository\venv\Lib\site-packages\django\db\models\functions\window.py first seen with mtime 1730831502.7835422
DEBUG 2024-11-05 22:41:58,922 autoreload File C:\Users\asus\Documents\GitHub\Skillwill-Repository\venv\Lib\site-packages\django\http\multipartparser.py first seen with mtime 1730831502.840971
DEBUG 2024-11-05 22:41:58,922 autoreload File C:\Users\asus\Documents\GitHub\Skillwill-Repository\venv\Lib\site-packages\django\template\backends\__init__.py first seen with mtime 1730831502.857064
DEBUG 2024-11-05 22:41:58,922 autoreload File C:\Users\asus\Documents\GitHub\Skillwill-Repository\venv\Lib\site-packages\django\template\loader.py first seen with mtime 1730831502.857064
DEBUG 2024-11-05 22:41:58,922 autoreload File C:\Users\asus\Documents\GitHub\Skillwill-Repository\venv\Lib\site-packages\django\contrib\auth\signals.py first seen with mtime 1730831501.316571
DEBUG 2024-11-05 22:41:58,922 autoreload File C:\Users\asus\Documents\GitHub\Skillwill-Repository\venv\Lib\site-packages\django\middleware\csrf.py first seen with mtime 1730831502.840971
DEBUG 2024-11-05 22:41:58,922 autoreload File C:\Users\asus\Documents\GitHub\Skillwill-Repository\venv\Lib\site-packages\django\db\backends\sqlite3\__init__.py first seen with mtime 1730831502.7344658
DEBUG 2024-11-05 22:41:58,922 autoreload File C:\Users\asus\AppData\Local\Programs\Python\Python312\Lib\datetime.py first seen with mtime 1727741020.0
DEBUG 2024-11-05 22:41:58,922 autoreload File C:\Users\asus\Documents\GitHub\Skillwill-Repository\venv\Lib\site-packages\django\db\migrations\operations\base.py first seen with mtime 1730831502.7511473
DEBUG 2024-11-05 22:41:58,922 autoreload File C:\Users\asus\Documents\GitHub\Skillwill-Repository\venv\Lib\site-packages\django\utils\connection.py first seen with mtime 1730831502.8816814
DEBUG 2024-11-05 22:41:58,922 autoreload File C:\Users\asus\Documents\GitHub\Skillwill-Repository\venv\Lib\site-packages\django\contrib\sessions\apps.py first seen with mtime 1730831502.317336
DEBUG 2024-11-05 22:41:58,922 autoreload File C:\Users\asus\Documents\GitHub\Skillwill-Repository\venv\Lib\site-packages\django\views\generic\__init__.py first seen with mtime 1730831502.9142425
DEBUG 2024-11-05 22:41:58,922 autoreload File C:\Users\asus\AppData\Local\Programs\Python\Python312\Lib\numbers.py first seen with mtime 1727741020.0
DEBUG 2024-11-05 22:41:58,922 autoreload File C:\Users\asus\Documents\GitHub\Skillwill-Repository\venv\Lib\site-packages\django\db\backends\sqlite3\_functions.py first seen with mtime 1730831502.7344658
DEBUG 2024-11-05 22:41:58,922 autoreload File C:\Users\asus\AppData\Local\Programs\Python\Python312\DLLs\unicodedata.pyd first seen with mtime 1727741072.0
DEBUG 2024-11-05 22:41:58,922 autoreload File C:\Users\asus\AppData\Local\Programs\Python\Python312\Lib\graphlib.py first seen with mtime 1727741020.0
DEBUG 2024-11-05 22:41:58,922 autoreload File C:\Users\asus\AppData\Local\Programs\Python\Python312\Lib\json\scanner.py first seen with mtime 1727741020.0
DEBUG 2024-11-05 22:41:58,922 autoreload File C:\Users\asus\Documents\GitHub\Skillwill-Repository\venv\Lib\site-packages\django\utils\deconstruct.py first seen with mtime 1730831502.8816814
DEBUG 2024-11-05 22:41:58,922 autoreload File C:\Users\asus\Documents\GitHub\Skillwill-Repository\venv\Lib\site-packages\django\urls\conf.py first seen with mtime 1730831502.8735144
DEBUG 2024-11-05 22:41:58,922 autoreload File C:\Users\asus\Documents\GitHub\Skillwill-Repository\venv\Lib\site-packages\django\core\checks\files.py first seen with mtime 1730831502.6693428
DEBUG 2024-11-05 22:41:58,922 autoreload File C:\Users\asus\AppData\Local\Programs\Python\Python312\Lib\asyncio\threads.py first seen with mtime 1727741020.0
DEBUG 2024-11-05 22:41:58,922 autoreload File C:\Users\asus\Documents\GitHub\Skillwill-Repository\venv\Lib\site-packages\django\core\files\utils.py first seen with mtime 1730831502.685556
DEBUG 2024-11-05 22:41:58,922 autoreload File C:\Users\asus\AppData\Local\Programs\Python\Python312\Lib\asyncio\runners.py first seen with mtime 1727741020.0
DEBUG 2024-11-05 22:41:58,922 autoreload File C:\Users\asus\Documents\GitHub\Skillwill-Repository\venv\Lib\site-packages\django\core\files\locks.py first seen with mtime 1730831502.6773446
DEBUG 2024-11-05 22:41:58,922 autoreload File C:\Users\asus\Documents\GitHub\Skillwill-Repository\venv\Lib\site-packages\django\utils\translation\__init__.py first seen with mtime 1730831502.8978357
DEBUG 2024-11-05 22:41:58,922 autoreload File C:\Users\asus\Documents\GitHub\Skillwill-Repository\venv\Lib\site-packages\django\middleware\clickjacking.py first seen with mtime 1730831502.840971
DEBUG 2024-11-05 22:41:58,930 autoreload File C:\Users\asus\AppData\Local\Programs\Python\Python312\Lib\email\message.py first seen with mtime 1727741020.0
DEBUG 2024-11-05 22:41:58,930 autoreload File C:\Users\asus\Documents\GitHub\Skillwill-Repository\venv\Lib\site-packages\django\utils\_os.py first seen with mtime 1730831502.8735144
DEBUG 2024-11-05 22:41:58,930 autoreload File C:\Users\asus\Documents\GitHub\Skillwill-Repository\venv\Lib\site-packages\django\template\smartif.py first seen with mtime 1730831502.857064
DEBUG 2024-11-05 22:41:58,930 autoreload File C:\Users\asus\AppData\Local\Programs\Python\Python312\Lib\pkgutil.py first seen with mtime 1727741020.0
DEBUG 2024-11-05 22:41:58,930 autoreload File C:\Users\asus\AppData\Local\Programs\Python\Python312\Lib\asyncio\staggered.py first seen with mtime 1727741020.0
DEBUG 2024-11-05 22:41:58,930 autoreload File C:\Users\asus\Documents\GitHub\Skillwill-Repository\venv\Lib\site-packages\django\forms\models.py first seen with mtime 1730831502.7918208
DEBUG 2024-11-05 22:41:58,930 autoreload File C:\Users\asus\Documents\GitHub\Skillwill-Repository\venv\Lib\site-packages\django\contrib\auth\models.py first seen with mtime 1730831501.3107722
DEBUG 2024-11-05 22:41:58,930 autoreload File C:\Users\asus\Documents\GitHub\Skillwill-Repository\venv\Lib\site-packages\django\apps\__init__.py first seen with mtime 1730831500.84398
DEBUG 2024-11-05 22:41:58,930 autoreload File C:\Users\asus\Documents\GitHub\Skillwill-Repository\venv\Lib\site-packages\django\db\models\query_utils.py first seen with mtime 1730831502.7675388
DEBUG 2024-11-05 22:41:58,930 autoreload File C:\Users\asus\Documents\GitHub\Skillwill-Repository\venv\Lib\site-packages\django\core\servers\basehttp.py first seen with mtime 1730831502.7101398
DEBUG 2024-11-05 22:41:58,930 autoreload File C:\Users\asus\AppData\Local\Programs\Python\Python312\DLLs\_bz2.pyd first seen with mtime 1727741072.0
DEBUG 2024-11-05 22:41:58,930 autoreload File C:\Users\asus\Documents\GitHub\Skillwill-Repository\venv\Lib\site-packages\django\core\cache\backends\filebased.py first seen with mtime 1730831502.6693428
DEBUG 2024-11-05 22:41:58,930 autoreload File C:\Users\asus\AppData\Local\Programs\Python\Python312\Lib\heapq.py first seen with mtime 1727741020.0
DEBUG 2024-11-05 22:41:58,930 autoreload File C:\Users\asus\Documents\GitHub\Skillwill-Repository\venv\Lib\site-packages\django\views\decorators\csrf.py first seen with mtime 1730831502.9142425
DEBUG 2024-11-05 22:41:58,930 autoreload File C:\Users\asus\Documents\GitHub\Skillwill-Repository\venv\Lib\site-packages\django\utils\inspect.py first seen with mtime 1730831502.8898306
DEBUG 2024-11-05 22:41:58,930 autoreload File C:\Users\asus\AppData\Local\Programs\Python\Python312\Lib\logging\handlers.py first seen with mtime 1727741020.0
DEBUG 2024-11-05 22:41:58,930 autoreload File C:\Users\asus\AppData\Local\Programs\Python\Python312\Lib\textwrap.py first seen with mtime 1727741020.0
DEBUG 2024-11-05 22:41:58,930 autoreload File C:\Users\asus\AppData\Local\Programs\Python\Python312\Lib\fnmatch.py first seen with mtime 1727741020.0
DEBUG 2024-11-05 22:41:58,930 autoreload File C:\Users\asus\Documents\GitHub\Skillwill-Repository\myproject\myproject\urls.py first seen with mtime 1730831891.0174346
DEBUG 2024-11-05 22:41:58,930 autoreload File C:\Users\asus\Documents\GitHub\Skillwill-Repository\venv\Lib\site-packages\sqlparse\filters\right_margin.py first seen with mtime 1730831500.7046127
DEBUG 2024-11-05 22:41:58,930 autoreload File C:\Users\asus\Documents\GitHub\Skillwill-Repository\venv\Lib\site-packages\django\views\decorators\debug.py first seen with mtime 1730831502.9142425
DEBUG 2024-11-05 22:41:58,930 autoreload File C:\Users\asus\Documents\GitHub\Skillwill-Repository\venv\Lib\site-packages\django\core\checks\compatibility\django_4_0.py first seen with mtime 1730831502.6773446
DEBUG 2024-11-05 22:41:58,930 autoreload File C:\Users\asus\AppData\Local\Programs\Python\Python312\Lib\pprint.py first seen with mtime 1727741020.0
DEBUG 2024-11-05 22:41:58,930 autoreload File C:\Users\asus\AppData\Local\Programs\Python\Python312\Lib\asyncio\base_events.py first seen with mtime 1727741020.0
DEBUG 2024-11-05 22:41:58,930 autoreload File C:\Users\asus\AppData\Local\Programs\Python\Python312\Lib\_compression.py first seen with mtime 1727741020.0
DEBUG 2024-11-05 22:41:58,930 autoreload File C:\Users\asus\AppData\Local\Programs\Python\Python312\DLLs\_lzma.pyd first seen with mtime 1727741072.0
DEBUG 2024-11-05 22:41:58,930 autoreload File C:\Users\asus\AppData\Local\Programs\Python\Python312\Lib\json\__init__.py first seen with mtime 1727741020.0
DEBUG 2024-11-05 22:41:58,930 autoreload File C:\Users\asus\Documents\GitHub\Skillwill-Repository\venv\Lib\site-packages\django\template\__init__.py first seen with mtime 1730831502.8510563
DEBUG 2024-11-05 22:41:58,930 autoreload File C:\Users\asus\AppData\Local\Programs\Python\Python312\Lib\reprlib.py first seen with mtime 1727741020.0
DEBUG 2024-11-05 22:41:58,930 autoreload File C:\Users\asus\Documents\GitHub\Skillwill-Repository\venv\Lib\site-packages\django\db\migrations\operations\models.py first seen with mtime 1730831502.7511473
DEBUG 2024-11-05 22:41:58,930 autoreload File C:\Users\asus\AppData\Local\Programs\Python\Python312\Lib\base64.py first seen with mtime 1727741020.0
DEBUG 2024-11-05 22:41:58,930 autoreload File C:\Users\asus\Documents\GitHub\Skillwill-Repository\venv\Lib\site-packages\sqlparse\filters\__init__.py first seen with mtime 1730831500.7046127
DEBUG 2024-11-05 22:41:58,938 autoreload File C:\Users\asus\AppData\Local\Programs\Python\Python312\Lib\urllib\request.py first seen with mtime 1727741020.0
DEBUG 2024-11-05 22:41:58,938 autoreload File C:\Users\asus\Documents\GitHub\Skillwill-Repository\venv\Lib\site-packages\django\contrib\staticfiles\apps.py first seen with mtime 1730831502.6529233
DEBUG 2024-11-05 22:41:58,938 autoreload File C:\Users\asus\AppData\Local\Programs\Python\Python312\Lib\argparse.py first seen with mtime 1727741020.0
DEBUG 2024-11-05 22:41:58,938 autoreload File C:\Users\asus\Documents\GitHub\Skillwill-Repository\venv\Lib\site-packages\django\utils\__init__.py first seen with mtime 1730831502.8735144
DEBUG 2024-11-05 22:41:58,938 autoreload File C:\Users\asus\Documents\GitHub\Skillwill-Repository\venv\Lib\site-packages\django\http\__init__.py first seen with mtime 1730831502.840971
DEBUG 2024-11-05 22:41:58,938 autoreload File C:\Users\asus\Documents\GitHub\Skillwill-Repository\venv\Lib\site-packages\django\template\loaders\cached.py first seen with mtime 1730831502.857064
DEBUG 2024-11-05 22:41:58,938 autoreload File C:\Users\asus\Documents\GitHub\Skillwill-Repository\venv\Lib\site-packages\django\db\models\fields\mixins.py first seen with mtime 1730831502.7755375
DEBUG 2024-11-05 22:41:58,938 autoreload File C:\Users\asus\Documents\GitHub\Skillwill-Repository\venv\Lib\site-packages\django\contrib\admin\models.py first seen with mtime 1730831500.9832053
DEBUG 2024-11-05 22:41:58,938 autoreload File C:\Users\asus\AppData\Local\Programs\Python\Python312\Lib\glob.py first seen with mtime 1727741020.0
DEBUG 2024-11-05 22:41:58,938 autoreload File C:\Users\asus\Documents\GitHub\Skillwill-Repository\venv\Lib\site-packages\django\conf\urls\__init__.py first seen with mtime 1730831500.9746346
DEBUG 2024-11-05 22:41:58,938 autoreload File C:\Users\asus\AppData\Local\Programs\Python\Python312\DLLs\select.pyd first seen with mtime 1727741072.0
DEBUG 2024-11-05 22:41:58,938 autoreload File C:\Users\asus\AppData\Local\Programs\Python\Python312\Lib\ctypes\wintypes.py first seen with mtime 1727741020.0
DEBUG 2024-11-05 22:41:58,938 autoreload File C:\Users\asus\Documents\GitHub\Skillwill-Repository\venv\Lib\site-packages\django\contrib\admin\checks.py first seen with mtime 1730831500.9746346
DEBUG 2024-11-05 22:41:58,938 autoreload File C:\Users\asus\Documents\GitHub\Skillwill-Repository\venv\Lib\site-packages\django\db\models\utils.py first seen with mtime 1730831502.7675388
DEBUG 2024-11-05 22:41:58,938 autoreload File C:\Users\asus\Documents\GitHub\Skillwill-Repository\venv\Lib\site-packages\django\contrib\auth\tokens.py first seen with mtime 1730831501.316571
DEBUG 2024-11-05 22:41:58,938 autoreload File C:\Users\asus\AppData\Local\Programs\Python\Python312\Lib\calendar.py first seen with mtime 1727741020.0
DEBUG 2024-11-05 22:41:58,938 autoreload File C:\Users\asus\Documents\GitHub\Skillwill-Repository\venv\Lib\site-packages\django\contrib\sessions\models.py first seen with mtime 1730831502.317336
DEBUG 2024-11-05 22:41:58,938 autoreload File C:\Users\asus\Documents\GitHub\Skillwill-Repository\venv\Lib\site-packages\django\template\response.py first seen with mtime 1730831502.857064
DEBUG 2024-11-05 22:41:58,938 autoreload File C:\Users\asus\Documents\GitHub\Skillwill-Repository\venv\Lib\site-packages\django\contrib\admin\__init__.py first seen with mtime 1730831500.9746346
DEBUG 2024-11-05 22:41:58,938 autoreload File C:\Users\asus\Documents\GitHub\Skillwill-Repository\venv\Lib\site-packages\django\conf\locale\__init__.py first seen with mtime 1730831500.8484864
DEBUG 2024-11-05 22:41:58,938 autoreload File C:\Users\asus\Documents\GitHub\Skillwill-Repository\venv\Lib\site-packages\django\template\exceptions.py first seen with mtime 1730831502.857064
DEBUG 2024-11-05 22:41:58,946 autoreload File C:\Users\asus\Documents\GitHub\Skillwill-Repository\venv\Lib\site-packages\django\utils\choices.py first seen with mtime 1730831502.8816814
DEBUG 2024-11-05 22:41:58,946 autoreload File C:\Users\asus\AppData\Local\Programs\Python\Python312\Lib\mimetypes.py first seen with mtime 1727741020.0
DEBUG 2024-11-05 22:41:58,946 autoreload File C:\Users\asus\Documents\GitHub\Skillwill-Repository\venv\Lib\site-packages\django\utils\formats.py first seen with mtime 1730831502.8816814
DEBUG 2024-11-05 22:41:58,946 autoreload File C:\Users\asus\Documents\GitHub\Skillwill-Repository\venv\Lib\site-packages\django\core\mail\message.py first seen with mtime 1730831502.6939147
DEBUG 2024-11-05 22:41:58,946 autoreload File C:\Users\asus\Documents\GitHub\Skillwill-Repository\venv\Lib\site-packages\django\forms\forms.py first seen with mtime 1730831502.7918208
DEBUG 2024-11-05 22:41:58,946 autoreload File C:\Users\asus\Documents\GitHub\Skillwill-Repository\venv\Lib\site-packages\django\db\backends\sqlite3\base.py first seen with mtime 1730831502.7344658
DEBUG 2024-11-05 22:41:58,946 autoreload File C:\Users\asus\Documents\GitHub\Skillwill-Repository\venv\Lib\site-packages\django\db\models\signals.py first seen with mtime 1730831502.7675388
DEBUG 2024-11-05 22:41:58,946 autoreload File C:\Users\asus\Documents\GitHub\Skillwill-Repository\venv\Lib\site-packages\django\db\models\functions\comparison.py first seen with mtime 1730831502.7755375
DEBUG 2024-11-05 22:41:58,946 autoreload File C:\Users\asus\Documents\GitHub\Skillwill-Repository\venv\Lib\site-packages\django\db\backends\signals.py first seen with mtime 1730831502.71814
DEBUG 2024-11-05 22:41:58,946 autoreload File C:\Users\asus\Documents\GitHub\Skillwill-Repository\venv\Lib\site-packages\django\core\files\temp.py first seen with mtime 1730831502.685556
DEBUG 2024-11-05 22:41:58,946 autoreload File C:\Users\asus\Documents\GitHub\Skillwill-Repository\venv\Lib\site-packages\django\db\models\aggregates.py first seen with mtime 1730831502.7511473
DEBUG 2024-11-05 22:41:58,946 autoreload File C:\Users\asus\Documents\GitHub\Skillwill-Repository\venv\Lib\site-packages\django\views\generic\dates.py first seen with mtime 1730831502.9142425
DEBUG 2024-11-05 22:41:58,946 autoreload File C:\Users\asus\Documents\GitHub\Skillwill-Repository\venv\Lib\site-packages\django\contrib\sites\requests.py first seen with mtime 1730831502.5138085
DEBUG 2024-11-05 22:41:58,946 autoreload File C:\Users\asus\Documents\GitHub\Skillwill-Repository\venv\Lib\site-packages\django\core\checks\templates.py first seen with mtime 1730831502.6693428
DEBUG 2024-11-05 22:41:58,946 autoreload File C:\Users\asus\Documents\GitHub\Skillwill-Repository\venv\Lib\site-packages\django\core\checks\registry.py first seen with mtime 1730831502.6693428
DEBUG 2024-11-05 22:41:58,946 autoreload File C:\Users\asus\Documents\GitHub\Skillwill-Repository\venv\Lib\site-packages\asgiref\sync.py first seen with mtime 1730831500.7862368
DEBUG 2024-11-05 22:41:58,946 autoreload File C:\Users\asus\AppData\Local\Programs\Python\Python312\Lib\asyncio\tasks.py first seen with mtime 1727741020.0
DEBUG 2024-11-05 22:41:58,946 autoreload File C:\Users\asus\Documents\GitHub\Skillwill-Repository\venv\Lib\site-packages\django\db\models\sql\where.py first seen with mtime 1730831502.7918208
DEBUG 2024-11-05 22:41:58,946 autoreload File C:\Users\asus\AppData\Local\Programs\Python\Python312\Lib\asyncio\sslproto.py first seen with mtime 1727741020.0
DEBUG 2024-11-05 22:41:58,946 autoreload File C:\Users\asus\AppData\Local\Programs\Python\Python312\Lib\socket.py first seen with mtime 1727741020.0
DEBUG 2024-11-05 22:41:58,946 autoreload File C:\Users\asus\Documents\GitHub\Skillwill-Repository\venv\Lib\site-packages\django\utils\log.py first seen with mtime 1730831502.8898306
DEBUG 2024-11-05 22:41:58,946 autoreload File C:\Users\asus\AppData\Local\Programs\Python\Python312\DLLs\_queue.pyd first seen with mtime 1727741072.0
DEBUG 2024-11-05 22:41:58,946 autoreload File C:\Users\asus\Documents\GitHub\Skillwill-Repository\venv\Lib\site-packages\django\templatetags\l10n.py first seen with mtime 1730831502.8652
DEBUG 2024-11-05 22:41:58,946 autoreload File C:\Users\asus\AppData\Local\Programs\Python\Python312\Lib\email\quoprimime.py first seen with mtime 1727741020.0
DEBUG 2024-11-05 22:41:58,946 autoreload File C:\Users\asus\Documents\GitHub\Skillwill-Repository\venv\Lib\site-packages\django\contrib\__init__.py first seen with mtime 1730831500.9746346
DEBUG 2024-11-05 22:41:58,946 autoreload File C:\Users\asus\Documents\GitHub\Skillwill-Repository\venv\Lib\site-packages\django\template\loaders\__init__.py first seen with mtime 1730831502.857064
DEBUG 2024-11-05 22:41:58,954 autoreload File C:\Users\asus\Documents\GitHub\Skillwill-Repository\venv\Lib\site-packages\django\utils\translation\trans_real.py first seen with mtime 1730831502.9060154
DEBUG 2024-11-05 22:41:58,954 autoreload File C:\Users\asus\AppData\Local\Programs\Python\Python312\Lib\tempfile.py first seen with mtime 1727741020.0
DEBUG 2024-11-05 22:41:58,954 autoreload File C:\Users\asus\Documents\GitHub\Skillwill-Repository\venv\Lib\site-packages\django\views\debug.py first seen with mtime 1730831502.9060154
DEBUG 2024-11-05 22:41:58,954 autoreload File C:\Users\asus\Documents\GitHub\Skillwill-Repository\venv\Lib\site-packages\django\contrib\auth\hashers.py first seen with mtime 1730831501.3027675
DEBUG 2024-11-05 22:41:58,954 autoreload File C:\Users\asus\AppData\Local\Programs\Python\Python312\Lib\string.py first seen with mtime 1727741020.0
DEBUG 2024-11-05 22:41:58,954 autoreload File C:\Users\asus\Documents\GitHub\Skillwill-Repository\venv\Lib\site-packages\django\contrib\staticfiles\management\__init__.py first seen with mtime 1730831502.661079
DEBUG 2024-11-05 22:41:58,954 autoreload File C:\Users\asus\AppData\Local\Programs\Python\Python312\Lib\asyncio\taskgroups.py first seen with mtime 1727741020.0
DEBUG 2024-11-05 22:41:58,954 autoreload File C:\Users\asus\AppData\Local\Programs\Python\Python312\Lib\typing.py first seen with mtime 1727741020.0
DEBUG 2024-11-05 22:41:58,954 autoreload File C:\Users\asus\Documents\GitHub\Skillwill-Repository\venv\Lib\site-packages\django\contrib\contenttypes\__init__.py first seen with mtime 1730831501.4260552
DEBUG 2024-11-05 22:41:58,954 autoreload File C:\Users\asus\AppData\Local\Programs\Python\Python312\Lib\asyncio\coroutines.py first seen with mtime 1727741020.0
DEBUG 2024-11-05 22:41:58,954 autoreload File C:\Users\asus\AppData\Local\Programs\Python\Python312\Lib\types.py first seen with mtime 1727741020.0
DEBUG 2024-11-05 22:41:58,954 autoreload File C:\Users\asus\Documents\GitHub\Skillwill-Repository\venv\Lib\site-packages\django\contrib\messages\apps.py first seen with mtime 1730831502.0137508
DEBUG 2024-11-05 22:41:58,954 autoreload File C:\Users\asus\Documents\GitHub\Skillwill-Repository\venv\Lib\site-packages\django\core\files\storage\memory.py first seen with mtime 1730831502.685556
DEBUG 2024-11-05 22:41:58,954 autoreload File C:\Users\asus\Documents\GitHub\Skillwill-Repository\venv\Lib\site-packages\django\core\files\storage\mixins.py first seen with mtime 1730831502.685556
DEBUG 2024-11-05 22:41:58,954 autoreload File C:\Users\asus\Documents\GitHub\Skillwill-Repository\venv\Lib\site-packages\django\utils\encoding.py first seen with mtime 1730831502.8816814
DEBUG 2024-11-05 22:41:58,954 autoreload File C:\Users\asus\AppData\Local\Programs\Python\Python312\Lib\selectors.py first seen with mtime 1727741020.0
DEBUG 2024-11-05 22:41:58,954 autoreload File C:\Users\asus\Documents\GitHub\Skillwill-Repository\venv\Lib\site-packages\django\contrib\admin\views\main.py first seen with mtime 1730831501.1962757
DEBUG 2024-11-05 22:41:58,954 autoreload File C:\Users\asus\Documents\GitHub\Skillwill-Repository\venv\Lib\site-packages\django\core\files\images.py first seen with mtime 1730831502.6773446
DEBUG 2024-11-05 22:41:58,954 autoreload File C:\Users\asus\Documents\GitHub\Skillwill-Repository\venv\Lib\site-packages\django\http\cookie.py first seen with mtime 1730831502.840971
DEBUG 2024-11-05 22:41:58,954 autoreload File C:\Users\asus\Documents\GitHub\Skillwill-Repository\venv\Lib\site-packages\django\contrib\contenttypes\models.py first seen with mtime 1730831501.434205
DEBUG 2024-11-05 22:41:58,954 autoreload File C:\Users\asus\Documents\GitHub\Skillwill-Repository\venv\Lib\site-packages\django\contrib\staticfiles\finders.py first seen with mtime 1730831502.6529233
DEBUG 2024-11-05 22:41:58,954 autoreload File C:\Users\asus\AppData\Local\Programs\Python\Python312\Lib\token.py first seen with mtime 1727741020.0
DEBUG 2024-11-05 22:41:58,962 autoreload File C:\Users\asus\Documents\GitHub\Skillwill-Repository\venv\Lib\site-packages\django\db\models\functions\mixins.py first seen with mtime 1730831502.7835422
DEBUG 2024-11-05 22:41:58,962 autoreload File C:\Users\asus\AppData\Local\Programs\Python\Python312\Lib\re\_constants.py first seen with mtime 1727741020.0
DEBUG 2024-11-05 22:41:58,962 autoreload File C:\Users\asus\AppData\Local\Programs\Python\Python312\Lib\linecache.py first seen with mtime 1727741020.0
DEBUG 2024-11-05 22:41:58,962 autoreload File C:\Users\asus\Documents\GitHub\Skillwill-Repository\venv\Lib\site-packages\django\db\models\lookups.py first seen with mtime 1730831502.7595358
DEBUG 2024-11-05 22:41:58,962 autoreload File C:\Users\asus\AppData\Local\Programs\Python\Python312\Lib\asyncio\windows_events.py first seen with mtime 1727741020.0
DEBUG 2024-11-05 22:41:58,962 autoreload File C:\Users\asus\AppData\Local\Programs\Python\Python312\Lib\urllib\response.py first seen with mtime 1727741020.0
DEBUG 2024-11-05 22:41:58,962 autoreload File C:\Users\asus\Documents\GitHub\Skillwill-Repository\venv\Lib\site-packages\django\core\handlers\asgi.py first seen with mtime 1730831502.685556
DEBUG 2024-11-05 22:41:58,962 autoreload File C:\Users\asus\Documents\GitHub\Skillwill-Repository\venv\Lib\site-packages\django\db\backends\__init__.py first seen with mtime 1730831502.71814
DEBUG 2024-11-05 22:41:58,962 autoreload File C:\Users\asus\AppData\Local\Programs\Python\Python312\DLLs\_overlapped.pyd first seen with mtime 1727741072.0
DEBUG 2024-11-05 22:41:58,962 autoreload File C:\Users\asus\Documents\GitHub\Skillwill-Repository\venv\Lib\site-packages\django\contrib\admin\views\autocomplete.py first seen with mtime 1730831501.1962757
DEBUG 2024-11-05 22:41:58,962 autoreload File C:\Users\asus\AppData\Local\Programs\Python\Python312\DLLs\_wmi.pyd first seen with mtime 1727741072.0
DEBUG 2024-11-05 22:41:58,962 autoreload File C:\Users\asus\Documents\GitHub\Skillwill-Repository\venv\Lib\site-packages\django\core\handlers\base.py first seen with mtime 1730831502.685556
DEBUG 2024-11-05 22:41:58,962 autoreload File C:\Users\asus\Documents\GitHub\Skillwill-Repository\venv\Lib\site-packages\django\template\context.py first seen with mtime 1730831502.8510563
DEBUG 2024-11-05 22:41:58,962 autoreload File C:\Users\asus\AppData\Local\Programs\Python\Python312\Lib\subprocess.py first seen with mtime 1727741020.0
DEBUG 2024-11-05 22:41:58,962 autoreload File C:\Users\asus\AppData\Local\Programs\Python\Python312\Lib\wsgiref\__init__.py first seen with mtime 1727741020.0
DEBUG 2024-11-05 22:41:58,962 autoreload File C:\Users\asus\AppData\Local\Programs\Python\Python312\Lib\traceback.py first seen with mtime 1727741020.0
DEBUG 2024-11-05 22:41:58,962 autoreload File C:\Users\asus\Documents\GitHub\Skillwill-Repository\venv\Lib\site-packages\django\core\handlers\exception.py first seen with mtime 1730831502.685556
DEBUG 2024-11-05 22:41:58,962 autoreload File C:\Users\asus\Documents\GitHub\Skillwill-Repository\venv\Lib\site-packages\django\utils\numberformat.py first seen with mtime 1730831502.8978357
DEBUG 2024-11-05 22:41:58,962 autoreload File C:\Users\asus\Documents\GitHub\Skillwill-Repository\venv\Lib\site-packages\django\contrib\staticfiles\utils.py first seen with mtime 1730831502.6529233
DEBUG 2024-11-05 22:41:58,962 autoreload File C:\Users\asus\AppData\Local\Programs\Python\Python312\Lib\logging\__init__.py first seen with mtime 1727741020.0
DEBUG 2024-11-05 22:41:58,962 autoreload File C:\Users\asus\AppData\Local\Programs\Python\Python312\Lib\zoneinfo\_common.py first seen with mtime 1727741020.0
DEBUG 2024-11-05 22:41:58,962 autoreload File C:\Users\asus\Documents\GitHub\Skillwill-Repository\venv\Lib\site-packages\django\contrib\auth\password_validation.py first seen with mtime 1730831501.316571
DEBUG 2024-11-05 22:41:58,962 autoreload File C:\Users\asus\AppData\Local\Programs\Python\Python312\Lib\html\parser.py first seen with mtime 1727741020.0
DEBUG 2024-11-05 22:41:58,962 autoreload File C:\Users\asus\Documents\GitHub\Skillwill-Repository\venv\Lib\site-packages\django\middleware\common.py first seen with mtime 1730831502.840971
DEBUG 2024-11-05 22:41:58,962 autoreload File C:\Users\asus\AppData\Local\Programs\Python\Python312\Lib\email\_parseaddr.py first seen with mtime 1727741020.0
DEBUG 2024-11-05 22:41:58,962 autoreload File C:\Users\asus\Documents\GitHub\Skillwill-Repository\venv\Lib\site-packages\django\contrib\auth\views.py first seen with mtime 1730831501.3192935
DEBUG 2024-11-05 22:41:58,962 autoreload File C:\Users\asus\AppData\Local\Programs\Python\Python312\Lib\email\header.py first seen with mtime 1727741020.0
DEBUG 2024-11-05 22:41:58,962 autoreload File C:\Users\asus\AppData\Local\Programs\Python\Python312\Lib\json\decoder.py first seen with mtime 1727741020.0
DEBUG 2024-11-05 22:41:58,970 autoreload File C:\Users\asus\Documents\GitHub\Skillwill-Repository\venv\Lib\site-packages\sqlparse\filters\output.py first seen with mtime 1730831500.7046127
DEBUG 2024-11-05 22:41:58,970 autoreload File C:\Users\asus\AppData\Local\Programs\Python\Python312\Lib\copyreg.py first seen with mtime 1727741020.0
DEBUG 2024-11-05 22:41:58,970 autoreload File C:\Users\asus\Documents\GitHub\Skillwill-Repository\venv\Lib\site-packages\django\contrib\sessions\backends\__init__.py first seen with mtime 1730831502.317336
DEBUG 2024-11-05 22:41:58,970 autoreload File C:\Users\asus\Documents\GitHub\Skillwill-Repository\venv\Lib\site-packages\django\views\decorators\cache.py first seen with mtime 1730831502.9060154
DEBUG 2024-11-05 22:41:58,970 autoreload File C:\Users\asus\AppData\Local\Programs\Python\Python312\Lib\gzip.py first seen with mtime 1727741020.0
DEBUG 2024-11-05 22:41:58,970 autoreload File C:\Users\asus\AppData\Local\Programs\Python\Python312\Lib\collections\__init__.py first seen with mtime 1727741020.0
DEBUG 2024-11-05 22:41:58,970 autoreload File C:\Users\asus\Documents\GitHub\Skillwill-Repository\venv\Lib\site-packages\django\core\checks\security\__init__.py first seen with mtime 1730831502.6773446
DEBUG 2024-11-05 22:41:58,970 autoreload File C:\Users\asus\Documents\GitHub\Skillwill-Repository\venv\Lib\site-packages\sqlparse\engine\statement_splitter.py first seen with mtime 1730831500.7046127
DEBUG 2024-11-05 22:41:58,970 autoreload File C:\Users\asus\AppData\Local\Programs\Python\Python312\Lib\email\_encoded_words.py first seen with mtime 1727741020.0
DEBUG 2024-11-05 22:41:58,970 autoreload File C:\Users\asus\AppData\Local\Programs\Python\Python312\Lib\email\parser.py first seen with mtime 1727741020.0
DEBUG 2024-11-05 22:41:58,970 autoreload File C:\Users\asus\Documents\GitHub\Skillwill-Repository\venv\Lib\site-packages\django\views\i18n.py first seen with mtime 1730831502.9060154
DEBUG 2024-11-05 22:41:58,970 autoreload File C:\Users\asus\Documents\GitHub\Skillwill-Repository\venv\Lib\site-packages\django\db\models\functions\math.py first seen with mtime 1730831502.7755375
DEBUG 2024-11-05 22:41:58,970 autoreload File C:\Users\asus\Documents\GitHub\Skillwill-Repository\venv\Lib\site-packages\django\urls\resolvers.py first seen with mtime 1730831502.8735144
DEBUG 2024-11-05 22:41:58,970 autoreload File C:\Users\asus\AppData\Local\Programs\Python\Python312\Lib\functools.py first seen with mtime 1727741020.0
DEBUG 2024-11-05 22:41:58,970 autoreload File C:\Users\asus\AppData\Local\Programs\Python\Python312\Lib\sqlite3\__init__.py first seen with mtime 1727741020.0
DEBUG 2024-11-05 22:41:58,970 autoreload File C:\Users\asus\Documents\GitHub\Skillwill-Repository\venv\Lib\site-packages\django\core\mail\utils.py first seen with mtime 1730831502.6939147
DEBUG 2024-11-05 22:41:58,970 autoreload File C:\Users\asus\Documents\GitHub\Skillwill-Repository\venv\Lib\site-packages\django\utils\regex_helper.py first seen with mtime 1730831502.8978357
DEBUG 2024-11-05 22:41:58,970 autoreload File C:\Users\asus\Documents\GitHub\Skillwill-Repository\venv\Lib\site-packages\django\views\static.py first seen with mtime 1730831502.9060154
DEBUG 2024-11-05 22:41:58,970 autoreload File C:\Users\asus\AppData\Local\Programs\Python\Python312\Lib\multiprocessing\process.py first seen with mtime 1727741020.0
DEBUG 2024-11-05 22:41:58,970 autoreload File C:\Users\asus\Documents\GitHub\Skillwill-Repository\venv\Lib\site-packages\django\contrib\messages\__init__.py first seen with mtime 1730831502.0137508
DEBUG 2024-11-05 22:41:58,970 autoreload File C:\Users\asus\Documents\GitHub\Skillwill-Repository\venv\Lib\site-packages\django\template\defaulttags.py first seen with mtime 1730831502.8510563
DEBUG 2024-11-05 22:41:58,970 autoreload File C:\Users\asus\Documents\GitHub\Skillwill-Repository\venv\Lib\site-packages\django\contrib\admin\options.py first seen with mtime 1730831500.9832053
DEBUG 2024-11-05 22:41:58,970 autoreload File C:\Users\asus\Documents\GitHub\Skillwill-Repository\venv\Lib\site-packages\django\middleware\security.py first seen with mtime 1730831502.8510563
DEBUG 2024-11-05 22:41:58,970 autoreload File C:\Users\asus\Documents\GitHub\Skillwill-Repository\venv\Lib\site-packages\django\db\models\expressions.py first seen with mtime 1730831502.7595358
DEBUG 2024-11-05 22:41:58,970 autoreload File C:\Users\asus\AppData\Local\Programs\Python\Python312\Lib\email\mime\__init__.py first seen with mtime 1727741020.0
DEBUG 2024-11-05 22:41:58,970 autoreload File C:\Users\asus\AppData\Local\Programs\Python\Python312\Lib\re\_parser.py first seen with mtime 1727741020.0
DEBUG 2024-11-05 22:41:58,970 autoreload File C:\Users\asus\AppData\Local\Programs\Python\Python312\Lib\uuid.py first seen with mtime 1727741020.0
DEBUG 2024-11-05 22:41:58,970 autoreload File C:\Users\asus\Documents\GitHub\Skillwill-Repository\venv\Lib\site-packages\django\db\backends\sqlite3\features.py first seen with mtime 1730831502.7344658
DEBUG 2024-11-05 22:41:58,978 autoreload File C:\Users\asus\Documents\GitHub\Skillwill-Repository\venv\Lib\site-packages\sqlparse\filters\tokens.py first seen with mtime 1730831500.7046127
DEBUG 2024-11-05 22:41:58,978 autoreload File C:\Users\asus\Documents\GitHub\Skillwill-Repository\venv\Lib\site-packages\django\contrib\messages\utils.py first seen with mtime 1730831502.0137508
DEBUG 2024-11-05 22:41:58,978 autoreload File C:\Users\asus\Documents\GitHub\Skillwill-Repository\myproject\testapp\__init__.py first seen with mtime 1730831707.0602791
DEBUG 2024-11-05 22:41:58,978 autoreload File C:\Users\asus\Documents\GitHub\Skillwill-Repository\venv\Lib\site-packages\django\template\backends\django.py first seen with mtime 1730831502.857064
DEBUG 2024-11-05 22:41:58,978 autoreload File C:\Users\asus\AppData\Local\Programs\Python\Python312\Lib\asyncio\mixins.py first seen with mtime 1727741020.0
DEBUG 2024-11-05 22:41:58,978 autoreload File C:\Users\asus\Documents\GitHub\Skillwill-Repository\venv\Lib\site-packages\django\contrib\sites\__init__.py first seen with mtime 1730831502.505714
DEBUG 2024-11-05 22:41:58,978 autoreload File C:\Users\asus\Documents\GitHub\Skillwill-Repository\venv\Lib\site-packages\django\contrib\admin\templatetags\__init__.py first seen with mtime 1730831501.1962757
DEBUG 2024-11-05 22:41:58,978 autoreload File C:\Users\asus\Documents\GitHub\Skillwill-Repository\venv\Lib\site-packages\django\utils\version.py first seen with mtime 1730831502.8978357
DEBUG 2024-11-05 22:41:58,978 autoreload File C:\Users\asus\Documents\GitHub\Skillwill-Repository\venv\Lib\site-packages\django\core\paginator.py first seen with mtime 1730831502.661079
DEBUG 2024-11-05 22:41:58,978 autoreload File C:\Users\asus\Documents\GitHub\Skillwill-Repository\venv\Lib\site-packages\django\template\engine.py first seen with mtime 1730831502.857064
DEBUG 2024-11-05 22:41:58,978 autoreload File C:\Users\asus\AppData\Local\Programs\Python\Python312\DLLs\_asyncio.pyd first seen with mtime 1727741072.0
DEBUG 2024-11-05 22:41:58,978 autoreload File C:\Users\asus\Documents\GitHub\Skillwill-Repository\venv\Lib\site-packages\django\utils\hashable.py first seen with mtime 1730831502.8898306
DEBUG 2024-11-05 22:41:58,978 autoreload File C:\Users\asus\Documents\GitHub\Skillwill-Repository\venv\Lib\site-packages\django\urls\converters.py first seen with mtime 1730831502.8735144
DEBUG 2024-11-05 22:41:58,978 autoreload File C:\Users\asus\Documents\GitHub\Skillwill-Repository\venv\Lib\site-packages\django\core\handlers\__init__.py first seen with mtime 1730831502.685556
DEBUG 2024-11-05 22:41:58,978 autoreload File C:\Users\asus\AppData\Local\Programs\Python\Python312\Lib\contextlib.py first seen with mtime 1727741020.0
DEBUG 2024-11-05 22:41:58,978 autoreload File C:\Users\asus\Documents\GitHub\Skillwill-Repository\venv\Lib\site-packages\django\db\migrations\operations\special.py first seen with mtime 1730831502.7511473
DEBUG 2024-11-05 22:41:58,978 autoreload File C:\Users\asus\AppData\Local\Programs\Python\Python312\Lib\warnings.py first seen with mtime 1727741020.0
DEBUG 2024-11-05 22:41:58,978 autoreload File C:\Users\asus\AppData\Local\Programs\Python\Python312\Lib\wsgiref\simple_server.py first seen with mtime 1727741020.0
DEBUG 2024-11-05 22:41:58,978 autoreload File C:\Users\asus\Documents\GitHub\Skillwill-Repository\venv\Lib\site-packages\sqlparse\engine\filter_stack.py first seen with mtime 1730831500.7046127
DEBUG 2024-11-05 22:41:58,978 autoreload File C:\Users\asus\AppData\Local\Programs\Python\Python312\Lib\email\headerregistry.py first seen with mtime 1727741020.0
DEBUG 2024-11-05 22:41:58,978 autoreload File C:\Users\asus\Documents\GitHub\Skillwill-Repository\venv\Lib\site-packages\django\core\cache\backends\base.py first seen with mtime 1730831502.6693428
DEBUG 2024-11-05 22:41:58,978 autoreload File C:\Users\asus\AppData\Local\Programs\Python\Python312\Lib\encodings\__init__.py first seen with mtime 1727741020.0
DEBUG 2024-11-05 22:41:58,978 autoreload File C:\Users\asus\AppData\Local\Programs\Python\Python312\DLLs\_uuid.pyd first seen with mtime 1727741072.0
DEBUG 2024-11-05 22:41:58,978 autoreload File C:\Users\asus\Documents\GitHub\Skillwill-Repository\venv\Lib\site-packages\django\db\backends\sqlite3\client.py first seen with mtime 1730831502.7344658
DEBUG 2024-11-05 22:41:58,978 autoreload File C:\Users\asus\Documents\GitHub\Skillwill-Repository\venv\Lib\site-packages\django\db\backends\base\__init__.py first seen with mtime 1730831502.71814
DEBUG 2024-11-05 22:41:58,978 autoreload File C:\Users\asus\Documents\GitHub\Skillwill-Repository\venv\Lib\site-packages\django\http\request.py first seen with mtime 1730831502.840971
DEBUG 2024-11-05 22:41:58,978 autoreload File C:\Users\asus\Documents\GitHub\Skillwill-Repository\venv\Lib\site-packages\django\db\models\__init__.py first seen with mtime 1730831502.7511473
DEBUG 2024-11-05 22:41:58,986 autoreload File C:\Users\asus\Documents\GitHub\Skillwill-Repository\venv\Lib\site-packages\django\core\files\move.py first seen with mtime 1730831502.685556
DEBUG 2024-11-05 22:41:58,986 autoreload File C:\Users\asus\Documents\GitHub\Skillwill-Repository\venv\Lib\site-packages\django\db\models\fields\reverse_related.py first seen with mtime 1730831502.7755375
DEBUG 2024-11-05 22:41:58,986 autoreload File C:\Users\asus\AppData\Local\Programs\Python\Python312\Lib\importlib\__init__.py first seen with mtime 1727741020.0
DEBUG 2024-11-05 22:41:58,986 autoreload File C:\Users\asus\Documents\GitHub\Skillwill-Repository\venv\Lib\site-packages\django\templatetags\i18n.py first seen with mtime 1730831502.8652
DEBUG 2024-11-05 22:41:58,986 autoreload File C:\Users\asus\Documents\GitHub\Skillwill-Repository\venv\Lib\site-packages\django\contrib\staticfiles\views.py first seen with mtime 1730831502.661079
DEBUG 2024-11-05 22:41:58,986 autoreload File C:\Users\asus\Documents\GitHub\Skillwill-Repository\venv\Lib\site-packages\django\db\models\sql\constants.py first seen with mtime 1730831502.7835422
DEBUG 2024-11-05 22:41:58,986 autoreload File C:\Users\asus\Documents\GitHub\Skillwill-Repository\venv\Lib\site-packages\django\core\checks\messages.py first seen with mtime 1730831502.6693428
DEBUG 2024-11-05 22:41:58,986 autoreload File C:\Users\asus\AppData\Local\Programs\Python\Python312\Lib\getpass.py first seen with mtime 1727741020.0
DEBUG 2024-11-05 22:41:58,986 autoreload File C:\Users\asus\AppData\Local\Programs\Python\Python312\Lib\email\__init__.py first seen with mtime 1727741020.0
DEBUG 2024-11-05 22:41:58,986 autoreload File C:\Users\asus\Documents\GitHub\Skillwill-Repository\venv\Lib\site-packages\django\utils\functional.py first seen with mtime 1730831502.8898306
DEBUG 2024-11-05 22:41:58,986 autoreload File C:\Users\asus\Documents\GitHub\Skillwill-Repository\venv\Lib\site-packages\django\contrib\staticfiles\management\commands\__init__.py first seen with mtime 1730831502.661079
DEBUG 2024-11-05 22:41:58,986 autoreload File C:\Users\asus\Documents\GitHub\Skillwill-Repository\venv\Lib\site-packages\django\db\migrations\operations\fields.py first seen with mtime 1730831502.7511473
DEBUG 2024-11-05 22:41:58,986 autoreload File C:\Users\asus\AppData\Local\Programs\Python\Python312\Lib\_weakrefset.py first seen with mtime 1727741020.0
DEBUG 2024-11-05 22:41:58,986 autoreload File C:\Users\asus\Documents\GitHub\Skillwill-Repository\venv\Lib\site-packages\django\utils\ipv6.py first seen with mtime 1730831502.8898306
DEBUG 2024-11-05 22:41:58,986 autoreload File C:\Users\asus\Documents\GitHub\Skillwill-Repository\venv\Lib\site-packages\django\core\checks\database.py first seen with mtime 1730831502.6693428
DEBUG 2024-11-05 22:41:58,986 autoreload File C:\Users\asus\Documents\GitHub\Skillwill-Repository\venv\Lib\site-packages\django\db\models\deletion.py first seen with mtime 1730831502.7595358
DEBUG 2024-11-05 22:41:58,986 autoreload File C:\Users\asus\Documents\GitHub\Skillwill-Repository\venv\Lib\site-packages\django\core\serializers\json.py first seen with mtime 1730831502.7101398
DEBUG 2024-11-05 22:41:58,986 autoreload File C:\Users\asus\Documents\GitHub\Skillwill-Repository\venv\Lib\site-packages\django\db\backends\base\base.py first seen with mtime 1730831502.71814
DEBUG 2024-11-05 22:41:58,986 autoreload File C:\Users\asus\Documents\GitHub\Skillwill-Repository\venv\Lib\site-packages\django\views\csrf.py first seen with mtime 1730831502.9060154
DEBUG 2024-11-05 22:41:58,986 autoreload File C:\Users\asus\AppData\Local\Programs\Python\Python312\Lib\asyncio\queues.py first seen with mtime 1727741020.0
DEBUG 2024-11-05 22:41:58,986 autoreload File C:\Users\asus\Documents\GitHub\Skillwill-Repository\venv\Lib\site-packages\django\apps\registry.py first seen with mtime 1730831500.84398
DEBUG 2024-11-05 22:41:58,986 autoreload File C:\Users\asus\Documents\GitHub\Skillwill-Repository\venv\Lib\site-packages\django\core\serializers\python.py first seen with mtime 1730831502.7101398
DEBUG 2024-11-05 22:41:58,986 autoreload File C:\Users\asus\AppData\Local\Programs\Python\Python312\Lib\re\__init__.py first seen with mtime 1727741020.0
DEBUG 2024-11-05 22:41:58,994 autoreload File C:\Users\asus\Documents\GitHub\Skillwill-Repository\venv\Lib\site-packages\django\templatetags\__init__.py first seen with mtime 1730831502.8650777
DEBUG 2024-11-05 22:41:58,994 autoreload File C:\Users\asus\AppData\Local\Programs\Python\Python312\Lib\email\policy.py first seen with mtime 1727741020.0
DEBUG 2024-11-05 22:41:58,994 autoreload File C:\Users\asus\AppData\Local\Programs\Python\Python312\Lib\locale.py first seen with mtime 1727741020.0
DEBUG 2024-11-05 22:41:58,994 autoreload File C:\Users\asus\Documents\GitHub\Skillwill-Repository\venv\Lib\site-packages\django\db\migrations\exceptions.py first seen with mtime 1730831502.7430017
DEBUG 2024-11-05 22:41:58,994 autoreload File C:\Users\asus\AppData\Local\Programs\Python\Python312\Lib\asyncio\selector_events.py first seen with mtime 1727741020.0
DEBUG 2024-11-05 22:41:58,994 autoreload File C:\Users\asus\AppData\Local\Programs\Python\Python312\Lib\re\_compiler.py first seen with mtime 1727741020.0
DEBUG 2024-11-05 22:41:58,994 autoreload File C:\Users\asus\Documents\GitHub\Skillwill-Repository\venv\Lib\site-packages\django\core\cache\__init__.py first seen with mtime 1730831502.661079
DEBUG 2024-11-05 22:41:58,994 autoreload File C:\Users\asus\Documents\GitHub\Skillwill-Repository\venv\Lib\site-packages\django\contrib\admin\templatetags\admin_urls.py first seen with mtime 1730831501.1962757
DEBUG 2024-11-05 22:41:58,994 autoreload File C:\Users\asus\Documents\GitHub\Skillwill-Repository\venv\Lib\site-packages\django\forms\fields.py first seen with mtime 1730831502.7918208
DEBUG 2024-11-05 22:41:58,994 autoreload File C:\Users\asus\AppData\Local\Programs\Python\Python312\Lib\wsgiref\handlers.py first seen with mtime 1727741020.0
DEBUG 2024-11-05 22:41:58,994 autoreload File C:\Users\asus\Documents\GitHub\Skillwill-Repository\venv\Lib\site-packages\django\db\models\sql\subqueries.py first seen with mtime 1730831502.7918208
DEBUG 2024-11-05 22:41:58,994 autoreload File C:\Users\asus\Documents\GitHub\Skillwill-Repository\venv\Lib\site-packages\django\contrib\admin\helpers.py first seen with mtime 1730831500.9746346
DEBUG 2024-11-05 22:41:58,994 autoreload File C:\Users\asus\Documents\GitHub\Skillwill-Repository\venv\Lib\site-packages\django\template\base.py first seen with mtime 1730831502.8510563
DEBUG 2024-11-05 22:41:58,994 autoreload File C:\Users\asus\AppData\Local\Programs\Python\Python312\Lib\decimal.py first seen with mtime 1727741020.0
DEBUG 2024-11-05 22:41:58,994 autoreload File C:\Users\asus\AppData\Local\Programs\Python\Python312\Lib\encodings\aliases.py first seen with mtime 1727741020.0
DEBUG 2024-11-05 22:41:58,994 autoreload File C:\Users\asus\AppData\Local\Programs\Python\Python312\Lib\asyncio\base_futures.py first seen with mtime 1727741020.0
DEBUG 2024-11-05 22:41:58,994 autoreload File C:\Users\asus\Documents\GitHub\Skillwill-Repository\venv\Lib\site-packages\django\db\models\fields\files.py first seen with mtime 1730831502.7675388
DEBUG 2024-11-05 22:41:58,994 autoreload File C:\Users\asus\Documents\GitHub\Skillwill-Repository\venv\Lib\site-packages\django\db\utils.py first seen with mtime 1730831502.71814
DEBUG 2024-11-05 22:41:58,994 autoreload File C:\Users\asus\AppData\Local\Programs\Python\Python312\Lib\email\utils.py first seen with mtime 1727741020.0
DEBUG 2024-11-05 22:41:58,994 autoreload File C:\Users\asus\AppData\Local\Programs\Python\Python312\Lib\_compat_pickle.py first seen with mtime 1727741020.0
DEBUG 2024-11-05 22:41:58,994 autoreload File C:\Users\asus\AppData\Local\Programs\Python\Python312\Lib\html\__init__.py first seen with mtime 1727741020.0
DEBUG 2024-11-05 22:41:58,994 autoreload File C:\Users\asus\Documents\GitHub\Skillwill-Repository\venv\Lib\site-packages\django\templatetags\cache.py first seen with mtime 1730831502.8652
DEBUG 2024-11-05 22:41:58,994 autoreload File C:\Users\asus\Documents\GitHub\Skillwill-Repository\venv\Lib\site-packages\django\core\files\storage\filesystem.py first seen with mtime 1730831502.685556
DEBUG 2024-11-05 22:41:58,994 autoreload File C:\Users\asus\AppData\Local\Programs\Python\Python312\Lib\statistics.py first seen with mtime 1727741020.0
DEBUG 2024-11-05 22:41:58,994 autoreload File C:\Users\asus\AppData\Local\Programs\Python\Python312\Lib\struct.py first seen with mtime 1727741020.0
DEBUG 2024-11-05 22:41:58,994 autoreload File C:\Users\asus\Documents\GitHub\Skillwill-Repository\venv\Lib\site-packages\django\core\checks\async_checks.py first seen with mtime 1730831502.6693428
DEBUG 2024-11-05 22:41:59,003 autoreload File C:\Users\asus\Documents\GitHub\Skillwill-Repository\venv\Lib\site-packages\django\views\defaults.py first seen with mtime 1730831502.9060154
DEBUG 2024-11-05 22:41:59,003 autoreload File C:\Users\asus\Documents\GitHub\Skillwill-Repository\venv\Lib\site-packages\sqlparse\filters\reindent.py first seen with mtime 1730831500.7046127
DEBUG 2024-11-05 22:41:59,003 autoreload File C:\Users\asus\AppData\Local\Programs\Python\Python312\Lib\re\_casefix.py first seen with mtime 1727741020.0
DEBUG 2024-11-05 22:41:59,003 autoreload File C:\Users\asus\Documents\GitHub\Skillwill-Repository\venv\Lib\site-packages\django\db\migrations\state.py first seen with mtime 1730831502.7511473
DEBUG 2024-11-05 22:41:59,003 autoreload File C:\Users\asus\Documents\GitHub\Skillwill-Repository\venv\Lib\site-packages\django\core\files\base.py first seen with mtime 1730831502.6773446
DEBUG 2024-11-05 22:41:59,003 autoreload File C:\Users\asus\AppData\Local\Programs\Python\Python312\Lib\encodings\utf_8.py first seen with mtime 1727741020.0
DEBUG 2024-11-05 22:41:59,003 autoreload File C:\Users\asus\AppData\Local\Programs\Python\Python312\Lib\enum.py first seen with mtime 1727741020.0
DEBUG 2024-11-05 22:41:59,003 autoreload File C:\Users\asus\Documents\GitHub\Skillwill-Repository\venv\Lib\site-packages\django\apps\config.py first seen with mtime 1730831500.84398
DEBUG 2024-11-05 22:41:59,003 autoreload File C:\Users\asus\AppData\Local\Programs\Python\Python312\Lib\asyncio\events.py first seen with mtime 1727741020.0
DEBUG 2024-11-05 22:41:59,003 autoreload File C:\Users\asus\Documents\GitHub\Skillwill-Repository\venv\Lib\site-packages\django\db\models\fields\related_descriptors.py first seen with mtime 1730831502.7755375
DEBUG 2024-11-05 22:41:59,003 autoreload File C:\Users\asus\AppData\Local\Programs\Python\Python312\Lib\keyword.py first seen with mtime 1727741020.0
DEBUG 2024-11-05 22:41:59,003 autoreload File C:\Users\asus\Documents\GitHub\Skillwill-Repository\venv\Lib\site-packages\django\utils\dateparse.py first seen with mtime 1730831502.8816814
DEBUG 2024-11-05 22:41:59,003 autoreload File C:\Users\asus\Documents\GitHub\Skillwill-Repository\venv\Lib\site-packages\django\db\models\fields\proxy.py first seen with mtime 1730831502.7755375
DEBUG 2024-11-05 22:41:59,003 autoreload File C:\Users\asus\AppData\Local\Programs\Python\Python312\Lib\zoneinfo\__init__.py first seen with mtime 1727741020.0
DEBUG 2024-11-05 22:41:59,003 autoreload File C:\Users\asus\Documents\GitHub\Skillwill-Repository\venv\Lib\site-packages\django\db\migrations\__init__.py first seen with mtime 1730831502.7426045
DEBUG 2024-11-05 22:41:59,003 autoreload File C:\Users\asus\AppData\Local\Programs\Python\Python312\Lib\encodings\cp1252.py first seen with mtime 1727741020.0
DEBUG 2024-11-05 22:41:59,003 autoreload File C:\Users\asus\Documents\GitHub\Skillwill-Repository\venv\Lib\site-packages\django\contrib\staticfiles\__init__.py first seen with mtime 1730831502.6529233
DEBUG 2024-11-05 22:41:59,003 autoreload File C:\Users\asus\AppData\Local\Programs\Python\Python312\Lib\dataclasses.py first seen with mtime 1727741020.0
DEBUG 2024-11-05 22:41:59,003 autoreload File C:\Users\asus\Documents\GitHub\Skillwill-Repository\venv\Lib\site-packages\django\db\models\fields\generated.py first seen with mtime 1730831502.7675388
DEBUG 2024-11-05 22:41:59,003 autoreload File C:\Users\asus\Documents\GitHub\Skillwill-Repository\venv\Lib\site-packages\django\contrib\contenttypes\admin.py first seen with mtime 1730831501.4260552
DEBUG 2024-11-05 22:41:59,003 autoreload File C:\Users\asus\Documents\GitHub\Skillwill-Repository\venv\Lib\site-packages\asgiref\__init__.py first seen with mtime 1730831500.7862368
DEBUG 2024-11-05 22:41:59,003 autoreload File C:\Users\asus\Documents\GitHub\Skillwill-Repository\venv\Lib\site-packages\django\core\serializers\__init__.py first seen with mtime 1730831502.7101398
DEBUG 2024-11-05 22:41:59,003 autoreload File C:\Users\asus\Documents\GitHub\Skillwill-Repository\venv\Lib\site-packages\sqlparse\engine\__init__.py first seen with mtime 1730831500.7046127
DEBUG 2024-11-05 22:41:59,003 autoreload File C:\Users\asus\Documents\GitHub\Skillwill-Repository\venv\Lib\site-packages\sqlparse\utils.py first seen with mtime 1730831500.7046127
DEBUG 2024-11-05 22:41:59,003 autoreload File C:\Users\asus\Documents\GitHub\Skillwill-Repository\venv\Lib\site-packages\django\contrib\contenttypes\views.py first seen with mtime 1730831501.434205
DEBUG 2024-11-05 22:41:59,003 autoreload File C:\Users\asus\Documents\GitHub\Skillwill-Repository\venv\Lib\site-packages\django\db\backends\sqlite3\creation.py first seen with mtime 1730831502.7344658
DEBUG 2024-11-05 22:41:59,011 autoreload File C:\Users\asus\Documents\GitHub\Skillwill-Repository\venv\Lib\site-packages\django\core\signals.py first seen with mtime 1730831502.661079
DEBUG 2024-11-05 22:41:59,011 autoreload File C:\Users\asus\AppData\Local\Programs\Python\Python312\Lib\asyncio\__init__.py first seen with mtime 1727741020.0
DEBUG 2024-11-05 22:41:59,011 autoreload File C:\Users\asus\Documents\GitHub\Skillwill-Repository\venv\Lib\site-packages\django\urls\exceptions.py first seen with mtime 1730831502.8735144
DEBUG 2024-11-05 22:41:59,011 autoreload File C:\Users\asus\Documents\GitHub\Skillwill-Repository\venv\Lib\site-packages\sqlparse\filters\aligned_indent.py first seen with mtime 1730831500.7046127
DEBUG 2024-11-05 22:41:59,011 autoreload File C:\Users\asus\Documents\GitHub\Skillwill-Repository\venv\Lib\site-packages\django\templatetags\tz.py first seen with mtime 1730831502.8652
DEBUG 2024-11-05 22:41:59,011 autoreload File C:\Users\asus\AppData\Local\Programs\Python\Python312\Lib\weakref.py first seen with mtime 1727741020.0
DEBUG 2024-11-05 22:41:59,011 autoreload File C:\Users\asus\Documents\GitHub\Skillwill-Repository\venv\Lib\site-packages\sqlparse\cli.py first seen with mtime 1730831500.7046127
DEBUG 2024-11-05 22:41:59,011 autoreload File C:\Users\asus\Documents\GitHub\Skillwill-Repository\venv\Lib\site-packages\django\db\models\functions\__init__.py first seen with mtime 1730831502.7755375
DEBUG 2024-11-05 22:41:59,011 autoreload File C:\Users\asus\AppData\Local\Programs\Python\Python312\Lib\http\__init__.py first seen with mtime 1727741020.0
DEBUG 2024-11-05 22:41:59,011 autoreload File C:\Users\asus\AppData\Local\Programs\Python\Python312\Lib\secrets.py first seen with mtime 1727741020.0
DEBUG 2024-11-05 22:41:59,011 autoreload File C:\Users\asus\Documents\GitHub\Skillwill-Repository\venv\Lib\site-packages\django\forms\renderers.py first seen with mtime 1730831502.7918208
DEBUG 2024-11-05 22:41:59,011 autoreload File C:\Users\asus\AppData\Local\Programs\Python\Python312\Lib\json\encoder.py first seen with mtime 1727741020.0
DEBUG 2024-11-05 22:41:59,011 autoreload File C:\Users\asus\AppData\Local\Programs\Python\Python312\Lib\concurrent\__init__.py first seen with mtime 1727741020.0
DEBUG 2024-11-05 22:41:59,011 autoreload File C:\Users\asus\AppData\Local\Programs\Python\Python312\Lib\_markupbase.py first seen with mtime 1727741020.0
DEBUG 2024-11-05 22:41:59,011 autoreload File C:\Users\asus\AppData\Local\Programs\Python\Python312\Lib\lzma.py first seen with mtime 1727741020.0
DEBUG 2024-11-05 22:41:59,011 autoreload File C:\Users\asus\AppData\Local\Programs\Python\Python312\Lib\wsgiref\headers.py first seen with mtime 1727741020.0
DEBUG 2024-11-05 22:41:59,011 autoreload File C:\Users\asus\Documents\GitHub\Skillwill-Repository\venv\Lib\site-packages\django\contrib\contenttypes\apps.py first seen with mtime 1730831501.4260552
DEBUG 2024-11-05 22:41:59,011 autoreload File C:\Users\asus\AppData\Local\Programs\Python\Python312\Lib\threading.py first seen with mtime 1727741020.0
DEBUG 2024-11-05 22:41:59,011 autoreload File C:\Users\asus\Documents\GitHub\Skillwill-Repository\venv\Lib\site-packages\django\db\migrations\operations\__init__.py first seen with mtime 1730831502.7511473
DEBUG 2024-11-05 22:41:59,011 autoreload File C:\Users\asus\Documents\GitHub\Skillwill-Repository\venv\Lib\site-packages\django\core\management\color.py first seen with mtime 1730831502.6939147
DEBUG 2024-11-05 22:41:59,011 autoreload File C:\Users\asus\AppData\Local\Programs\Python\Python312\Lib\pickle.py first seen with mtime 1727741020.0
DEBUG 2024-11-05 22:41:59,011 autoreload File C:\Users\asus\Documents\GitHub\Skillwill-Repository\venv\Lib\site-packages\django\contrib\auth\management\__init__.py first seen with mtime 1730831501.4176557
DEBUG 2024-11-05 22:41:59,011 autoreload File C:\Users\asus\Documents\GitHub\Skillwill-Repository\venv\Lib\site-packages\django\db\backends\base\features.py first seen with mtime 1730831502.71814
DEBUG 2024-11-05 22:41:59,011 autoreload File C:\Users\asus\Documents\GitHub\Skillwill-Repository\venv\Lib\site-packages\django\utils\termcolors.py first seen with mtime 1730831502.8978357
DEBUG 2024-11-05 22:41:59,011 autoreload File C:\Users\asus\Documents\GitHub\Skillwill-Repository\venv\Lib\site-packages\django\db\models\sql\__init__.py first seen with mtime 1730831502.7835422
DEBUG 2024-11-05 22:41:59,019 autoreload File C:\Users\asus\Documents\GitHub\Skillwill-Repository\venv\Lib\site-packages\django\db\backends\sqlite3\operations.py first seen with mtime 1730831502.7344658
DEBUG 2024-11-05 22:41:59,019 autoreload File C:\Users\asus\AppData\Local\Programs\Python\Python312\Lib\signal.py first seen with mtime 1727741020.0
DEBUG 2024-11-05 22:41:59,019 autoreload File C:\Users\asus\Documents\GitHub\Skillwill-Repository\venv\Lib\site-packages\django\db\models\indexes.py first seen with mtime 1730831502.7595358
DEBUG 2024-11-05 22:41:59,019 autoreload File C:\Users\asus\Documents\GitHub\Skillwill-Repository\myproject\myproject\settings.py first seen with mtime 1730831730.3165064
DEBUG 2024-11-05 22:41:59,019 autoreload File C:\Users\asus\AppData\Local\Programs\Python\Python312\Lib\email\mime\nonmultipart.py first seen with mtime 1727741020.0
DEBUG 2024-11-05 22:41:59,019 autoreload File C:\Users\asus\Documents\GitHub\Skillwill-Repository\venv\Lib\site-packages\django\core\files\storage\__init__.py first seen with mtime 1730831502.685556
DEBUG 2024-11-05 22:41:59,019 autoreload File C:\Users\asus\Documents\GitHub\Skillwill-Repository\venv\Lib\site-packages\django\db\backends\sqlite3\introspection.py first seen with mtime 1730831502.7344658
DEBUG 2024-11-05 22:41:59,019 autoreload File C:\Users\asus\Documents\GitHub\Skillwill-Repository\venv\Lib\site-packages\django\contrib\messages\storage\base.py first seen with mtime 1730831502.0137508
DEBUG 2024-11-05 22:41:59,019 autoreload File C:\Users\asus\AppData\Local\Programs\Python\Python312\Lib\email\contentmanager.py first seen with mtime 1727741020.0
DEBUG 2024-11-05 22:41:59,019 autoreload File C:\Users\asus\Documents\GitHub\Skillwill-Repository\venv\Lib\site-packages\django\contrib\auth\backends.py first seen with mtime 1730831501.3027675
DEBUG 2024-11-05 22:41:59,019 autoreload File C:\Users\asus\Documents\GitHub\Skillwill-Repository\venv\Lib\site-packages\asgiref\local.py first seen with mtime 1730831500.7862368
DEBUG 2024-11-05 22:41:59,019 autoreload File C:\Users\asus\AppData\Local\Programs\Python\Python312\Lib\operator.py first seen with mtime 1727741020.0
DEBUG 2024-11-05 22:41:59,019 autoreload File C:\Users\asus\AppData\Local\Programs\Python\Python312\Lib\ctypes\__init__.py first seen with mtime 1727741020.0
DEBUG 2024-11-05 22:41:59,019 autoreload File C:\Users\asus\Documents\GitHub\Skillwill-Repository\venv\Lib\site-packages\django\contrib\contenttypes\checks.py first seen with mtime 1730831501.4260552
DEBUG 2024-11-05 22:41:59,019 autoreload File C:\Users\asus\Documents\GitHub\Skillwill-Repository\venv\Lib\site-packages\django\contrib\admin\templatetags\admin_list.py first seen with mtime 1730831501.1962757
DEBUG 2024-11-05 22:41:59,019 autoreload File C:\Users\asus\AppData\Local\Programs\Python\Python312\Lib\concurrent\futures\__init__.py first seen with mtime 1727741020.0
DEBUG 2024-11-05 22:41:59,019 autoreload File C:\Users\asus\Documents\GitHub\Skillwill-Repository\venv\Lib\site-packages\django\contrib\auth\decorators.py first seen with mtime 1730831501.3027675
DEBUG 2024-11-05 22:41:59,019 autoreload File C:\Users\asus\Documents\GitHub\Skillwill-Repository\venv\Lib\site-packages\django\conf\__init__.py first seen with mtime 1730831500.84398
DEBUG 2024-11-05 22:41:59,019 autoreload File C:\Users\asus\Documents\GitHub\Skillwill-Repository\venv\Lib\site-packages\django\core\serializers\base.py first seen with mtime 1730831502.7101398
DEBUG 2024-11-05 22:41:59,019 autoreload File C:\Users\asus\Documents\GitHub\Skillwill-Repository\venv\Lib\site-packages\django\forms\__init__.py first seen with mtime 1730831502.7918208
DEBUG 2024-11-05 22:41:59,019 autoreload File C:\Users\asus\AppData\Local\Programs\Python\Python312\Lib\urllib\__init__.py first seen with mtime 1727741020.0
DEBUG 2024-11-05 22:41:59,019 autoreload File C:\Users\asus\Documents\GitHub\Skillwill-Repository\venv\Lib\site-packages\django\contrib\auth\__init__.py first seen with mtime 1730831501.3027675
DEBUG 2024-11-05 22:41:59,019 autoreload File C:\Users\asus\Documents\GitHub\Skillwill-Repository\venv\Lib\site-packages\sqlparse\formatter.py first seen with mtime 1730831500.7046127
DEBUG 2024-11-05 22:41:59,019 autoreload File C:\Users\asus\Documents\GitHub\Skillwill-Repository\venv\Lib\site-packages\django\core\files\uploadhandler.py first seen with mtime 1730831502.685556
DEBUG 2024-11-05 22:41:59,019 autoreload File C:\Users\asus\Documents\GitHub\Skillwill-Repository\venv\Lib\site-packages\django\db\backends\utils.py first seen with mtime 1730831502.71814
DEBUG 2024-11-05 22:41:59,027 autoreload File C:\Users\asus\Documents\GitHub\Skillwill-Repository\venv\Lib\site-packages\django\contrib\auth\forms.py first seen with mtime 1730831501.3027675
DEBUG 2024-11-05 22:41:59,027 autoreload File C:\Users\asus\Documents\GitHub\Skillwill-Repository\venv\Lib\site-packages\django\utils\duration.py first seen with mtime 1730831502.8816814
DEBUG 2024-11-05 22:41:59,027 autoreload File C:\Users\asus\Documents\GitHub\Skillwill-Repository\venv\Lib\site-packages\django\views\decorators\__init__.py first seen with mtime 1730831502.9060154
DEBUG 2024-11-05 22:41:59,027 autoreload File C:\Users\asus\Documents\GitHub\Skillwill-Repository\venv\Lib\site-packages\asgiref\current_thread_executor.py first seen with mtime 1730831500.7862368
DEBUG 2024-11-05 22:41:59,027 autoreload File C:\Users\asus\Documents\GitHub\Skillwill-Repository\venv\Lib\site-packages\django\core\validators.py first seen with mtime 1730831502.661079
DEBUG 2024-11-05 22:41:59,027 autoreload File C:\Users\asus\AppData\Local\Programs\Python\Python312\Lib\asyncio\protocols.py first seen with mtime 1727741020.0
DEBUG 2024-11-05 22:41:59,027 autoreload File C:\Users\asus\AppData\Local\Programs\Python\Python312\Lib\nturl2path.py first seen with mtime 1727741020.0
DEBUG 2024-11-05 22:41:59,027 autoreload File C:\Users\asus\Documents\GitHub\Skillwill-Repository\venv\Lib\site-packages\django\db\models\fields\related.py first seen with mtime 1730831502.7755375
DEBUG 2024-11-05 22:41:59,027 autoreload File C:\Users\asus\AppData\Local\Programs\Python\Python312\Lib\pathlib.py first seen with mtime 1727741020.0
DEBUG 2024-11-05 22:41:59,027 autoreload File C:\Users\asus\AppData\Local\Programs\Python\Python312\DLLs\_hashlib.pyd first seen with mtime 1727741072.0
DEBUG 2024-11-05 22:41:59,027 autoreload File C:\Users\asus\Documents\GitHub\Skillwill-Repository\venv\Lib\site-packages\django\core\cache\utils.py first seen with mtime 1730831502.6693428
DEBUG 2024-11-05 22:41:59,027 autoreload File C:\Users\asus\Documents\GitHub\Skillwill-Repository\myproject\testapp\urls.py first seen with mtime 1730831872.9864366
DEBUG 2024-11-05 22:41:59,027 autoreload File C:\Users\asus\AppData\Local\Programs\Python\Python312\Lib\asyncio\timeouts.py first seen with mtime 1727741020.0
DEBUG 2024-11-05 22:41:59,027 autoreload File C:\Users\asus\Documents\GitHub\Skillwill-Repository\venv\Lib\site-packages\django\core\mail\__init__.py first seen with mtime 1730831502.6939147
DEBUG 2024-11-05 22:41:59,027 autoreload File C:\Users\asus\Documents\GitHub\Skillwill-Repository\venv\Lib\site-packages\django\db\migrations\utils.py first seen with mtime 1730831502.7511473
DEBUG 2024-11-05 22:41:59,027 autoreload File C:\Users\asus\AppData\Local\Programs\Python\Python312\Lib\email\feedparser.py first seen with mtime 1727741020.0
DEBUG 2024-11-05 22:41:59,027 autoreload File C:\Users\asus\AppData\Local\Programs\Python\Python312\Lib\gettext.py first seen with mtime 1727741020.0
DEBUG 2024-11-05 22:41:59,027 autoreload File C:\Users\asus\AppData\Local\Programs\Python\Python312\Lib\http\server.py first seen with mtime 1727741020.0
DEBUG 2024-11-05 22:41:59,027 autoreload File C:\Users\asus\Documents\GitHub\Skillwill-Repository\venv\Lib\site-packages\django\dispatch\__init__.py first seen with mtime 1730831502.7918208
DEBUG 2024-11-05 22:41:59,027 autoreload File C:\Users\asus\Documents\GitHub\Skillwill-Repository\venv\Lib\site-packages\django\contrib\admin\apps.py first seen with mtime 1730831500.9746346
DEBUG 2024-11-05 22:41:59,027 autoreload File C:\Users\asus\Documents\GitHub\Skillwill-Repository\venv\Lib\site-packages\django\db\models\options.py first seen with mtime 1730831502.7595358
DEBUG 2024-11-05 22:41:59,027 autoreload File C:\Users\asus\Documents\GitHub\Skillwill-Repository\venv\Lib\site-packages\django\utils\safestring.py first seen with mtime 1730831502.8978357
DEBUG 2024-11-05 22:41:59,027 autoreload File C:\Users\asus\AppData\Local\Programs\Python\Python312\Lib\multiprocessing\__init__.py first seen with mtime 1727741020.0
DEBUG 2024-11-05 22:41:59,027 autoreload File C:\Users\asus\Documents\GitHub\Skillwill-Repository\myproject\testapp\apps.py first seen with mtime 1730831707.052183
DEBUG 2024-11-05 22:41:59,027 autoreload File C:\Users\asus\Documents\GitHub\Skillwill-Repository\venv\Lib\site-packages\sqlparse\tokens.py first seen with mtime 1730831500.7046127
DEBUG 2024-11-05 22:41:59,027 autoreload File C:\Users\asus\AppData\Local\Programs\Python\Python312\Lib\asyncio\proactor_events.py first seen with mtime 1727741020.0
DEBUG 2024-11-05 22:41:59,035 autoreload File C:\Users\asus\AppData\Local\Programs\Python\Python312\Lib\opcode.py first seen with mtime 1727741020.0
DEBUG 2024-11-05 22:41:59,035 autoreload File C:\Users\asus\Documents\GitHub\Skillwill-Repository\venv\Lib\site-packages\django\http\response.py first seen with mtime 1730831502.840971
DEBUG 2024-11-05 22:41:59,035 autoreload File C:\Users\asus\AppData\Local\Programs\Python\Python312\Lib\hmac.py first seen with mtime 1727741020.0
DEBUG 2024-11-05 22:41:59,035 autoreload File C:\Users\asus\AppData\Local\Programs\Python\Python312\Lib\collections\abc.py first seen with mtime 1727741020.0
DEBUG 2024-11-05 22:41:59,035 autoreload File C:\Users\asus\Documents\GitHub\Skillwill-Repository\venv\Lib\site-packages\django\shortcuts.py first seen with mtime 1730831500.84398
DEBUG 2024-11-05 22:41:59,035 autoreload File C:\Users\asus\Documents\GitHub\Skillwill-Repository\venv\Lib\site-packages\sqlparse\__init__.py first seen with mtime 1730831500.7046127
DEBUG 2024-11-05 22:41:59,035 autoreload File C:\Users\asus\Documents\GitHub\Skillwill-Repository\venv\Lib\site-packages\django\template\loaders\base.py first seen with mtime 1730831502.857064
DEBUG 2024-11-05 22:41:59,035 autoreload File C:\Users\asus\Documents\GitHub\Skillwill-Repository\venv\Lib\site-packages\django\utils\translation\reloader.py first seen with mtime 1730831502.9060154
DEBUG 2024-11-05 22:41:59,035 autoreload File C:\Users\asus\Documents\GitHub\Skillwill-Repository\venv\Lib\site-packages\sqlparse\engine\grouping.py first seen with mtime 1730831500.7046127
DEBUG 2024-11-05 22:41:59,035 autoreload File C:\Users\asus\Documents\GitHub\Skillwill-Repository\venv\Lib\site-packages\django\contrib\admin\actions.py first seen with mtime 1730831500.9746346
DEBUG 2024-11-05 22:41:59,035 autoreload File C:\Users\asus\Documents\GitHub\Skillwill-Repository\venv\Lib\site-packages\django\db\backends\base\operations.py first seen with mtime 1730831502.71814
DEBUG 2024-11-05 22:41:59,035 autoreload File C:\Users\asus\Documents\GitHub\Skillwill-Repository\venv\Lib\site-packages\django\urls\__init__.py first seen with mtime 1730831502.8735144
DEBUG 2024-11-05 22:41:59,035 autoreload File C:\Users\asus\AppData\Local\Programs\Python\Python312\Lib\logging\config.py first seen with mtime 1727741020.0
DEBUG 2024-11-05 22:41:59,035 autoreload File C:\Users\asus\Documents\GitHub\Skillwill-Repository\venv\Lib\site-packages\django\core\checks\__init__.py first seen with mtime 1730831502.6693428
DEBUG 2024-11-05 22:41:59,035 autoreload File C:\Users\asus\Documents\GitHub\Skillwill-Repository\venv\Lib\site-packages\django\core\management\base.py first seen with mtime 1730831502.6939147
DEBUG 2024-11-05 22:41:59,035 autoreload File C:\Users\asus\AppData\Local\Programs\Python\Python312\Lib\ipaddress.py first seen with mtime 1727741020.0
DEBUG 2024-11-05 22:41:59,035 autoreload File C:\Users\asus\AppData\Local\Programs\Python\Python312\Lib\email\_policybase.py first seen with mtime 1727741020.0
DEBUG 2024-11-05 22:41:59,035 autoreload File C:\Users\asus\AppData\Local\Programs\Python\Python312\Lib\asyncio\transports.py first seen with mtime 1727741020.0
DEBUG 2024-11-05 22:41:59,035 autoreload File C:\Users\asus\AppData\Local\Programs\Python\Python312\Lib\multiprocessing\reduction.py first seen with mtime 1727741020.0
DEBUG 2024-11-05 22:41:59,035 autoreload File C:\Users\asus\Documents\GitHub\Skillwill-Repository\venv\Lib\site-packages\django\contrib\auth\admin.py first seen with mtime 1730831501.3027675
DEBUG 2024-11-05 22:41:59,035 autoreload File C:\Users\asus\AppData\Local\Programs\Python\Python312\DLLs\_ssl.pyd first seen with mtime 1727741072.0
DEBUG 2024-11-05 22:41:59,035 autoreload File C:\Users\asus\Documents\GitHub\Skillwill-Repository\venv\Lib\site-packages\django\views\generic\base.py first seen with mtime 1730831502.9142425
DEBUG 2024-11-05 22:41:59,035 autoreload File C:\Users\asus\AppData\Local\Programs\Python\Python312\Lib\ctypes\_endian.py first seen with mtime 1727741020.0
DEBUG 2024-11-05 22:41:59,035 autoreload File C:\Users\asus\Documents\GitHub\Skillwill-Repository\venv\Lib\site-packages\django\contrib\admin\templatetags\admin_modify.py first seen with mtime 1730831501.1962757
DEBUG 2024-11-05 22:41:59,035 autoreload File C:\Users\asus\AppData\Local\Programs\Python\Python312\Lib\bz2.py first seen with mtime 1727741020.0
DEBUG 2024-11-05 22:41:59,035 autoreload File C:\Users\asus\Documents\GitHub\Skillwill-Repository\venv\Lib\site-packages\django\core\cache\backends\locmem.py first seen with mtime 1730831502.6693428
DEBUG 2024-11-05 22:41:59,035 autoreload File C:\Users\asus\Documents\GitHub\Skillwill-Repository\venv\Lib\site-packages\django\utils\html.py first seen with mtime 1730831502.8898306
DEBUG 2024-11-05 22:41:59,043 autoreload File C:\Users\asus\AppData\Local\Programs\Python\Python312\Lib\importlib\_abc.py first seen with mtime 1727741020.0
DEBUG 2024-11-05 22:41:59,043 autoreload File C:\Users\asus\AppData\Local\Programs\Python\Python312\DLLs\_decimal.pyd first seen with mtime 1727741072.0
DEBUG 2024-11-05 22:41:59,043 autoreload File C:\Users\asus\AppData\Local\Programs\Python\Python312\Lib\asyncio\locks.py first seen with mtime 1727741020.0
DEBUG 2024-11-05 22:42:00,128 autoreload File C:\Users\asus\Documents\GitHub\Skillwill-Repository\venv\Lib\site-packages\django\contrib\sessions\backends\db.py first seen with mtime 1730831502.3254654
DEBUG 2024-11-05 22:42:00,128 autoreload File C:\Users\asus\Documents\GitHub\Skillwill-Repository\venv\Lib\site-packages\django\contrib\admin\migrations\0003_logentry_add_action_flag_choices.py first seen with mtime 1730831501.1387866
DEBUG 2024-11-05 22:42:00,128 autoreload File C:\Users\asus\Documents\GitHub\Skillwill-Repository\venv\Lib\site-packages\django\contrib\contenttypes\migrations\0002_remove_content_type_name.py first seen with mtime 1730831501.5395143
DEBUG 2024-11-05 22:42:00,128 autoreload File C:\Users\asus\Documents\GitHub\Skillwill-Repository\venv\Lib\site-packages\django\contrib\sessions\migrations\__init__.py first seen with mtime 1730831502.505714
DEBUG 2024-11-05 22:42:00,128 autoreload File C:\Users\asus\Documents\GitHub\Skillwill-Repository\venv\Lib\site-packages\django\contrib\auth\migrations\0008_alter_user_username_max_length.py first seen with mtime 1730831501.4176557
DEBUG 2024-11-05 22:42:00,128 autoreload File C:\Users\asus\Documents\GitHub\Skillwill-Repository\venv\Lib\site-packages\django\db\migrations\recorder.py first seen with mtime 1730831502.7430017
DEBUG 2024-11-05 22:42:00,128 autoreload File C:\Users\asus\Documents\GitHub\Skillwill-Repository\myproject\myproject\wsgi.py first seen with mtime 1730831271.3234713
DEBUG 2024-11-05 22:42:00,128 autoreload File C:\Users\asus\Documents\GitHub\Skillwill-Repository\venv\Lib\site-packages\django\contrib\auth\migrations\0007_alter_validators_add_error_messages.py first seen with mtime 1730831501.4176557
DEBUG 2024-11-05 22:42:00,128 autoreload File C:\Users\asus\Documents\GitHub\Skillwill-Repository\venv\Lib\site-packages\django\contrib\auth\migrations\0003_alter_user_email_max_length.py first seen with mtime 1730831501.4176557
DEBUG 2024-11-05 22:42:00,136 autoreload File C:\Users\asus\Documents\GitHub\Skillwill-Repository\venv\Lib\site-packages\django\contrib\contenttypes\migrations\0001_initial.py first seen with mtime 1730831501.5395143
DEBUG 2024-11-05 22:42:00,136 autoreload File C:\Users\asus\Documents\GitHub\Skillwill-Repository\venv\Lib\site-packages\django\contrib\auth\migrations\0005_alter_user_last_login_null.py first seen with mtime 1730831501.4176557
DEBUG 2024-11-05 22:42:00,136 autoreload File C:\Users\asus\Documents\GitHub\Skillwill-Repository\venv\Lib\site-packages\django\contrib\auth\migrations\0011_update_proxy_permissions.py first seen with mtime 1730831501.4260552
DEBUG 2024-11-05 22:42:00,136 autoreload File C:\Users\asus\Documents\GitHub\Skillwill-Repository\venv\Lib\site-packages\django\db\migrations\loader.py first seen with mtime 1730831502.7430017
DEBUG 2024-11-05 22:42:00,136 autoreload File C:\Users\asus\AppData\Local\Programs\Python\Python312\Lib\stringprep.py first seen with mtime 1727741020.0
DEBUG 2024-11-05 22:42:00,136 autoreload File C:\Users\asus\Documents\GitHub\Skillwill-Repository\venv\Lib\site-packages\django\contrib\admin\migrations\0001_initial.py first seen with mtime 1730831501.1383839
DEBUG 2024-11-05 22:42:00,136 autoreload File C:\Users\asus\Documents\GitHub\Skillwill-Repository\venv\Lib\site-packages\django\contrib\admin\migrations\__init__.py first seen with mtime 1730831501.1387866
DEBUG 2024-11-05 22:42:00,136 autoreload File C:\Users\asus\Documents\GitHub\Skillwill-Repository\venv\Lib\site-packages\django\contrib\auth\migrations\0002_alter_permission_name_max_length.py first seen with mtime 1730831501.4176557
DEBUG 2024-11-05 22:42:00,136 autoreload File C:\Users\asus\Documents\GitHub\Skillwill-Repository\venv\Lib\site-packages\django\contrib\auth\migrations\0004_alter_user_username_opts.py first seen with mtime 1730831501.4176557
DEBUG 2024-11-05 22:42:00,136 autoreload File C:\Users\asus\Documents\GitHub\Skillwill-Repository\venv\Lib\site-packages\django\contrib\auth\migrations\0012_alter_user_first_name_max_length.py first seen with mtime 1730831501.4260552
DEBUG 2024-11-05 22:42:00,144 autoreload File C:\Users\asus\Documents\GitHub\Skillwill-Repository\venv\Lib\site-packages\django\contrib\sessions\migrations\0001_initial.py first seen with mtime 1730831502.505714
DEBUG 2024-11-05 22:42:00,144 autoreload File C:\Users\asus\Documents\GitHub\Skillwill-Repository\myproject\testapp\migrations\__init__.py first seen with mtime 1730831707.0602791
DEBUG 2024-11-05 22:42:00,144 autoreload File C:\Users\asus\AppData\Local\Programs\Python\Python312\Lib\encodings\idna.py first seen with mtime 1727741020.0
DEBUG 2024-11-05 22:42:00,144 autoreload File C:\Users\asus\Documents\GitHub\Skillwill-Repository\venv\Lib\site-packages\django\contrib\contenttypes\migrations\__init__.py first seen with mtime 1730831501.5395143
DEBUG 2024-11-05 22:42:00,144 autoreload File C:\Users\asus\Documents\GitHub\Skillwill-Repository\venv\Lib\site-packages\django\contrib\auth\migrations\0009_alter_user_last_name_max_length.py first seen with mtime 1730831501.4176557
DEBUG 2024-11-05 22:42:00,144 autoreload File C:\Users\asus\Documents\GitHub\Skillwill-Repository\venv\Lib\site-packages\django\contrib\auth\migrations\__init__.py first seen with mtime 1730831501.4260552
DEBUG 2024-11-05 22:42:00,144 autoreload File C:\Users\asus\Documents\GitHub\Skillwill-Repository\venv\Lib\site-packages\django\contrib\auth\migrations\0006_require_contenttypes_0002.py first seen with mtime 1730831501.4176557
DEBUG 2024-11-05 22:42:00,144 autoreload File C:\Users\asus\Documents\GitHub\Skillwill-Repository\venv\Lib\site-packages\django\contrib\auth\migrations\0010_alter_group_name_max_length.py first seen with mtime 1730831501.4259593
DEBUG 2024-11-05 22:42:00,144 autoreload File C:\Users\asus\Documents\GitHub\Skillwill-Repository\venv\Lib\site-packages\django\contrib\auth\migrations\0001_initial.py first seen with mtime 1730831501.4176557
DEBUG 2024-11-05 22:42:00,144 autoreload File C:\Users\asus\Documents\GitHub\Skillwill-Repository\venv\Lib\site-packages\django\db\models\sql\compiler.py first seen with mtime 1730831502.7835422
DEBUG 2024-11-05 22:42:00,152 autoreload File C:\Users\asus\Documents\GitHub\Skillwill-Repository\venv\Lib\site-packages\django\db\migrations\graph.py first seen with mtime 1730831502.7430017
DEBUG 2024-11-05 22:42:00,152 autoreload File C:\Users\asus\Documents\GitHub\Skillwill-Repository\venv\Lib\site-packages\django\db\migrations\executor.py first seen with mtime 1730831502.7430017
DEBUG 2024-11-05 22:42:00,152 autoreload File C:\Users\asus\Documents\GitHub\Skillwill-Repository\venv\Lib\site-packages\django\contrib\admin\migrations\0002_logentry_remove_auto_add.py first seen with mtime 1730831501.1387866
